baseline_sentence_id,file,target_sentence,target_sentence_sha256,claim_type,evidence_required,classification_reason,source_verdict,review_status
SENT-0081,docs/1.RAGとは何か/1.7.RAG研究の流れ.md,FEVERによる根拠支持・反証・情報不足の評価,e0796911fd6c1d939a82a5920eb0a2a63ae1140f6487d88c2e2e9536ebd62b09,expository_or_structural,no,Wave 4二者レビューで表・索引・見出し等の非命題要素として確定,REMOVE_OR_REPLACE,FINAL_TWO_REVIEWER_APPROVED
SENT-0082,docs/1.RAGとは何か/1.7.RAG研究の流れ.md,ALCEによる引用評価,c772c8b03b8e04e23b5cac542ed571cf10771c5c99d92cc92c7d9d49d0b4e5b7,expository_or_structural,no,Wave 4二者レビューで表・索引・見出し等の非命題要素として確定,REMOVE_OR_REPLACE,FINAL_TWO_REVIEWER_APPROVED
SENT-0083,docs/1.RAGとは何か/1.7.RAG研究の流れ.md,本ガイドでは、本節で取り上げた研究結果を、すべてのデータや業務で同じ効果を保証する根拠として扱いません。,062e72edef294d40ec2473cdd7ee6f36532d22017b524854cdc99f05ad7f70d5,normative_design_statement,no,Wave 4二者レビューで本ガイドの規範として確定,APPROPRIATE_NORMATIVE,FINAL_TWO_REVIEWER_APPROVED
SENT-0089,docs/1.RAGとは何か/1.7.RAG研究の流れ.md,再現できる失敗に対して比較実験を行い、品質、応答時間、費用、安全性の総合結果で採否を決めます。,d92536c6965dae8bb44bffb9835322dadf59f15d647e7e6a05ab297bd8530c04,normative_design_statement,no,Wave 4二者レビューで本ガイドの規範として確定,APPROPRIATE_NORMATIVE,FINAL_TWO_REVIEWER_APPROVED
SENT-0327,docs/2.アーキテクチャ/2.1.RAGパイプライン全体像.md,検索前処理のうち、文書解析、分割、埋め込み、索引作成はBatch Layerで動き、質問理解と質問変換はReal-time Layerで動きます。,d58bf4a093739fc77481adf857ecce9145b752e7c1b65b73c8bb139517cceb39,normative_design_statement,no,Wave 4二者レビューで本ガイドの規範として確定,APPROPRIATE_NORMATIVE,FINAL_TWO_REVIEWER_APPROVED
SENT-0351,docs/2.アーキテクチャ/2.1.RAGパイプライン全体像.md,| 検索後処理 | Context compression | [第5章 5.4.](../5.根拠を選別・整形する/5.4.Context compression.md) |,19f373d154ee8aba1edf3665625df8ceaab2970ec07eb75f71e255247ff6706f,expository_or_structural,no,Wave 4二者レビューで表・索引・見出し等の非命題要素として確定,REMOVE_OR_REPLACE,FINAL_TWO_REVIEWER_APPROVED
SENT-0360,docs/2.アーキテクチャ/2.1.RAGパイプライン全体像.md,| 生成 | Citation | [第6章 6.4.](../6.根拠に基づいて回答する/6.4.Citation設計.md) |,0e0b8d16c0721881c66d6165756ebaffb0e3ffa22c03822bee2d727236bcee80,expository_or_structural,no,Wave 4二者レビューで表・索引・見出し等の非命題要素として確定,REMOVE_OR_REPLACE,FINAL_TWO_REVIEWER_APPROVED
SENT-0365,docs/2.アーキテクチャ/2.1.RAGパイプライン全体像.md,四工程を横断する評価は[第7章](../7.品質を評価し改善する/序文.md)、RAG固有の非機能と運用は[第8章](../8.安全に運用する/序文.md)で確認します。,5fcc92bcff8d1ea541f07a1b9088d6390d67cb99734b59fc353feb53090de2cc,normative_design_statement,no,Wave 4二者レビューで本ガイドの規範として確定,APPROPRIATE_NORMATIVE,FINAL_TWO_REVIEWER_APPROVED
SENT-0372,docs/2.アーキテクチャ/2.2.検索前処理の概要.md,各文書とチャンクには、出典、版、時点、分類、来歴、アクセス制御属性を付けます。,d41eeb309c1873c14af7925270d6908dc80389905ba186a432e900641e0f0af0,normative_design_statement,no,Wave 4二者レビューで本ガイドの規範として確定,APPROPRIATE_NORMATIVE,FINAL_TWO_REVIEWER_APPROVED
SENT-0389,docs/2.アーキテクチャ/2.3.検索の概要.md,本ガイドでは、Recall@kを、検索結果の上位k件までに質問へ答えるための正解根拠を回収できた割合として用います。,e2de4ba44853311aaa3588024c8a0671423935a61dd5c5b106c22d97cc0b0b3f,normative_design_statement,no,Wave 4二者レビューで本ガイドの規範として確定,APPROPRIATE_NORMATIVE,FINAL_TWO_REVIEWER_APPROVED
SENT-0390,docs/2.アーキテクチャ/2.3.検索の概要.md,指標の計算方法と、正解根拠が複数ある場合の扱いは[Retrieval評価](../7.品質を評価し改善する/7.4.Retrieval評価.md)で説明します。,c08149337ec7eb893e6eb61fed093de3225c88deee48189352d0b6afd67c4937,normative_design_statement,no,Wave 4二者レビューで本ガイドの規範として確定,APPROPRIATE_NORMATIVE,FINAL_TWO_REVIEWER_APPROVED
SENT-0396,docs/2.アーキテクチャ/2.4.検索後処理の概要.md,候補数が多い場合は再順位付けで質問への適合度を比較し、必要な文だけを抽出する場合は出典位置を保ったまま圧縮します。,b5d0625ed14e8b6fb8e430ec2ae554a9a304378a38fcb8242830bd9bc85fe9fa,normative_design_statement,no,Wave 4二者レビューで本ガイドの規範として確定,APPROPRIATE_NORMATIVE,FINAL_TWO_REVIEWER_APPROVED
SENT-0419,docs/2.アーキテクチャ/2.6.評価の概要.md,| Recall@k | 検索結果の上位k件までに、必要な正解根拠をどの程度回収できたか | [7.4. Retrieval評価](../7.品質を評価し改善する/7.4.Retrieval評価.md) |,54e4853f68e1642a7c1227e17b3c5fefb1ea4fe00f8669deaf6734fa9959b05d,expository_or_structural,no,Wave 4二者レビューで表・索引・見出し等の非命題要素として確定,REMOVE_OR_REPLACE,FINAL_TWO_REVIEWER_APPROVED
SENT-0420,docs/2.アーキテクチャ/2.6.評価の概要.md,| Evidence sufficiency | 選んだ根拠の集合だけで、質問へ答えるための情報が足りるか | [7.5. Post-retrieval・Evidence評価](../7.品質を評価し改善する/7.5.Post-retrieval・Evidence評価.md) |,a5b83a5857ef1809841f4de07afc387f756299e2d8f9866b894c150c0619010a,expository_or_structural,no,Wave 4二者レビューで表・索引・見出し等の非命題要素として確定,REMOVE_OR_REPLACE,FINAL_TWO_REVIEWER_APPROVED
SENT-0421,docs/2.アーキテクチャ/2.6.評価の概要.md,| Faithfulness | 回答中の検証可能な主張が、提示した根拠に支持されているか | [7.6. Generation評価](../7.品質を評価し改善する/7.6.Generation評価.md) |,24832bc4b3edb65ebbb3b5b0b32be43d3eac122e3732226c2a12f5d945bff673,expository_or_structural,no,Wave 4二者レビューで表・索引・見出し等の非命題要素として確定,REMOVE_OR_REPLACE,FINAL_TWO_REVIEWER_APPROVED
SENT-0422,docs/2.アーキテクチャ/2.6.評価の概要.md,| Citation correctness | 各引用が、対応する主張を実際に裏付けているか | [7.6. Generation評価](../7.品質を評価し改善する/7.6.Generation評価.md) |,8f01f046e15afb774798202f40baa4a95df78533dc8e1c6f82eea560ac3432ed,expository_or_structural,no,Wave 4二者レビューで表・索引・見出し等の非命題要素として確定,REMOVE_OR_REPLACE,FINAL_TWO_REVIEWER_APPROVED
SENT-0424,docs/2.アーキテクチャ/2.6.評価の概要.md,指標の定義と評価データの作り方は[品質を評価し改善する](../7.品質を評価し改善する/序文.md)で扱います。,bf7aea8ccf275218c8458903aac9997b25947fe17442cd9406da2786eab1f16d,normative_design_statement,no,Wave 4二者レビューで本ガイドの規範として確定,APPROPRIATE_NORMATIVE,FINAL_TWO_REVIEWER_APPROVED
SENT-0428,docs/2.アーキテクチャ/2.6.評価の概要.md,この対応により、公開判断、限定公開、切り戻し、次の改善対象を同じ証拠から決められます。,549c3dcd55cc48d0d225598a02114d13450ac6a261e0866039ec1e87be0e4889,normative_design_statement,no,Wave 4二者レビューで本ガイドの規範として確定,APPROPRIATE_NORMATIVE,FINAL_TWO_REVIEWER_APPROVED
SENT-0431,docs/2.アーキテクチャ/2.7.非機能と運用の概要.md,本節では、Recall@k、Evidence sufficiency、faithfulness、citation correctnessを、直前の[評価の概要](2.6.評価の概要.md)で定義した意味で用います。,006eb69631e2666600057ef7849fac555288891b35c516d84f77d6506ad56ebf,normative_design_statement,no,Wave 4二者レビューで本ガイドの規範として確定,APPROPRIATE_NORMATIVE,FINAL_TWO_REVIEWER_APPROVED
SENT-0434,docs/2.アーキテクチャ/2.7.非機能と運用の概要.md,取り込み時の検査、情報源の信頼区分、命令らしい記述の隔離、生成前のEvidence Set検査、生成後の主張とcitationの照合を組み合わせます。,f2fca5a103cd050bb3fde1d8fd0649ce7089b0fb28b26a8c369bf2c58c176d58,normative_design_statement,no,Wave 4二者レビューで本ガイドの規範として確定,APPROPRIATE_NORMATIVE,FINAL_TWO_REVIEWER_APPROVED
SENT-0441,docs/2.アーキテクチャ/2.7.非機能と運用の概要.md,権限を適用した検索を実行できること、質問を支持するEvidence Setを作れること、主張に対応するcitationを返せること、根拠不足時に回答を保留できることを含めて判定します。,ceaf349b231045eb151288d793beaa4a08992b09f6dd885c5e09965cc4f66d48,normative_design_statement,no,Wave 4二者レビューで本ガイドの規範として確定,APPROPRIATE_NORMATIVE,FINAL_TWO_REVIEWER_APPROVED
SENT-0444,docs/2.アーキテクチャ/2.7.非機能と運用の概要.md,運用指標には、zero-result率、権限filter前後の候補数、Recall、Evidence sufficiency、faithfulness、citation correctness、回答保留率を含めます。,f89288bd6ff35fbec3ac920758f902d806eb264f42525f6a2a2ee2f0fae6f2f2,normative_design_statement,no,Wave 4二者レビューで本ガイドの規範として確定,APPROPRIATE_NORMATIVE,FINAL_TWO_REVIEWER_APPROVED
SENT-0452,docs/2.アーキテクチャ/2.7.非機能と運用の概要.md,文書snapshot、chunking設定、embedding model、index版、検索設定、reranker、prompt、生成model、評価datasetを一つのRAG構成版として記録すると、回答とcitationを再現し、変更前の構成へ切り戻せます。,e0fab71aa2c53bbdbedaa4211748db5ae10ff71f2a2dfe27c0825df8dd2cbe0f,normative_design_statement,no,Wave 4二者レビューで本ガイドの規範として確定,APPROPRIATE_NORMATIVE,FINAL_TWO_REVIEWER_APPROVED
SENT-0453,docs/2.アーキテクチャ/2.7.非機能と運用の概要.md,新しい構成は、Prompt injection、data poisoning、権限漏えい、検索Recall、Evidence sufficiency、faithfulness、citation correctness、応答時間、費用の回帰試験を通過してから公開します。,4e262661c868d15c64e4bf7b33bddaea26f3a853d79549ed9e149f964c2a3a99,normative_design_statement,no,Wave 4二者レビューで本ガイドの規範として確定,APPROPRIATE_NORMATIVE,FINAL_TWO_REVIEWER_APPROVED
SENT-0454,docs/2.アーキテクチャ/2.7.非機能と運用の概要.md,本番traceでは、質問、適用した権限、取得chunk、順位変化、採用したEvidence、回答、citation、RAG構成版を対応付けます。,9803d06cc1b894e600528bbe0f2c7aa9a1f4acc0969e57a81b7945474775559e,normative_design_statement,no,Wave 4二者レビューで本ガイドの規範として確定,APPROPRIATE_NORMATIVE,FINAL_TWO_REVIEWER_APPROVED
SENT-0458,docs/2.アーキテクチャ/2.8.最初に作るAdvanced-RAG.md,Batch Layerは、範囲を定めた正本、再現可能な取り込み、構造を保つ解析と分割、出典・版・アクセス制御属性、疎検索と密検索の索引、公開前ゲートで構成します。,3dadd41fb2f146cea73919cbd38452d71534a306c6773cfc672f3fee82a9bd95,normative_design_statement,no,Wave 4二者レビューで本ガイドの規範として確定,APPROPRIATE_NORMATIVE,FINAL_TWO_REVIEWER_APPROVED
SENT-0530,docs/3.回答に使う資料を準備する/3.1.データソース棚卸し.md,障害情報は数分、規程は施行日前、研究資料は版更新後など、情報源ごとに許容遅延を定めます。,020dc5c08e8ff192e0bd0b0d982453155681da262eebdc069feb068264f2baa8,normative_design_statement,no,Wave 4二者レビューで本ガイドの規範として確定,APPROPRIATE_NORMATIVE,FINAL_TWO_REVIEWER_APPROVED
SENT-0572,docs/3.回答に使う資料を準備する/3.2.Ingestion設計.md,本ガイドでは、取り込み（ingestion）を、情報源から資料を取得し、検査、解析、分割、埋め込み、登録を経て検索可能なインデックスとして公開する処理と定義します。,c9dd394f3dc1062ed390971e00edf54f2fddce24bb9b311c82e4ce8a4a88c813,normative_design_statement,no,Wave 4二者レビューで本ガイドの規範として確定,APPROPRIATE_NORMATIVE,FINAL_TWO_REVIEWER_APPROVED
SENT-0575,docs/3.回答に使う資料を準備する/3.2.Ingestion設計.md,発見 → 取得 → 検査 → 解析 → 正規化 → 分割 → 埋め込み → 登録 → 検証 → 公開,36389a8ffc4ba94d065dbc44afcfc854bf4ab7b809f705c99917f801bb89df1e,expository_or_structural,no,Wave 4二者レビューで表・索引・見出し等の非命題要素として確定,REMOVE_OR_REPLACE,FINAL_TWO_REVIEWER_APPROVED
SENT-0594,docs/3.回答に使う資料を準備する/3.2.Ingestion設計.md,取得要求が成功しても正常取り込みとは判断せず、schema、record count、必須metadata、本文非空、重複率を検査します。,8aff3481b7873f1d613fc69988bc0b419ad6d8835b94508ad60b7760b7b1f7c4,normative_design_statement,no,Wave 4二者レビューで本ガイドの規範として確定,APPROPRIATE_NORMATIVE,FINAL_TWO_REVIEWER_APPROVED
SENT-0608,docs/3.回答に使う資料を準備する/3.2.Ingestion設計.md,解析器や埋め込みモデルを比較するときは、同じスナップショットを入力し、出力差の原因を処理変更に結び付けられるようにします。,9f4665d5b7b932c74a98d3a5475ccc3c4dcca1d0f8409296d0e6ac3900dd834d,normative_design_statement,no,Wave 4二者レビューで本ガイドの規範として確定,APPROPRIATE_NORMATIVE,FINAL_TWO_REVIEWER_APPROVED
SENT-0615,docs/3.回答に使う資料を準備する/3.2.Ingestion設計.md,同じキーを再処理しても、チャンクやベクトルを二重登録しないようにします。,725ea972b23796faf62545e75cc2b728613aa6a37fad58a56d519a2ac187dc2e,normative_design_statement,no,Wave 4二者レビューで本ガイドの規範として確定,APPROPRIATE_NORMATIVE,FINAL_TWO_REVIEWER_APPROVED
SENT-0629,docs/3.回答に使う資料を準備する/3.2.Ingestion設計.md,| 解析器 | 解析、分割、埋め込み、インデックス |,84176e66b38fb84a53fcacbfe99c02a1daec88e00dfe1d340eccc94ef9b671fd,expository_or_structural,no,Wave 4二者レビューで表・索引・見出し等の非命題要素として確定,REMOVE_OR_REPLACE,FINAL_TWO_REVIEWER_APPROVED
SENT-0630,docs/3.回答に使う資料を準備する/3.2.Ingestion設計.md,| 分割方法 | チャンクID、埋め込み、インデックス |,c128b0b86d9e915189347d0bf84e6396edf168dd97c36f4466123dfdc5d80a70,expository_or_structural,no,Wave 4二者レビューで表・索引・見出し等の非命題要素として確定,REMOVE_OR_REPLACE,FINAL_TWO_REVIEWER_APPROVED
SENT-0631,docs/3.回答に使う資料を準備する/3.2.Ingestion設計.md,| 埋め込みモデル | ベクトル生成とベクトルインデックス |,626203e2823daadd70f788bf3e71a5be5cc638618d69e2614e6c95e1006025bf,expository_or_structural,no,Wave 4二者レビューで表・索引・見出し等の非命題要素として確定,REMOVE_OR_REPLACE,FINAL_TWO_REVIEWER_APPROVED
SENT-0674,docs/3.回答に使う資料を準備する/3.2.Ingestion設計.md,解析、分割、埋め込みの変更による品質差を、利用者へ影響を与える前に確認し、安全に戻すための仕組みです。,68b6172a6a9ad7d4933f43e8aaaee3242d036b99cc814fe64a80ec66e637a38b,normative_design_statement,no,Wave 4二者レビューで本ガイドの規範として確定,APPROPRIATE_NORMATIVE,FINAL_TWO_REVIEWER_APPROVED
SENT-0700,docs/3.回答に使う資料を準備する/3.3.文書解析と正規化.md,学術論文だけで評価した解析器が、帳票や規程でも同じ性能を持つとは限りません。,7375bf280017095a8d6024079f0bbaa074d16628fd0815803682c597849feec8,normative_design_statement,no,Wave 4二者レビューで本ガイドの規範として確定,APPROPRIATE_NORMATIVE,FINAL_TWO_REVIEWER_APPROVED
SENT-0772,docs/3.回答に使う資料を準備する/3.3.文書解析と正規化.md,解析器の更新ごとに差分を保存し、改善した文書と悪化した文書を確認します。,810d75cde596a8fe8a40926273074c5f8f3a744834a421070f7c8b60f9871984,normative_design_statement,no,Wave 4二者レビューで本ガイドの規範として確定,APPROPRIATE_NORMATIVE,FINAL_TWO_REVIEWER_APPROVED
SENT-0777,docs/3.回答に使う資料を準備する/3.3.文書解析と正規化.md,再解析でブロックが変わった場合に、影響するチャンク、埋め込み、引用を特定できる依存関係を持ちます。,301e656cb6b9d022e4f1568587808bcfe586023153ed53db6035d1d08ed8b162,normative_design_statement,no,Wave 4二者レビューで本ガイドの規範として確定,APPROPRIATE_NORMATIVE,FINAL_TWO_REVIEWER_APPROVED
SENT-0779,docs/3.回答に使う資料を準備する/3.3.文書解析と正規化.md,チャンクから原ページへ戻れない場合は、インデックス公開前に止めます。,0bcdcfdbd8bb390ab8efeeac4834908eded02ff244c51d251f3e9c3fff83df5e,normative_design_statement,no,Wave 4二者レビューで本ガイドの規範として確定,APPROPRIATE_NORMATIVE,FINAL_TWO_REVIEWER_APPROVED
SENT-0780,docs/3.回答に使う資料を準備する/3.4.Chunking設計.md,本ガイドでは、チャンキングを、検索器が比較する知識の単位、LLMへ渡す文脈、利用者へ示す引用範囲を設計する処理と定義します。,b11f0ca6f07b839e24b5193a0987fc0a052a703f2de4e49ff4e837333b9df820,normative_design_statement,no,Wave 4二者レビューで本ガイドの規範として確定,APPROPRIATE_NORMATIVE,FINAL_TWO_REVIEWER_APPROVED
SENT-0802,docs/3.回答に使う資料を準備する/3.4.Chunking設計.md,節が長い場合は、節見出しを各子チャンクの本文またはメタデータへ継承します。,8b3ff6ef1bd420757cb4fc986846b54417bdc9e873cba186bb253ee56cf76812,normative_design_statement,no,Wave 4二者レビューで本ガイドの規範として確定,APPROPRIATE_NORMATIVE,FINAL_TWO_REVIEWER_APPROVED
SENT-0807,docs/3.回答に使う資料を準備する/3.4.Chunking設計.md,検索改善を評価するときは、解析品質と分割品質を区別します。,614071c29652859b18f37b7af5c8dffc7a7f4ff448cb7bd94050f0baf59e50b1,normative_design_statement,no,Wave 4二者レビューで本ガイドの規範として確定,APPROPRIATE_NORMATIVE,FINAL_TWO_REVIEWER_APPROVED
SENT-0817,docs/3.回答に使う資料を準備する/3.4.Chunking設計.md,左列で文書形式を選び、中央の要素が同じチャンクまたは親子関係に残っているかを確認し、右列の失敗を試験します。,9e9412430968a147561144525d91c85127939d82ea182fddcfc2278f1a5915e4,normative_design_statement,no,Wave 4二者レビューで本ガイドの規範として確定,APPROPRIATE_NORMATIVE,FINAL_TWO_REVIEWER_APPROVED
SENT-0825,docs/3.回答に使う資料を準備する/3.4.Chunking設計.md,| チケット | 件名、本文、解決策、状態 | 未解決の提案を解決策と誤認します |,0ebe39ce4445070e5c9aff430134e56d0d1d79c7f03f4f92904623e896bc5bbc,expository_or_structural,no,Wave 4二者レビューで表・索引・見出し等の非命題要素として確定,REMOVE_OR_REPLACE,FINAL_TWO_REVIEWER_APPROVED
SENT-0834,docs/3.回答に使う資料を準備する/3.4.Chunking設計.md,生成した命題は原文の代替にせず、元の文と親チャンクへ必ず結び付けます。,d6d0138eae900c4954b9db25df1be4b2276fec32861e4ce4828bbe99b68fa719,normative_design_statement,no,Wave 4二者レビューで本ガイドの規範として確定,APPROPRIATE_NORMATIVE,FINAL_TWO_REVIEWER_APPROVED
SENT-0855,docs/3.回答に使う資料を準備する/3.4.Chunking設計.md,代名詞や節間参照を含む質問群で、通常のチャンク埋め込みと比較してから導入します。,8734891d70737cc0731209afc186a415ceee894192ff5619b67dcb9c08511d97,normative_design_statement,no,Wave 4二者レビューで本ガイドの規範として確定,APPROPRIATE_NORMATIVE,FINAL_TWO_REVIEWER_APPROVED
SENT-0856,docs/3.回答に使う資料を準備する/3.4.Chunking設計.md,本ガイドでは、各chunkに、再構築後もsource documentと原文範囲を追跡できるstable IDを付与します。,14fcbccd9d86b5772c9503a14d914175def84fe644b594dc4ec55c1d4a7340c7,normative_design_statement,no,Wave 4二者レビューで本ガイドの規範として確定,APPROPRIATE_NORMATIVE,FINAL_TWO_REVIEWER_APPROVED
SENT-0873,docs/3.回答に使う資料を準備する/3.4.Chunking設計.md,このため、検索だけを改善しても、LLMへ渡す単位が大きすぎれば最終回答が改善するとは限りません。,1923640147197342cbfbfb8c0e5d0f62e20365074faab9ecfcb0aca296c24c08,normative_design_statement,no,Wave 4二者レビューで本ガイドの規範として確定,APPROPRIATE_NORMATIVE,FINAL_TWO_REVIEWER_APPROVED
SENT-0884,docs/3.回答に使う資料を準備する/3.4.Chunking設計.md,チャンクから元ページと引用範囲へ戻れない状態を、公開を止める失敗条件として扱います。,053e2b5d87ccc147b88ef471f0f067ad090b47baf61c977d0b437f23c0321af9,normative_design_statement,no,Wave 4二者レビューで本ガイドの規範として確定,APPROPRIATE_NORMATIVE,FINAL_TWO_REVIEWER_APPROVED
SENT-0908,docs/3.回答に使う資料を準備する/3.5.Metadata・Provenance・ACL設計.md,一つの値だけを主キーにせず、情報源、文書、文書版、チャンクを別々に識別します。,bbafd5158c6ee4f6fadfe86f7e607361d7d0c0208f94c23e17ccc6addbcfeb2e,normative_design_statement,no,Wave 4二者レビューで本ガイドの規範として確定,APPROPRIATE_NORMATIVE,FINAL_TWO_REVIEWER_APPROVED
SENT-0971,docs/3.回答に使う資料を準備する/3.5.Metadata・Provenance・ACL設計.md,文書から生成したチャンク件数とACL件数を照合します。,1de6269474ef4a41607b840cb13e2a9df756f7f08c26cc8732629b82bfaa67c1,normative_design_statement,no,Wave 4二者レビューで本ガイドの規範として確定,APPROPRIATE_NORMATIVE,FINAL_TWO_REVIEWER_APPROVED
SENT-0981,docs/3.回答に使う資料を準備する/3.5.Metadata・Provenance・ACL設計.md,フィルターによってANN再現率が低下してもACLを緩めず、候補数の拡大、条件対応の検索、テナント別分割など、検索側で対処します。,f5f7515e7ebb569805995d2ef4d4494cac48e7ba90473a5c74491d1ed8428ec5,normative_design_statement,no,Wave 4二者レビューで本ガイドの規範として確定,APPROPRIATE_NORMATIVE,FINAL_TWO_REVIEWER_APPROVED
SENT-0990,docs/3.回答に使う資料を準備する/3.5.Metadata・Provenance・ACL設計.md,メタデータスキーマへ版を付け、旧チャンクの移行方法を定めます。,725ba74deb8476512cc5926af18cd8b690cb256ed99175f54b490b4092be05e1,normative_design_statement,no,Wave 4二者レビューで本ガイドの規範として確定,APPROPRIATE_NORMATIVE,FINAL_TWO_REVIEWER_APPROVED
SENT-1020,docs/3.回答に使う資料を準備する/3.6.Embedding設計.md,本ガイドでは、埋め込み（embedding）を、テキストを固定長の数値ベクトルへ写す処理として扱います。,aacba9fae5d9787d6710bce6fefad361cbabfd53fd5d6dada2871c15af44df4c,normative_design_statement,no,Wave 4二者レビューで本ガイドの規範として確定,APPROPRIATE_NORMATIVE,FINAL_TWO_REVIEWER_APPROVED
SENT-1025,docs/3.回答に使う資料を準備する/3.6.Embedding設計.md,本ガイドでは、ベクトルの近さを、学習済み表現上の類似度を表す値として用い、文章の真偽や情報源の信頼度とは区別します。,b489cc7dfecdc076a9efd9c3786372a1edfa21dcb3bdf2f10209dee7bc169efe,normative_design_statement,no,Wave 4二者レビューで本ガイドの規範として確定,APPROPRIATE_NORMATIVE,FINAL_TWO_REVIEWER_APPROVED
SENT-1028,docs/3.回答に使う資料を準備する/3.6.Embedding設計.md,図3-3は、左側で文章をベクトルへ変換し、右側で質問に近い文書を候補として選ぶ流れとして読みます。,004b66a41336aecdd79b3e953d1d3b2376503b919a688218b14051817f797e06,normative_design_statement,no,Wave 4二者レビューで本ガイドの規範として確定,APPROPRIATE_NORMATIVE,FINAL_TWO_REVIEWER_APPROVED
SENT-1031,docs/3.回答に使う資料を準備する/3.6.Embedding設計.md,本ガイドでは、埋め込みで文章をベクトル空間へ写し、ベクトル間の距離を近さの指標として用います。,63442c9de967d34d0e8e8305150b23f48609e0ca1780540c8afe39db714916e5,normative_design_statement,no,Wave 4二者レビューで本ガイドの規範として確定,APPROPRIATE_NORMATIVE,FINAL_TWO_REVIEWER_APPROVED
SENT-1040,docs/3.回答に使う資料を準備する/3.6.Embedding設計.md,二塔型を第一段階の候補収集へ使い、クロスエンコーダーを少数候補の再順位付けへ使う役割分担が可能です。,5e3fffb928327c061a1b19302bcb2151cc3279f4a9ef5b95a7f5d023e0ef2aa1,normative_design_statement,no,Wave 4二者レビューで本ガイドの規範として確定,APPROPRIATE_NORMATIVE,FINAL_TWO_REVIEWER_APPROVED
SENT-1064,docs/3.回答に使う資料を準備する/3.6.Embedding設計.md,タスクによってモデルの順位が変わるため、一般ベンチマークは候補を絞るために利用します。,094b9648e61cb4a69eda65d5b53e6a9cc9c79d70a7e505221e76ae912ee59a83,normative_design_statement,no,Wave 4二者レビューで本ガイドの規範として確定,APPROPRIATE_NORMATIVE,FINAL_TWO_REVIEWER_APPROVED
SENT-1088,docs/3.回答に使う資料を準備する/3.6.Embedding設計.md,チャンキングと埋め込みモデルは同じ実験で同時に変更せず、一方を固定して改善原因を比較します。,0453b595ad4509e6902247d73e07be791dc793bb22469e9db8154a31172b2eea,normative_design_statement,no,Wave 4二者レビューで本ガイドの規範として確定,APPROPRIATE_NORMATIVE,FINAL_TWO_REVIEWER_APPROVED
SENT-1101,docs/3.回答に使う資料を準備する/3.6.Embedding設計.md,内容ハッシュと埋め込みモデル版をキャッシュキーにすると、変更していないチャンクの再計算を避けられます。,ee361f625539e065df192b3448d43b94bdaf43564ec73ff3eb778435e76b5715,normative_design_statement,no,Wave 4二者レビューで本ガイドの規範として確定,APPROPRIATE_NORMATIVE,FINAL_TWO_REVIEWER_APPROVED
SENT-1102,docs/3.回答に使う資料を準備する/3.6.Embedding設計.md,チャンク本文が同じでも、モデル、前処理、質問・文書接頭辞、正規化が変わればキャッシュを再利用しません。,d906dc6a21b3b6f45cabe4c9974816ebcbcb5d43aa5d93e3b81816f676637ab4,normative_design_statement,no,Wave 4二者レビューで本ガイドの規範として確定,APPROPRIATE_NORMATIVE,FINAL_TWO_REVIEWER_APPROVED
SENT-1105,docs/3.回答に使う資料を準備する/3.6.Embedding設計.md,埋め込みサービスのレート制限に合わせてキューと再試行を制御し、オンライン検索の容量を使い切らないようにします。,0aee535288aa7b3d1fc1bd78204ac1b57700ba6405ef433567d407c51fb57851,normative_design_statement,no,Wave 4二者レビューで本ガイドの規範として確定,APPROPRIATE_NORMATIVE,FINAL_TWO_REVIEWER_APPROVED
SENT-1107,docs/3.回答に使う資料を準備する/3.6.Embedding設計.md,埋め込みの版には、モデルID、改訂番号（リビジョン）、次元数、正規化、距離尺度、質問・文書用の接頭辞、トークナイザーを含めます。,16c2c640ff00916dfcb94bc361592a1388769f211e5ee6cced9189f01a195d64,normative_design_statement,no,Wave 4二者レビューで本ガイドの規範として確定,APPROPRIATE_NORMATIVE,FINAL_TWO_REVIEWER_APPROVED
SENT-1111,docs/3.回答に使う資料を準備する/3.6.Embedding設計.md,旧ベクトルと新質問を比較しても、距離の意味は保証されません。,e3287fe606b8be59f1199ab8a42f44fa14447b30723ef634ac2a30e5048dd4ce,normative_design_statement,no,Wave 4二者レビューで本ガイドの規範として確定,APPROPRIATE_NORMATIVE,FINAL_TWO_REVIEWER_APPROVED
SENT-1148,docs/3.回答に使う資料を準備する/3.7.Index構築とライフサイクル.md,IVF（Inverted File Index、転置ファイル索引）は、ベクトルを粗い中心へ割り当て、質問時に近い領域だけを探索します。,5cc8646d5e99672218bbac6006b7d1652985f2f548eff67d7882cc9ce1142a75,normative_design_statement,no,Wave 4二者レビューで本ガイドの規範として確定,APPROPRIATE_NORMATIVE,FINAL_TWO_REVIEWER_APPROVED
SENT-1163,docs/3.回答に使う資料を準備する/3.7.Index構築とライフサイクル.md,頻度は低いものの規模が大きい検索では、全vectorを高価なmemoryへ常駐させないindex方式を候補にします。,a1a61a0de94f0a99268eef58571dc63344fa5986a3600ccb58e838cbb9caf347,normative_design_statement,no,Wave 4二者レビューで本ガイドの規範として確定,APPROPRIATE_NORMATIVE,FINAL_TWO_REVIEWER_APPROVED
SENT-1164,docs/3.回答に使う資料を準備する/3.7.Index構築とライフサイクル.md,ANN方式は公開ベンチマークの順位だけで選ばず、対象データのRecall、p95 latency、構築時間、保存容量で比較します。,580517aac50f461f418f615485d98099dad6fe0dc742e1e0481831a5e2d40d24,normative_design_statement,no,Wave 4二者レビューで本ガイドの規範として確定,APPROPRIATE_NORMATIVE,FINAL_TWO_REVIEWER_APPROVED
SENT-1167,docs/3.回答に使う資料を準備する/3.7.Index構築とライフサイクル.md,インデックススキーマには、ベクトル次元数、距離尺度、正規化、本文項目、見出し、ACL、絞り込みに使えるメタデータを定義します。,72e68e2395fccd0e06bc1dbc1a3e02d4641844a949eaf9c4d4921120701d7c2a,normative_design_statement,no,Wave 4二者レビューで本ガイドの規範として確定,APPROPRIATE_NORMATIVE,FINAL_TWO_REVIEWER_APPROVED
SENT-1179,docs/3.回答に使う資料を準備する/3.7.Index構築とライフサイクル.md,解析器、分割器、埋め込みモデルの版,2e5401ec3bf43413065604bad57ef77e29f3bb238ce75826d0c834c0bc55e120,expository_or_structural,no,Wave 4二者レビューで表・索引・見出し等の非命題要素として確定,REMOVE_OR_REPLACE,FINAL_TWO_REVIEWER_APPROVED
SENT-1182,docs/3.回答に使う資料を準備する/3.7.Index構築とライフサイクル.md,文書、チャンク、ベクトル、登録済み件数,29a5e67e979faa21b39403699327d92000e9256ff3fd534df7b0063daf5b2dc5,expository_or_structural,no,Wave 4二者レビューで表・索引・見出し等の非命題要素として確定,REMOVE_OR_REPLACE,FINAL_TWO_REVIEWER_APPROVED
SENT-1184,docs/3.回答に使う資料を準備する/3.7.Index構築とライフサイクル.md,文書、チャンク、ベクトル、インデックス登録件数の差を説明できる必要があります。,a4e08a258fc8dd369b5d27457871f273c18b891e1a4e912bba363adb2f8f84fe,normative_design_statement,no,Wave 4二者レビューで本ガイドの規範として確定,APPROPRIATE_NORMATIVE,FINAL_TWO_REVIEWER_APPROVED
SENT-1212,docs/3.回答に使う資料を準備する/3.7.Index構築とライフサイクル.md,候補を統合する必要がある場合は、対応する検索器と統合規則を版管理します。,522f94f008f7f22004333327f24a9ba86d5bb8c7e2db29c9255801396dd5e033,normative_design_statement,no,Wave 4二者レビューで本ガイドの規範として確定,APPROPRIATE_NORMATIVE,FINAL_TWO_REVIEWER_APPROVED
SENT-1223,docs/3.回答に使う資料を準備する/3.7.Index構築とライフサイクル.md,本書では、ベクトル本体の概算容量を N × d × b で計算し、Nをベクトル件数、dを次元数、bを1要素当たりのbyte数とします。,71bb6175019990ffc35f42aece522f7c60b8e86d8000c00b1ddfedaf040b9b90,normative_design_statement,no,Wave 4二者レビューで本ガイドの規範として確定,APPROPRIATE_NORMATIVE,FINAL_TWO_REVIEWER_APPROVED
SENT-1232,docs/3.回答に使う資料を準備する/3.7.Index構築とライフサイクル.md,公開値をそのまま採用せず、対象の計算機、ベクトル、絞り込み条件で再測定します。,3a7f53d7ef1add7ebd0b736344b56c8b46ff23919a2aaad47541f6fd1088a7e1,normative_design_statement,no,Wave 4二者レビューで本ガイドの規範として確定,APPROPRIATE_NORMATIVE,FINAL_TWO_REVIEWER_APPROVED
SENT-1317,docs/4.質問に合う根拠を探す/4.1.Query理解と検索計画.md,| 識別子 | 「ERR-504の原因」 | 完全一致、疎検索 |,574e7de0af46b660cc23ee948ed2696b22039d2034584b993a8b5d5c97a9254d,expository_or_structural,no,Wave 4二者レビューで表・索引・見出し等の非命題要素として確定,REMOVE_OR_REPLACE,FINAL_TWO_REVIEWER_APPROVED
SENT-1318,docs/4.質問に合う根拠を探す/4.1.Query理解と検索計画.md,| 意味・説明 | 「起動できないときの対処」 | 密検索、ハイブリッド検索 |,e7ab98952f0c48b921ad1893b0abbfdb291440311438fb519c3477fd1763dddb,expository_or_structural,no,Wave 4二者レビューで表・索引・見出し等の非命題要素として確定,REMOVE_OR_REPLACE,FINAL_TWO_REVIEWER_APPROVED
SENT-1330,docs/4.質問に合う根拠を探す/4.1.Query理解と検索計画.md,利用者が明示した条件と、モデルが推定した条件を分けます。,cd5d9f2408366ca1b56c8c18a2900cb27785001724252b58eff56a28cad25731,normative_design_statement,no,Wave 4二者レビューで本ガイドの規範として確定,APPROPRIATE_NORMATIVE,FINAL_TWO_REVIEWER_APPROVED
SENT-1342,docs/4.質問に合う根拠を探す/4.1.Query理解と検索計画.md,識別子は疎検索、言い換えは密検索、両方が混在する質問はハイブリッド検索、集計はSQL（Structured Query Language、構造化問い合わせ言語）によるデータベース問い合わせ、関係探索は知識グラフが候補です。,85edc7f9076613f3ffa1edec8c134bbba1d84f6169ed17204f475b714c4e948a,normative_design_statement,no,Wave 4二者レビューで本ガイドの規範として確定,APPROPRIATE_NORMATIVE,FINAL_TWO_REVIEWER_APPROVED
SENT-1382,docs/4.質問に合う根拠を探す/4.2.Query変換.md,改善が確認できない質問種類には変換を適用しません。,203d0c9612f75f8618c0ab0bd174c42395e72efd48fc2358b7be780b6c57d70b,normative_design_statement,no,Wave 4二者レビューで本ガイドの規範として確定,APPROPRIATE_NORMATIVE,FINAL_TWO_REVIEWER_APPROVED
SENT-1404,docs/4.質問に合う根拠を探す/4.2.Query変換.md,最初は生成する検索文を2〜5件程度にするなど、明示した上限から評価します。,51a75227b4a1ea820bc137c4d9f5f878db76d7eb67f15e500c16ba2182be485f,normative_design_statement,no,Wave 4二者レビューで本ガイドの規範として確定,APPROPRIATE_NORMATIVE,FINAL_TWO_REVIEWER_APPROVED
SENT-1414,docs/4.質問に合う根拠を探す/4.2.Query変換.md,同じ文書・チャンクを安定IDでまとめ、どの検索文が候補へ寄与したかを保持します。,27f2538b22d14d8790bfc23bb32a9072d18bb1a094311ea34fec6b9d79ad674c,normative_design_statement,no,Wave 4二者レビューで本ガイドの規範として確定,APPROPRIATE_NORMATIVE,FINAL_TWO_REVIEWER_APPROVED
SENT-1421,docs/4.質問に合う根拠を探す/4.2.Query変換.md,結果はモデル、生成設定、データセットに依存するため、対象業務で再評価します。,324e3d29e2d63aa49576eaee6b7fa7c789aa5c42ec68966056a4b792cc17fb22,normative_design_statement,no,Wave 4二者レビューで本ガイドの規範として確定,APPROPRIATE_NORMATIVE,FINAL_TWO_REVIEWER_APPROVED
SENT-1431,docs/4.質問に合う根拠を探す/4.2.Query変換.md,元質問のベクトルによる検索を残し、HyDEの結果と和集合または順位統合します。,3ec195fe0d21c910c86cb5af0aa1216b845baabaec87e3796a1a9678b25da345,normative_design_statement,no,Wave 4二者レビューで本ガイドの規範として確定,APPROPRIATE_NORMATIVE,FINAL_TWO_REVIEWER_APPROVED
SENT-1432,docs/4.質問に合う根拠を探す/4.2.Query変換.md,型番、条文番号、否定条件は疎検索とメタデータフィルターで保持します。,19301558c843d5ec7dc4cc1bee4e47ab17f63f882841b6b379a86e84ecf66867,normative_design_statement,no,Wave 4二者レビューで本ガイドの規範として確定,APPROPRIATE_NORMATIVE,FINAL_TWO_REVIEWER_APPROVED
SENT-1449,docs/4.質問に合う根拠を探す/4.2.Query変換.md,単純な一回検索で答えられる質問をこの経路へ送らず、追加段階による改善と費用を測ります。,6bf156e4ce816ec51bd24f405be7cc0dbc522d41ead3c4bf78bf378fb4191590,normative_design_statement,no,Wave 4二者レビューで本ガイドの規範として確定,APPROPRIATE_NORMATIVE,FINAL_TWO_REVIEWER_APPROVED
SENT-1460,docs/4.質問に合う根拠を探す/4.2.Query変換.md,必要根拠の回収率の改善は、利用者の意図や権限の逸脱を正当化しません。,89156c68a7c5431287a52b3be31c5a1c5e1d2bd37254cdd933d4e9ed68167daf,normative_design_statement,no,Wave 4二者レビューで本ガイドの規範として確定,APPROPRIATE_NORMATIVE,FINAL_TWO_REVIEWER_APPROVED
SENT-1471,docs/4.質問に合う根拠を探す/4.3.Sparse retrieval.md,最初にBM25を再現可能な基準として固定し、密検索やハイブリッド検索による増分を質問の種類別に測ります。,71c475869bdc9da617636144c06fb26cdf92a9954ab21af4a51085d899e55812,normative_design_statement,no,Wave 4二者レビューで本ガイドの規範として確定,APPROPRIATE_NORMATIVE,FINAL_TWO_REVIEWER_APPROVED
SENT-1478,docs/4.質問に合う根拠を探す/4.3.Sparse retrieval.md,追加、更新、削除、版切り替えを転置インデックスへ反映します。,f757369a55d06be0f8da804fecea5ccc2f5f17c8c1313d62146d60089ea62d2e,normative_design_statement,no,Wave 4二者レビューで本ガイドの規範として確定,APPROPRIATE_NORMATIVE,FINAL_TWO_REVIEWER_APPROVED
SENT-1493,docs/4.質問に合う根拠を探す/4.3.Sparse retrieval.md,評価対象は1980年代の比較的小さな英語文書集合であるため、現在の日本語業務データではBM25などを含む基準を改めて測ります。,501a575b34236a2603d5c11da9d53413715db09b1c39b4ee3d4ea08e937e451e,normative_design_statement,no,Wave 4二者レビューで本ガイドの規範として確定,APPROPRIATE_NORMATIVE,FINAL_TWO_REVIEWER_APPROVED
SENT-1534,docs/4.質問に合う根拠を探す/4.3.Sparse retrieval.md,原文だけのBM25と同じ評価質問で比較し、必要根拠の回収率と不要な候補の差を確認します。,21d3ff812c2c307ff1e60fdb3dfe25d5ab18968db1c93298239f7d1665dfc38c,normative_design_statement,no,Wave 4二者レビューで本ガイドの規範として確定,APPROPRIATE_NORMATIVE,FINAL_TWO_REVIEWER_APPROVED
SENT-1545,docs/4.質問に合う根拠を探す/4.3.Sparse retrieval.md,BM25を置き換える前提にせず、追加の検索器として検索表現に含める語の少なさ、検索品質、応答時間、追加学習していない分野での性能を比較します。,a384500ff3f4402886bf7b8681e202e380ba5c59744b450e4d1650dff5b81cfd,normative_design_statement,no,Wave 4二者レビューで本ガイドの規範として確定,APPROPRIATE_NORMATIVE,FINAL_TWO_REVIEWER_APPROVED
SENT-1549,docs/4.質問に合う根拠を探す/4.4.Dense retrieval.md,密検索は、学習済みの意味空間で質問と文書を比較し、語の一致だけでは取得できない候補を探します。,de813d6e24d05a5689525ba299b752e7836050f91839a22b203aff821a486345,normative_design_statement,no,Wave 4二者レビューで本ガイドの規範として確定,APPROPRIATE_NORMATIVE,FINAL_TWO_REVIEWER_APPROVED
SENT-1554,docs/4.質問に合う根拠を探す/4.4.Dense retrieval.md,結果は学習データと評価条件に依存し、すべての業務で疎検索を上回ることを意味しません。,2eb307ef4f4e7eca93341f2e3c9c9dd2316acbaaffbbc1bf2a8f2b62b9a4cc0a,normative_design_statement,no,Wave 4二者レビューで本ガイドの規範として確定,APPROPRIATE_NORMATIVE,FINAL_TWO_REVIEWER_APPROVED
SENT-1555,docs/4.質問に合う根拠を探す/4.4.Dense retrieval.md,ベクトルの類似度は、文章の真偽、情報源の信頼度、文書の鮮度、利用者の権限を表しません。,9d2265c04a8699c5640233bd43e8b403da88ac3482bc4bd634f8fba862ab9265,normative_design_statement,no,Wave 4二者レビューで本ガイドの規範として確定,APPROPRIATE_NORMATIVE,FINAL_TWO_REVIEWER_APPROVED
SENT-1564,docs/4.質問に合う根拠を探す/4.4.Dense retrieval.md,本ガイドでは、図4-5を「上段の質問と下段の各文書を別々の符号化器でベクトルへ変換し、中央右の類似度で比べる流れ」として用います。,2df5e4d00e31acd87efc1bf05503ee2280f4ab62f783a89f813797369f2823c3,normative_design_statement,no,Wave 4二者レビューで本ガイドの規範として確定,APPROPRIATE_NORMATIVE,FINAL_TWO_REVIEWER_APPROVED
SENT-1588,docs/4.質問に合う根拠を探す/4.4.Dense retrieval.md,質問ベクトルを一時保存する際の識別子にも契約版を含めます。,e068663ea365b6dcb210635f7126fbf423c1463cba0cd29d4824684ddbec9f1b,normative_design_statement,no,Wave 4二者レビューで本ガイドの規範として確定,APPROPRIATE_NORMATIVE,FINAL_TWO_REVIEWER_APPROVED
SENT-1591,docs/4.質問に合う根拠を探す/4.4.Dense retrieval.md,切り捨て件数と影響文書を記録し、チャンク分割または対応する長文モデルを見直します。,6de23ca268df4dd6526918bea2f75f40795777e8b01ffb07e3c5d51822692d1e,normative_design_statement,no,Wave 4二者レビューで本ガイドの規範として確定,APPROPRIATE_NORMATIVE,FINAL_TWO_REVIEWER_APPROVED
SENT-1613,docs/4.質問に合う根拠を探す/4.4.Dense retrieval.md,全体平均が改善していても、厳しい権限条件、数値・型番、少数の重要質問で必要根拠を落とす場合は合格にしません。,cb51e4afb5b3033938f8143ea9210110943f7831cd93499d3a37c34f61a5ab98,normative_design_statement,no,Wave 4二者レビューで本ガイドの規範として確定,APPROPRIATE_NORMATIVE,FINAL_TWO_REVIEWER_APPROVED
SENT-1615,docs/4.質問に合う根拠を探す/4.4.Dense retrieval.md,認可済みの候補集合が小さい場合は完全探索へ切り替え、処理期限を超えた場合は認可済みの疎検索または統合順位へ戻すか、回答を保留します。,c4a65e3222a0b9e2bcad4a615185cda33d0ed8bc1f2d721d15746dba5b882370,normative_design_statement,no,Wave 4二者レビューで本ガイドの規範として確定,APPROPRIATE_NORMATIVE,FINAL_TWO_REVIEWER_APPROVED
SENT-1617,docs/4.質問に合う根拠を探す/4.4.Dense retrieval.md,インデックス版、埋め込みモデル、HNSWの設定、フィルター選択率、完全探索との差、切替理由を処理記録へ残します。,12b2fd61e03b9e4c8af45b0cf75795f330fc645dc418e1baf288fd08c4781ef4,normative_design_statement,no,Wave 4二者レビューで本ガイドの規範として確定,APPROPRIATE_NORMATIVE,FINAL_TWO_REVIEWER_APPROVED
SENT-1625,docs/4.質問に合う根拠を探す/4.4.Dense retrieval.md,長い技術文書、専門語、同じ語の異なる文脈で改善が確認できる場合に限定して導入します。,3ba8f755ba3056d4e6d74da737ade12f18c1257bbfac963eb9333618c3bdd6e6,normative_design_statement,no,Wave 4二者レビューで本ガイドの規範として確定,APPROPRIATE_NORMATIVE,FINAL_TWO_REVIEWER_APPROVED
SENT-1632,docs/4.質問に合う根拠を探す/4.4.Dense retrieval.md,重複候補を安定IDで統合し、最終引用は一致したベクトルではなく、対応する原文範囲へ結び付けます。,2e1fdabe3f1a9b959172cfc4760f5fbacceb990912178e4d5d7cfeea1e8fc536,normative_design_statement,no,Wave 4二者レビューで本ガイドの規範として確定,APPROPRIATE_NORMATIVE,FINAL_TWO_REVIEWER_APPROVED
SENT-1650,docs/4.質問に合う根拠を探す/4.5.Hybrid retrieval.md,疎検索、密検索、ハイブリッド検索を同じ正解集合で比較し、改善がない質問群には単純な経路を残します。,05bd0b8b972d7c869633dd3994322a7111383c39009150426015db7cb2aed791,normative_design_statement,no,Wave 4二者レビューで本ガイドの規範として確定,APPROPRIATE_NORMATIVE,FINAL_TWO_REVIEWER_APPROVED
SENT-1655,docs/4.質問に合う根拠を探す/4.5.Hybrid retrieval.md,文書版とチャンクIDで同一候補を統合します。,768dc560f8ea051343c915267312dd2c4eb83ede622d46ab1c7d2af0dea2eeb4,normative_design_statement,no,Wave 4二者レビューで本ガイドの規範として確定,APPROPRIATE_NORMATIVE,FINAL_TWO_REVIEWER_APPROVED
SENT-1669,docs/4.質問に合う根拠を探す/4.5.Hybrid retrieval.md,文書ID、文書版ID、チャンクIDを基本として、同一候補を統合します。,e26bbb8b717168d1611e8e42ee9499057cf764290dca28f3420d8d21319adad9,normative_design_statement,no,Wave 4二者レビューで本ガイドの規範として確定,APPROPRIATE_NORMATIVE,FINAL_TWO_REVIEWER_APPROVED
SENT-1683,docs/4.質問に合う根拠を探す/4.5.Hybrid retrieval.md,本ガイドでは、図4-6を「左側の疎検索と密検索が作った二つの順位表を、右へ向かって統合する流れ」として用います。,bcbaaafa7483baab29fb3cdc9cc9d7c9dbd0fcb59c7f508484d4729cad563d62,normative_design_statement,no,Wave 4二者レビューで本ガイドの規範として確定,APPROPRIATE_NORMATIVE,FINAL_TWO_REVIEWER_APPROVED
SENT-1685,docs/4.質問に合う根拠を探す/4.5.Hybrid retrieval.md,本ガイドでは、RRFを各検索器の順位を統合する工程、再順位付けを統合後の候補本文を再評価する工程として区別します。,9d28be2395cf7d8fd165fe12d290d94426b27e7ede407ebda1ced4bed546a09d,normative_design_statement,no,Wave 4二者レビューで本ガイドの規範として確定,APPROPRIATE_NORMATIVE,FINAL_TWO_REVIEWER_APPROVED
SENT-1687,docs/4.質問に合う根拠を探す/4.5.Hybrid retrieval.md,元スコアを使う統合では、BM25とコサイン類似度を未調整のまま加算しません。,a9a6f3a5b3b62509008d33195c739e5bcf27f01c0d5f1472bcf2f1758df591bc,normative_design_statement,no,Wave 4二者レビューで本ガイドの規範として確定,APPROPRIATE_NORMATIVE,FINAL_TWO_REVIEWER_APPROVED
SENT-1700,docs/4.質問に合う根拠を探す/4.5.Hybrid retrieval.md,確信が低い場合は、方式を一つに絞らず、事前に定めたRRFへ戻すなどの代替経路を使います。,cf42333cdca2569e623f94382a83f7bc70bdd746cd5a4f604342c40eec60d960,normative_design_statement,no,Wave 4二者レビューで本ガイドの規範として確定,APPROPRIATE_NORMATIVE,FINAL_TWO_REVIEWER_APPROVED
SENT-1705,docs/4.質問に合う根拠を探す/4.5.Hybrid retrieval.md,検索文ごとに疎検索と密検索を統合し、その後に検索文間を候補上限付きで統合するなど、順序を定めます。,621af890865daad776c263b72002aaf464300bc14c4f5488cef35e0028c6be81,normative_design_statement,no,Wave 4二者レビューで本ガイドの規範として確定,APPROPRIATE_NORMATIVE,FINAL_TWO_REVIEWER_APPROVED
SENT-1708,docs/4.質問に合う根拠を探す/4.5.Hybrid retrieval.md,候補には発見元の検索文と検索器を結び付け、正解根拠を追加しない検索経路を評価で削除します。,8981c76056b2c5d514a77ac1b6f4043af996e0a38ec2329fb201c2458d2181cb,normative_design_statement,no,Wave 4二者レビューで本ガイドの規範として確定,APPROPRIATE_NORMATIVE,FINAL_TWO_REVIEWER_APPROVED
SENT-1712,docs/4.質問に合う根拠を探す/4.5.Hybrid retrieval.md,最初に疎検索と密検索で必要な根拠を拾い、順位統合後の数十件を再順位付けして、LLMへ渡す数件へ絞る構成が候補です。,7a86c61d7fc8c14e9c30bbac571b579aa77d64b5afc381c743ebc0c5b9f79231,normative_design_statement,no,Wave 4二者レビューで本ガイドの規範として確定,APPROPRIATE_NORMATIVE,FINAL_TWO_REVIEWER_APPROVED
SENT-1714,docs/4.質問に合う根拠を探す/4.5.Hybrid retrieval.md,アクセス制御リスト（Access Control List：ACL）の判定を再順位付け器のスコアへ委ねません。,78c63bdeb6eea2ae18d0d329b7377bf6b34c7f4c575cd16c9eadf8f86b250d2d,normative_design_statement,no,Wave 4二者レビューで本ガイドの規範として確定,APPROPRIATE_NORMATIVE,FINAL_TWO_REVIEWER_APPROVED
SENT-1715,docs/4.質問に合う根拠を探す/4.5.Hybrid retrieval.md,再順位付け器が時間内に終わらない場合は、認可済みの統合順位へ戻すか、回答を保留します。,6c03154652fe0f4314f3e6b26200db9fae00412d50f6acd70ef4555b1b9696a1,normative_design_statement,no,Wave 4二者レビューで本ガイドの規範として確定,APPROPRIATE_NORMATIVE,FINAL_TWO_REVIEWER_APPROVED
SENT-1724,docs/4.質問に合う根拠を探す/4.6.Retrieval-time filtering.md,権限を緩めず、検索深度、条件に対応したANN検索、インデックス分割などの性能対策を検討します。,13447a0a622d11d827f9d1ca049dc04606901d8eded6f045c24ecf5220214de1,normative_design_statement,no,Wave 4二者レビューで本ガイドの規範として確定,APPROPRIATE_NORMATIVE,FINAL_TWO_REVIEWER_APPROVED
SENT-1730,docs/4.質問に合う根拠を探す/4.6.Retrieval-time filtering.md,認可サービスの結果を各検索器へ渡します。,6acbea0b7e781fadea0102b2f2e476effbec493ad6a0ee02c6c76a83e281abf2,normative_design_statement,no,Wave 4二者レビューで本ガイドの規範として確定,APPROPRIATE_NORMATIVE,FINAL_TWO_REVIEWER_APPROVED
SENT-1735,docs/4.質問に合う根拠を探す/4.6.Retrieval-time filtering.md,利用者が明示した製品・地域・文書種別は必須フィルターとし、モデルが推定した条件は推定由来を記録して順位調整にだけ用います。,706638f4501d9f458c35782e59c841c179c4cca138f60ee631db41603e23107c,normative_design_statement,no,Wave 4二者レビューで本ガイドの規範として確定,APPROPRIATE_NORMATIVE,FINAL_TWO_REVIEWER_APPROVED
SENT-1760,docs/4.質問に合う根拠を探す/4.6.Retrieval-time filtering.md,post-filterで候補が不足する場合に権限条件を緩めるのではなく、filtered ANN、検索深度の調整、別indexへのroutingを検討します。,79649f0433a7edaa1a1ea03ac47bf9de8e46532770fa3214958adb46541d758d,normative_design_statement,no,Wave 4二者レビューで本ガイドの規範として確定,APPROPRIATE_NORMATIVE,FINAL_TWO_REVIEWER_APPROVED
SENT-1766,docs/4.質問に合う根拠を探す/4.6.Retrieval-time filtering.md,順位統合方式、設定、質問に応じた重み,0629542dd8f9e0960440090ef77747bd7f5d5c090ff790552487a9199b0f6e8e,expository_or_structural,no,Wave 4二者レビューで表・索引・見出し等の非命題要素として確定,REMOVE_OR_REPLACE,FINAL_TWO_REVIEWER_APPROVED
SENT-1771,docs/4.質問に合う根拠を探す/4.6.Retrieval-time filtering.md,正解根拠が「取得されなかった」「フィルターで除かれた」「順位統合で下がった」「再順位付けで落ちた」を区別します。,22542b1a36025f444160ed5d9ce1607314424b42beb5178be99670c0c7a30a9a,normative_design_statement,no,Wave 4二者レビューで本ガイドの規範として確定,APPROPRIATE_NORMATIVE,FINAL_TWO_REVIEWER_APPROVED
SENT-1775,docs/4.質問に合う根拠を探す/4.7.Retrieval失敗診断.md,retrievalの候補不足は、corpus欠損、indexの古さ、解析・分割、質問変換、filter、順位付けの原因へ分けて診断します。,7d55eef7314a8fa28ef47307c48cb044d9fcdeb9fe6b73e0c586ab6c1a289e4b,normative_design_statement,no,Wave 4二者レビューで本ガイドの規範として確定,APPROPRIATE_NORMATIVE,FINAL_TWO_REVIEWER_APPROVED
SENT-1799,docs/4.質問に合う根拠を探す/4.7.Retrieval失敗診断.md,query normalization、検索器の設定、fusion、filter、chunk、indexの修正で再現失敗を解消できるなら、第4章までのbaselineを改善します。,ede8ddae651dd64bbce0fdac98908bab798be3d0e4832227481531c5abc51829,normative_design_statement,no,Wave 4二者レビューで本ガイドの規範として確定,APPROPRIATE_NORMATIVE,FINAL_TWO_REVIEWER_APPROVED
SENT-1819,docs/5.根拠を選別・整形する/5.1.Candidate正規化と絞り込み.md,「製品Aだけ」と利用者が明示した場合は必須フィルターにでき、モデルが製品Aだと推定しただけなら順位の引き上げまたは別検索にします。,986e982566d5ad554c92d745e0794e778e78505a2a51bdf739d042545815d611,normative_design_statement,no,Wave 4二者レビューで本ガイドの規範として確定,APPROPRIATE_NORMATIVE,FINAL_TWO_REVIEWER_APPROVED
SENT-1822,docs/5.根拠を選別・整形する/5.1.Candidate正規化と絞り込み.md,文書・チャンクID、テナント、許可主体、機密区分、状態、版、有効期間、情報源種別、信頼度、言語を定義します。,ae15c7f1381a4324109a9720598b77ab20b6860c8dc0c83c5ee3b8a6651b1f36,normative_design_statement,no,Wave 4二者レビューで本ガイドの規範として確定,APPROPRIATE_NORMATIVE,FINAL_TWO_REVIEWER_APPROVED
SENT-1827,docs/5.根拠を選別・整形する/5.1.Candidate正規化と絞り込み.md,添付、コメント、埋め込み資料が親文書と異なるACLを持つ場合は、例外関係として明示します。,4ba22174983e0999af89ece5611a10132f5a9b18e464711c802d0466c953fe80,normative_design_statement,no,Wave 4二者レビューで本ガイドの規範として確定,APPROPRIATE_NORMATIVE,FINAL_TWO_REVIEWER_APPROVED
SENT-1854,docs/5.根拠を選別・整形する/5.1.Candidate正規化と絞り込み.md,研究結果だけで方式を固定せず、フィルターの選択率ごとに完全探索との一致と処理時間を測ります。,63cbf513cbd2fe5197de34c95bfe6cba1cfea1d0bdaa2f96b9ddbdac388243ab,normative_design_statement,no,Wave 4二者レビューで本ガイドの規範として確定,APPROPRIATE_NORMATIVE,FINAL_TWO_REVIEWER_APPROVED
SENT-1877,docs/5.根拠を選別・整形する/5.1.Candidate正規化と絞り込み.md,主体、テナント、方針の版、評価した条件、フィルター前後の候補数、除外理由を記録します。,d884b74fc07ebac65e7b952e74d49844c96f4fba3e02a07d271697bae3686220,normative_design_statement,no,Wave 4二者レビューで本ガイドの規範として確定,APPROPRIATE_NORMATIVE,FINAL_TWO_REVIEWER_APPROVED
SENT-1887,docs/5.根拠を選別・整形する/5.2.重複排除とDiversity.md,本ガイドでは、分割時の重なりを、重なりを持たせて分割した隣接チャンクの共通部分と定義します。,83c458701de246ecb97e0c5b31ec1e62c90c2795ec8cd9ef7d6a0628aef57a82,normative_design_statement,no,Wave 4二者レビューで本ガイドの規範として確定,APPROPRIATE_NORMATIVE,FINAL_TWO_REVIEWER_APPROVED
SENT-1914,docs/5.根拠を選別・整形する/5.2.重複排除とDiversity.md,結合後も、元チャンクと原文範囲の対応を保持します。,50766edc31838637622e14ca7d3e590f13b8951c99f6dda301e278a321d34199,normative_design_statement,no,Wave 4二者レビューで本ガイドの規範として確定,APPROPRIATE_NORMATIVE,FINAL_TWO_REVIEWER_APPROVED
SENT-1937,docs/5.根拠を選別・整形する/5.2.重複排除とDiversity.md,内容ハッシュで分かる完全重複は再順位付け前に除き、同じ候補へ高価なモデルを繰り返し適用しません。,4eadd4a19f41319c74a3073915c1b672de6df796bd37bf88d926ccf3edf5e61c,normative_design_statement,no,Wave 4二者レビューで本ガイドの規範として確定,APPROPRIATE_NORMATIVE,FINAL_TWO_REVIEWER_APPROVED
SENT-1939,docs/5.根拠を選別・整形する/5.2.重複排除とDiversity.md,隣接チャンクを結合する場合は、最大、平均、最上位の順位保持など、スコア統合規則を定めます。,1fc7e219fc73d43ddec02541f79f14454050d48ab57bdbc1e5de858a61acc526,normative_design_statement,no,Wave 4二者レビューで本ガイドの規範として確定,APPROPRIATE_NORMATIVE,FINAL_TWO_REVIEWER_APPROVED
SENT-1958,docs/5.根拠を選別・整形する/5.3.Reranking.md,正解が候補にない場合は候補生成を、候補にはあるが順位が低い場合は順位統合または再順位付けを調べます。,ee05299aea9027aefeb397b0f64c6d8c6e4d0e525d1425e13cb99bf9e0af1cb6,normative_design_statement,no,Wave 4二者レビューで本ガイドの規範として確定,APPROPRIATE_NORMATIVE,FINAL_TWO_REVIEWER_APPROVED
SENT-1993,docs/5.根拠を選別・整形する/5.3.Reranking.md,失敗時は認可済みで検証済みの交差符号化型再順位付け器または統合順位へ戻します。,95f59d54486cb4cfc669ed07b697d8c97b9306d1687c15c5eb3cd1a815b95198,normative_design_statement,no,Wave 4二者レビューで本ガイドの規範として確定,APPROPRIATE_NORMATIVE,FINAL_TWO_REVIEWER_APPROVED
SENT-2003,docs/5.根拠を選別・整形する/5.3.Reranking.md,再順位付け器が利用できない場合は、認可済みの第一段階・統合順位へ戻せます。,f35d889c81ef441d396d457dbd84c960396013faefbb2ff45ffde4672414dfc2,normative_design_statement,no,Wave 4二者レビューで本ガイドの規範として確定,APPROPRIATE_NORMATIVE,FINAL_TWO_REVIEWER_APPROVED
SENT-2008,docs/5.根拠を選別・整形する/5.3.Reranking.md,全体平均が改善しても、重要質問で必要根拠を落とす、未知の候補IDを出す、処理期限や費用上限を超える場合は採用しません。,2c4f88d0e68504b9b98da6b17ccb02a768640816300e072ce09521e7cd277f23,normative_design_statement,no,Wave 4二者レビューで本ガイドの規範として確定,APPROPRIATE_NORMATIVE,FINAL_TWO_REVIEWER_APPROVED
SENT-2015,docs/5.根拠を選別・整形する/5.3.Reranking.md,十分な人手判定が蓄積した後に、分野向け追加学習、monoT5、RankT5を比較します。,973bef2ae9a5a672c22d8770780f44918538aa9407c293af7504fac8a5924aff,normative_design_statement,no,Wave 4二者レビューで本ガイドの規範として確定,APPROPRIATE_NORMATIVE,FINAL_TWO_REVIEWER_APPROVED
SENT-2028,docs/5.根拠を選別・整形する/5.4.Context compression.md,本ガイドでは、チャンク分割を検索単位を決める工程、再順位付けを候補順序を変える工程、重複排除を同じ内容をまとめる工程として区別します。,118afb8648d816f272ad4806ae49d715f8a73cde0c13e031cb65b1bcf7915684,normative_design_statement,no,Wave 4二者レビューで本ガイドの規範として確定,APPROPRIATE_NORMATIVE,FINAL_TWO_REVIEWER_APPROVED
SENT-2050,docs/5.根拠を選別・整形する/5.4.Context compression.md,削除禁止のトークン・ブロックを定義します。,8a3bf694717d42e4fc13304d62962aa6e681b98708a7acf4b03072774c563d69,normative_design_statement,no,Wave 4二者レビューで本ガイドの規範として確定,APPROPRIATE_NORMATIVE,FINAL_TWO_REVIEWER_APPROVED
SENT-2078,docs/5.根拠を選別・整形する/5.4.Context compression.md,根拠がトークン予算を超える、候補が長い、質問に関係する情報密度が低い場合に起動します。,1a88ebe5b464db66a89a947b788bf82aa5e28f351f60b72bd1d5a28724030bdf,normative_design_statement,no,Wave 4二者レビューで本ガイドの規範として確定,APPROPRIATE_NORMATIVE,FINAL_TWO_REVIEWER_APPROVED
SENT-2083,docs/5.根拠を選別・整形する/5.4.Context compression.md,トークン削減と応答時間だけでなく、必要根拠の保持率、引用の正しさ、原文への忠実性を採用基準にします。,764559478fa89e4815d167b7387e686cab91760632d68effdf2bcf03b1c00936,normative_design_statement,no,Wave 4二者レビューで本ガイドの規範として確定,APPROPRIATE_NORMATIVE,FINAL_TWO_REVIEWER_APPROVED
SENT-2139,docs/5.根拠を選別・整形する/5.6.Context packing.md,隣接チャンクは重複範囲だけを除いて結合し、異なる情報源の境界は保持します。,3959423f37fa6895d8477908fe5f07435eecd3454d9b3d6bfe5ee933ef9a9588,normative_design_statement,no,Wave 4二者レビューで本ガイドの規範として確定,APPROPRIATE_NORMATIVE,FINAL_TWO_REVIEWER_APPROVED
SENT-2154,docs/5.根拠を選別・整形する/5.6.Context packing.md,図は同じ根拠を三つの位置で比較した実験結果ではありません。,ad8cc0f75f13c00d074f666c945dc4056720d8eafcafa521ef7f58f430e9cb81,normative_design_statement,no,Wave 4二者レビューで本ガイドの規範として確定,APPROPRIATE_NORMATIVE,FINAL_TWO_REVIEWER_APPROVED
SENT-2158,docs/5.根拠を選別・整形する/5.6.Context packing.md,並べ替えを使う場合は、質問群ごとの改善と費用を測り、位置だけを根拠の正しさの代わりにしません。,1f4d463d68f3d2fb7cd2fd7d4e2afdf5817108e22c0876562a2a81ab60d8d9f0,normative_design_statement,no,Wave 4二者レビューで本ガイドの規範として確定,APPROPRIATE_NORMATIVE,FINAL_TWO_REVIEWER_APPROVED
SENT-2261,docs/5.根拠を選別・整形する/5.8.Evidence validationとfallback.md,source trust、version、有効期間、ACL、citation payloadが欠損したunitは、scoreが高くても回答根拠として採用しません。,48f38f882b253151e2fd81f99412b3ce4443a4b553c88a05ac02bfcad44c9e86,normative_design_statement,no,Wave 4二者レビューで本ガイドの規範として確定,APPROPRIATE_NORMATIVE,FINAL_TWO_REVIEWER_APPROVED
SENT-2287,docs/6.根拠に基づいて回答する/6.1.Grounded prompt.md,生成器の責任を要約、統合、引用、回答保留へ定め、検索・選別の問題は該当する上流工程で改善します。,73148e3f252c93f1ac78d4c0658ffd65f4364d87a67b609409c48a1dd16c8a37,normative_design_statement,no,Wave 4二者レビューで本ガイドの規範として確定,APPROPRIATE_NORMATIVE,FINAL_TWO_REVIEWER_APPROVED
SENT-2347,docs/6.根拠に基づいて回答する/6.3.Answerability・Refusal.md,回答状態を二値だけにせず、完全回答、部分回答、確認質問、根拠不足、矛盾、権限上回答不可、対象範囲外へ分けます。,7f16e2ab60cd3113862d191ad4120c1fb6399be2763339729322cbb5c240e61c,normative_design_statement,no,Wave 4二者レビューで本ガイドの規範として確定,APPROPRIATE_NORMATIVE,FINAL_TWO_REVIEWER_APPROVED
SENT-2382,docs/6.根拠に基づいて回答する/6.4.Citation設計.md,内部では、文書、チャンク、ページ、節、URL、原文範囲へたどれる必要があります。,b585bdda656c1f09e7d189e734b9d2040319411bd0bbdd65d87c49c7c28882a0,normative_design_statement,no,Wave 4二者レビューで本ガイドの規範として確定,APPROPRIATE_NORMATIVE,FINAL_TWO_REVIEWER_APPROVED
SENT-2528,docs/6.根拠に基づいて回答する/6.8.回答と業務実行の境界.md,回答がaction候補を提案する場合も、実行要求、parameter、承認状態、結果を別のtyped contractで扱います。,fe9eb57c435fd96a6d71e109212436400b688f12c19ae0bcf7de40e9f9d9625c,normative_design_statement,no,Wave 4二者レビューで本ガイドの規範として確定,APPROPRIATE_NORMATIVE,FINAL_TWO_REVIEWER_APPROVED
SENT-2538,docs/6.根拠に基づいて回答する/6.8.回答と業務実行の境界.md,本ガイドでは、これらの研究を、個別業務でLLMへ実行権限を付与する根拠として扱いません。,be4a95dd89a44bb4438b7af082d67a602f9b1f0b355b792b05c04d7dafc7133d,normative_design_statement,no,Wave 4二者レビューで本ガイドの規範として確定,APPROPRIATE_NORMATIVE,FINAL_TWO_REVIEWER_APPROVED
SENT-2548,docs/6.根拠に基づいて回答する/序文.md,回答中の主張をcitation IDへ対応付け、根拠が支えない断定を検出できる形で返します。,a30779913aaa07854a696401f285d1c0f457c9e1f09afe0dc87d9780c07744c8,normative_design_statement,no,Wave 4二者レビューで本ガイドの規範として確定,APPROPRIATE_NORMATIVE,FINAL_TWO_REVIEWER_APPROVED
SENT-2580,docs/7.品質を評価し改善する/7.1.評価設計の全体像.md,RAGでは、公開前に知識成果物のschemaと分布の異常を検査します。,80278b3ac05dcd739ecf1cc63aa5fcb80f9957983aa8b7964ece5b7e7b53d2d2,normative_design_statement,no,Wave 4二者レビューで本ガイドの規範として確定,APPROPRIATE_NORMATIVE,FINAL_TWO_REVIEWER_APPROVED
SENT-2590,docs/7.品質を評価し改善する/7.1.評価設計の全体像.md,| Precision@k | 上位k件のうち正解である割合 | 候補のノイズ確認 |,5d05ddecf967ee85133b09f61ba953f1494a3e3a466ea0c16a004306937673b7,expository_or_structural,no,Wave 4二者レビューで表・索引・見出し等の非命題要素として確定,REMOVE_OR_REPLACE,FINAL_TWO_REVIEWER_APPROVED
SENT-2592,docs/7.品質を評価し改善する/7.1.評価設計の全体像.md,| nDCG@k | 関連度と順位を反映した利得 | 複数段階の関連度がある検索 |,f4aeaa5b3d3cca2ea179e7d1f7ce2a5b823a8a397515a8e34e13d6c2814aaca9,expository_or_structural,no,Wave 4二者レビューで表・索引・見出し等の非命題要素として確定,REMOVE_OR_REPLACE,FINAL_TWO_REVIEWER_APPROVED
SENT-2623,docs/7.品質を評価し改善する/7.1.評価設計の全体像.md,p95 latencyは、同じ計測窓の処理時間を昇順に並べたとき、95%の要求がその値以下で完了する境界として計算します。,45c3ed826eee0f9f88aaf9d4009848e375b72b862de3e4bb1ac196cdb71b04d8,normative_design_statement,no,Wave 4二者レビューで本ガイドの規範として確定,APPROPRIATE_NORMATIVE,FINAL_TWO_REVIEWER_APPROVED
SENT-2641,docs/7.品質を評価し改善する/7.1.評価設計の全体像.md,結果には評価件数、信頼区間、評価者間一致率を添え、小さな点差を直ちに改善とは判断しません。,47ee18b4efa3f75069de76bc5d8ff4d69a1c260a3c61a579ed4225de5f57be57,normative_design_statement,no,Wave 4二者レビューで本ガイドの規範として確定,APPROPRIATE_NORMATIVE,FINAL_TWO_REVIEWER_APPROVED
SENT-2644,docs/7.品質を評価し改善する/7.1.評価設計の全体像.md,平均差に加えて、改善した件数、変わらない件数、悪化した件数を示します。,1a0db808ae3d2eb441ff2387dd8cdbc406131521e8b7522984648a421550bf51,normative_design_statement,no,Wave 4二者レビューで本ガイドの規範として確定,APPROPRIATE_NORMATIVE,FINAL_TWO_REVIEWER_APPROVED
SENT-2647,docs/7.品質を評価し改善する/7.1.評価設計の全体像.md,改善対象、非劣化条件、重要スライスの下限、安全条件、遅延上限、費用上限を別々に定め、すべてを満たすことを要求します。,f8f61c47c977922637552a2614d10127ac5a30a4a4c1560d312189927e5b7929,normative_design_statement,no,Wave 4二者レビューで本ガイドの規範として確定,APPROPRIATE_NORMATIVE,FINAL_TWO_REVIEWER_APPROVED
SENT-2652,docs/7.品質を評価し改善する/7.1.評価設計の全体像.md,| 改善目標 | 型番スライスのRecall@10が基準値以上 |,9386d4c979b32fb77e01d1179f6e6555f28e656ad54bd76f8fcf2b29b5738e71,expository_or_structural,no,Wave 4二者レビューで表・索引・見出し等の非命題要素として確定,REMOVE_OR_REPLACE,FINAL_TWO_REVIEWER_APPROVED
SENT-2658,docs/7.品質を評価し改善する/7.1.評価設計の全体像.md,RAGのリリースは、検索、生成、引用、安全性、性能、運用の各条件をすべて満たした場合に限り承認します。,c40b0deee37793ad573b2d87a8804b3fe8c86f626f0d225fc887f12b8dedeaec,normative_design_statement,no,Wave 4二者レビューで本ガイドの規範として確定,APPROPRIATE_NORMATIVE,FINAL_TWO_REVIEWER_APPROVED
SENT-2666,docs/7.品質を評価し改善する/7.10.改善ループ.md,変更対象、期待する改善、悪化してはならないmetricを仮説として記録し、ownerとrelease単位を決め、修正前のtraceを保存します。,1fdfad8b66beac3838d4e786bec559d8d21b47d361114df54c11c5264f9c5f85,normative_design_statement,no,Wave 4二者レビューで本ガイドの規範として確定,APPROPRIATE_NORMATIVE,FINAL_TWO_REVIEWER_APPROVED
SENT-2669,docs/7.品質を評価し改善する/7.10.改善ループ.md,疎検索、密検索、融合、再順位付け、重複除去、圧縮を順番に有効化または無効化します。,619005cc29954b6e1a5091e8f798b4e7b9c8ad2d4f743eec7918bcd79005ff8a,normative_design_statement,no,Wave 4二者レビューで本ガイドの規範として確定,APPROPRIATE_NORMATIVE,FINAL_TWO_REVIEWER_APPROVED
SENT-2670,docs/7.品質を評価し改善する/7.10.改善ループ.md,解析器、チャンク分割、埋め込みモデル、プロンプト、生成モデルも、可能な限り別の実験にします。,1408d5a1b41ac8181baf386c88b026984333e4253870b5b72f7ce4a77cb49262,normative_design_statement,no,Wave 4二者レビューで本ガイドの規範として確定,APPROPRIATE_NORMATIVE,FINAL_TWO_REVIEWER_APPROVED
SENT-2677,docs/7.品質を評価し改善する/7.10.改善ループ.md,権限漏えいや重大誤回答は、平均品質の小さな改善より優先します。,e7ba7180c0fdcd3ecceb6812e634747f03f305f4e3b3ab790000bae52e32e638,normative_design_statement,no,Wave 4二者レビューで本ガイドの規範として確定,APPROPRIATE_NORMATIVE,FINAL_TWO_REVIEWER_APPROVED
SENT-2678,docs/7.品質を評価し改善する/7.10.改善ループ.md,局所metricが改善しても、end-to-end品質、latency、cost、運用複雑性が許容範囲を超える変更は採用しません。,8bd268f4986b4ddb4383a96d8f39e762a7fc7bdeb5e286f11105c394c364085f,normative_design_statement,no,Wave 4二者レビューで本ガイドの規範として確定,APPROPRIATE_NORMATIVE,FINAL_TWO_REVIEWER_APPROVED
SENT-2687,docs/7.品質を評価し改善する/7.2.評価データセット.md,たとえば、「疎検索と密検索の併用により、型番スライスのRecall@10が上がる」のように、変更、対象、期待する指標を結び付けます。,87c835515404c0101ce5bfc2ea0e2de753c03000b9fc594e3ebf4f975de32ba2,normative_design_statement,no,Wave 4二者レビューで本ガイドの規範として確定,APPROPRIATE_NORMATIVE,FINAL_TWO_REVIEWER_APPROVED
SENT-2689,docs/7.品質を評価し改善する/7.2.評価データセット.md,開発比較ではbaselineからの改善量、リリース判定では最低受入基準、障害調査では失敗工程の特定をそれぞれ主要目的とします。,6cb0cdd93ab28574ffc9e415a10a4e75747029200750a4b65c7a9582fcf33d5d,normative_design_statement,no,Wave 4二者レビューで本ガイドの規範として確定,APPROPRIATE_NORMATIVE,FINAL_TWO_REVIEWER_APPROVED
SENT-2690,docs/7.品質を評価し改善する/7.2.評価データセット.md,RAG評価では、狙う失敗パターンを能力別に明示します。,fae74a0d675b1748d0c4bcdb5f0280e376531450e3426d46d9953601c115ded8,normative_design_statement,no,Wave 4二者レビューで本ガイドの規範として確定,APPROPRIATE_NORMATIVE,FINAL_TWO_REVIEWER_APPROVED
SENT-2696,docs/7.品質を評価し改善する/7.2.評価データセット.md,SQuAD 2.0が回答できない質問を含むように、RAGの評価にも回答不能、曖昧、資料間の矛盾、権限不足を含めます。,8d199bdbcbc63ea5e1b9763683faf364ca1cf4a5eb49342de428ce983908f24b,normative_design_statement,no,Wave 4二者レビューで本ガイドの規範として確定,APPROPRIATE_NORMATIVE,FINAL_TWO_REVIEWER_APPROVED
SENT-2715,docs/7.品質を評価し改善する/7.2.評価データセット.md,プロンプトインジェクション、知識汚染、テナントをまたぐ検索、権限のない操作は隔離環境で試します。,8228c95eb857543c6b96675943e32b9764aa9eaf6be332da7d65900282f07dc8,normative_design_statement,no,Wave 4二者レビューで本ガイドの規範として確定,APPROPRIATE_NORMATIVE,FINAL_TWO_REVIEWER_APPROVED
SENT-2747,docs/7.品質を評価し改善する/7.3.Pre-retrieval・Batch評価.md,RAGの各evaluation runでは、source snapshot ID、文書版、index版、取得時刻を入力時点として保存します。,d00c642817a617823a3297600006f0bca6d6e17dcd89cd99dc2793019f592d18,normative_design_statement,no,Wave 4二者レビューで本ガイドの規範として確定,APPROPRIATE_NORMATIVE,FINAL_TWO_REVIEWER_APPROVED
SENT-2756,docs/7.品質を評価し改善する/7.3.Pre-retrieval・Batch評価.md,一部の文書だけ失敗した状態を全体成功として隠さず、文書ID、失敗工程、再処理の可否を報告します。,ad9f950cec0954d943aff7dceeab43ec52559a09b4305d5364dcf4c2d32fba00,normative_design_statement,no,Wave 4二者レビューで本ガイドの規範として確定,APPROPRIATE_NORMATIVE,FINAL_TWO_REVIEWER_APPROVED
SENT-2782,docs/7.品質を評価し改善する/7.3.Pre-retrieval・Batch評価.md,認可試験には、role hierarchy、mutual exclusion、tenant scope、resource constraintを条件として含めます。,5cda4f8a7eaed05cef968c6227c2dce00667aa73bc17a60c63c710f221666c49,normative_design_statement,no,Wave 4二者レビューで本ガイドの規範として確定,APPROPRIATE_NORMATIVE,FINAL_TWO_REVIEWER_APPROVED
SENT-2789,docs/7.品質を評価し改善する/7.3.Pre-retrieval・Batch評価.md,一般的なベンチマークは候補選定の入口に使い、最終判断には業務データのRecallとnDCGを使います。,8990d8c1a7859227d5276ed58f934867dfddea88a670389dc198bf44d389a7b6,normative_design_statement,no,Wave 4二者レビューで本ガイドの規範として確定,APPROPRIATE_NORMATIVE,FINAL_TWO_REVIEWER_APPROVED
SENT-2792,docs/7.品質を評価し改善する/7.3.Pre-retrieval・Batch評価.md,モデルや入力形式を変えた場合は、古いベクトルと混在させず全対象を再計算します。,8e8d80470b9a9ff69bbdf27fffa4f81eaeb13fa9a0c80c6588ffb58ef69de6d2,normative_design_statement,no,Wave 4二者レビューで本ガイドの規範として確定,APPROPRIATE_NORMATIVE,FINAL_TWO_REVIEWER_APPROVED
SENT-2794,docs/7.品質を評価し改善する/7.3.Pre-retrieval・Batch評価.md,古いベクトル、削除済み文書、重複ベクトル、一部だけ読み込まれた状態を検出します。,0c01127f7db4c4f02c410237bcf3a4a94286e71b56beed69b07f166cfa7e6613,normative_design_statement,no,Wave 4二者レビューで本ガイドの規範として確定,APPROPRIATE_NORMATIVE,FINAL_TWO_REVIEWER_APPROVED
SENT-2802,docs/7.品質を評価し改善する/7.3.Pre-retrieval・Batch評価.md,解析器、チャンク分割器、埋め込みモデルを一要素ずつ変更します。,fe090b10fdd6b5074c1b3b2a72b1df648ba1bf8f6ac17837e9ce36b531f4d318,normative_design_statement,no,Wave 4二者レビューで本ガイドの規範として確定,APPROPRIATE_NORMATIVE,FINAL_TWO_REVIEWER_APPROVED
SENT-2805,docs/7.品質を評価し改善する/7.3.Pre-retrieval・Batch評価.md,局所指標の改善だけで公開せず、重要な下流指標が許容幅を超えて悪化しないことを合格条件にします。,0e0d99f831801b8c27314aab92c8ef7d0ee2f5bcd42de993f59b11ed6f98cb25,normative_design_statement,no,Wave 4二者レビューで本ガイドの規範として確定,APPROPRIATE_NORMATIVE,FINAL_TWO_REVIEWER_APPROVED
SENT-2827,docs/7.品質を評価し改善する/7.4.Retrieval評価.md,チャンク分割を変えた場合は、古いチャンクIDをそのまま使わず、元文書の正解スパンから新しいチャンクへ対応付けます。,5487ffb1f507fdebed040baecfa8fd797cf36f4ff3db2fde9f240f95d2d50f25,normative_design_statement,no,Wave 4二者レビューで本ガイドの規範として確定,APPROPRIATE_NORMATIVE,FINAL_TWO_REVIEWER_APPROVED
SENT-2846,docs/7.品質を評価し改善する/7.4.Retrieval評価.md,BM25、密検索、学習型疎検索、ハイブリッド検索を、同じ正解集合と候補件数で比較します。,96df1047ab828799e337db44fb75ff5dce8297f80cf66d0bcd46e73650c29819,normative_design_statement,no,Wave 4二者レビューで本ガイドの規範として確定,APPROPRIATE_NORMATIVE,FINAL_TWO_REVIEWER_APPROVED
SENT-2853,docs/7.品質を評価し改善する/7.4.Retrieval評価.md,質問処理を評価するときは検索器を固定し、正規化、書き換え、展開、HyDE、分解を一つずつ有効または無効にします。,b12f206cd5ce21dae7dd9bbcfd20ff1087450659838f8d8670f0a28555b9e972,normative_design_statement,no,Wave 4二者レビューで本ガイドの規範として確定,APPROPRIATE_NORMATIVE,FINAL_TWO_REVIEWER_APPROVED
SENT-2858,docs/7.品質を評価し改善する/7.4.Retrieval評価.md,書き換えで失敗した事例を、検索器自体の失敗として数えないようにします。,911b9f9a45cacd0f953023194f11a7e38e35cdd96c66964fb43ed64e4a81d7a5,normative_design_statement,no,Wave 4二者レビューで本ガイドの規範として確定,APPROPRIATE_NORMATIVE,FINAL_TWO_REVIEWER_APPROVED
SENT-2862,docs/7.品質を評価し改善する/7.4.Retrieval評価.md,構造化条件付きベクトル検索は、条件へ一致する文書の割合ごとにRecallと遅延を測ります。,02889a1f7abe04f6eef09e716480896100fa849afc4b1b1158bbb108dec0c64d,normative_design_statement,no,Wave 4二者レビューで本ガイドの規範として確定,APPROPRIATE_NORMATIVE,FINAL_TWO_REVIEWER_APPROVED
SENT-2867,docs/7.品質を評価し改善する/7.4.Retrieval評価.md,HNSWを使う場合は検索時探索幅を段階的に変え、品質と遅延の曲線を作ります。,4741c380b4eb38398add52dadcd2a6b2692f8f3bf13c031ff67305e537ecd8c7,normative_design_statement,no,Wave 4二者レビューで本ガイドの規範として確定,APPROPRIATE_NORMATIVE,FINAL_TWO_REVIEWER_APPROVED
SENT-2872,docs/7.品質を評価し改善する/7.4.Retrieval評価.md,平均nDCGの差だけでなく、改善件数、悪化件数、重大事例の変化、ブートストラップ信頼区間を示します。,6156777f69bce4075c6977a5d1ff59c1240ca2da704d3dce5ce895ecc9293cf8,normative_design_statement,no,Wave 4二者レビューで本ガイドの規範として確定,APPROPRIATE_NORMATIVE,FINAL_TWO_REVIEWER_APPROVED
SENT-2876,docs/7.品質を評価し改善する/7.4.Retrieval評価.md,統計的に有意な改善でも、対象負荷での品質増分が追加費用と運用複雑性の受入基準を満たさない場合は採用しません。,369223c14238d454546b7940885b70b1c1c0a15d108779108ea3dee577342da9,normative_design_statement,no,Wave 4二者レビューで本ガイドの規範として確定,APPROPRIATE_NORMATIVE,FINAL_TWO_REVIEWER_APPROVED
SENT-2878,docs/7.品質を評価し改善する/7.4.Retrieval評価.md,検索失敗は、正解がコーパスにない、インデックスが古い、解析や分割で欠けた、埋め込みが合わない、質問変換が逸脱した、フィルターが過剰だった、順位が低かった、という原因へ分類します。,bfd7e881caef3f0e45df6835b0c6f5006e22891f304cb29fb168682c352a093b,normative_design_statement,no,Wave 4二者レビューで本ガイドの規範として確定,APPROPRIATE_NORMATIVE,FINAL_TWO_REVIEWER_APPROVED
SENT-2879,docs/7.品質を評価し改善する/7.4.Retrieval評価.md,正解文書が存在しない事例を検索モデルの再学習へ回しても解決しません。,7615e4168a898c4f70561d8d0d10d39b644f73eb4b9a33da03b3a98c5b1bd221,normative_design_statement,no,Wave 4二者レビューで本ガイドの規範として確定,APPROPRIATE_NORMATIVE,FINAL_TWO_REVIEWER_APPROVED
SENT-2881,docs/7.品質を評価し改善する/7.4.Retrieval評価.md,RAGCheckerのように検索と生成を分け、生成結果が誤っていても、まず根拠が候補へ入っていたかを確認します。,50b9c1abe63b05eab9df03b720ad9adf999ae153e32b7958ba47cdbd765f1ddf,normative_design_statement,no,Wave 4二者レビューで本ガイドの規範として確定,APPROPRIATE_NORMATIVE,FINAL_TWO_REVIEWER_APPROVED
SENT-2884,docs/7.品質を評価し改善する/7.5.Post-retrieval・Evidence評価.md,本ガイドでは、検索後処理を、検索器が返した候補の並べ替え、絞り込み、重複排除、圧縮、配置によって最終コンテキストを作る工程と定義します。,850e1579b2dcf471017a4a257eece4fbcc6145254ac01f1bd1279cb35e56f87e,normative_design_statement,no,Wave 4二者レビューで本ガイドの規範として確定,APPROPRIATE_NORMATIVE,FINAL_TWO_REVIEWER_APPROVED
SENT-2898,docs/7.品質を評価し改善する/7.5.Post-retrieval・Evidence評価.md,全体平均が改善しても、重大な正解を落とす構成は合格にしません。,bc397cc24377914cf7fa439d6fbfd7dbb4b4efcd7bf9a59287dfdb8b83a03789,normative_design_statement,no,Wave 4二者レビューで本ガイドの規範として確定,APPROPRIATE_NORMATIVE,FINAL_TWO_REVIEWER_APPROVED
SENT-2903,docs/7.品質を評価し改善する/7.5.Post-retrieval・Evidence評価.md,フィルター付き近似検索を評価するときは、最終候補だけでなく初期検索のRecallも確認します。,daf459761c2252d86d8c4933847a1f945bf9fbb8cd3f4b30401145d3fda21cb5,normative_design_statement,no,Wave 4二者レビューで本ガイドの規範として確定,APPROPRIATE_NORMATIVE,FINAL_TWO_REVIEWER_APPROVED
SENT-2906,docs/7.品質を評価し改善する/7.5.Post-retrieval・Evidence評価.md,本ガイドでは、重複除去の目的を、情報の範囲を保ちながら同じ内容が占めるトークンを減らすことと定めます。,7bcc41f8349fb6e5889fc093ab82c8f8f5210b2615dc28dee4e4f10dcc343644,normative_design_statement,no,Wave 4二者レビューで本ガイドの規範として確定,APPROPRIATE_NORMATIVE,FINAL_TWO_REVIEWER_APPROVED
SENT-2907,docs/7.品質を評価し改善する/7.5.Post-retrieval・Evidence評価.md,完全一致、ほぼ一致、隣接チャンクの重なり、新旧版の重複を分けて検出します。,b9c61721da467bad8184ced34fa1d6c027bc0c972573fdd18fd1467ac57630f6,normative_design_statement,no,Wave 4二者レビューで本ガイドの規範として確定,APPROPRIATE_NORMATIVE,FINAL_TWO_REVIEWER_APPROVED
SENT-2909,docs/7.品質を評価し改善する/7.5.Post-retrieval・Evidence評価.md,本ガイドでは、MMRを、質問との関連性と既選択候補との非類似性を組み合わせて次の候補を選ぶ方式として扱います。,02a6b2374a46b0ad5a9a3fc9887da70d0f3690c09681580b40ed5162282dd6e0,normative_design_statement,no,Wave 4二者レビューで本ガイドの規範として確定,APPROPRIATE_NORMATIVE,FINAL_TWO_REVIEWER_APPROVED
SENT-2911,docs/7.品質を評価し改善する/7.5.Post-retrieval・Evidence評価.md,複数チャンクを代表一件へまとめる場合も、元の文書IDと位置をすべて保持します。,3b1d7bb4cf7cd5e85eda8f212882b7c8bfc2af120818e8d42bfa479a197d52ae,normative_design_statement,no,Wave 4二者レビューで本ガイドの規範として確定,APPROPRIATE_NORMATIVE,FINAL_TWO_REVIEWER_APPROVED
SENT-2943,docs/7.品質を評価し改善する/7.5.Post-retrieval・Evidence評価.md,検索件数や検索器だけの改善を、生成結果を含むRAGシステム全体の改善とはみなしません。,d76c2aad9f91aaf56e95e4839ff000dc0a970a9640020fb9b8b462e645a3a840,normative_design_statement,no,Wave 4二者レビューで本ガイドの規範として確定,APPROPRIATE_NORMATIVE,FINAL_TWO_REVIEWER_APPROVED
SENT-2949,docs/7.品質を評価し改善する/7.5.Post-retrieval・Evidence評価.md,圧縮による生成費用の削減が、圧縮モデルの追加費用を上回るかを確認します。,f23f9febe3864e369d453b4291c7306da4237a34ad218235262ee667a6862fb0,normative_design_statement,no,Wave 4二者レビューで本ガイドの規範として確定,APPROPRIATE_NORMATIVE,FINAL_TWO_REVIEWER_APPROVED
SENT-2950,docs/7.品質を評価し改善する/7.5.Post-retrieval・Evidence評価.md,再順位付け候補を増やしたときのRecall改善も、増加した遅延と対にして判断します。,fd311a6b08ee480d475515994a4c9de019f30ea1a9a68db4623bf3bdbf71c087,normative_design_statement,no,Wave 4二者レビューで本ガイドの規範として確定,APPROPRIATE_NORMATIVE,FINAL_TWO_REVIEWER_APPROVED
SENT-2965,docs/7.品質を評価し改善する/7.6.Generation評価.md,複数回実行する場合は回数と抽出条件をそろえ、平均だけでなく得点の分散と重大な失敗の発生回数を報告します。,1e2a846f98c94da1eb3ac6c86d9d5c73e09354e9eb843c16964549333b5ef12f,normative_design_statement,no,Wave 4二者レビューで本ガイドの規範として確定,APPROPRIATE_NORMATIVE,FINAL_TWO_REVIEWER_APPROVED
SENT-2982,docs/7.品質を評価し改善する/7.6.Generation評価.md,モデルの内部知識から見て正しい文でも、提示した根拠で確認できなければ、根拠性の評価では支持なしとします。,fe61a345de17ac836552d4a56d4d57b599fc9f3619f261bddcbafd2c350e8ac9,normative_design_statement,no,Wave 4二者レビューで本ガイドの規範として確定,APPROPRIATE_NORMATIVE,FINAL_TWO_REVIEWER_APPROVED
SENT-3002,docs/7.品質を評価し改善する/7.6.Generation評価.md,引用網羅性は検証可能な主張を分母とし、接続文や操作案内へ付けた不要な引用を改善として数えません。,ec76dcf51ba8e3fcc9b2258a7ae564d325a20835dff8e04ef7778ed2238d6bac,normative_design_statement,no,Wave 4二者レビューで本ガイドの規範として確定,APPROPRIATE_NORMATIVE,FINAL_TWO_REVIEWER_APPROVED
SENT-3008,docs/7.品質を評価し改善する/7.6.Generation評価.md,G-EvalのようにLLMで採点する場合は、点数ごとの代表例を用意し、人手評価との一致を確認します。,fd027b65d674c9b5b88ca8628f34089fec49c33c4496e0598e397e0898aeeab2,normative_design_statement,no,Wave 4二者レビューで本ガイドの規範として確定,APPROPRIATE_NORMATIVE,FINAL_TWO_REVIEWER_APPROVED
SENT-3009,docs/7.品質を評価し改善する/7.6.Generation評価.md,含めるべき論点と不要な部分を別々に数え、長文化を完全性の改善と誤認しないようにします。,8f1f56b1b795e26fff20d96eca4a76812a1dc8f78d13e1c4ae5c7729d0b3d434,normative_design_statement,no,Wave 4二者レビューで本ガイドの規範として確定,APPROPRIATE_NORMATIVE,FINAL_TWO_REVIEWER_APPROVED
SENT-3033,docs/7.品質を評価し改善する/7.6.Generation評価.md,形式準拠を改善するプロンプト変更が、根拠忠実性や完全性を悪化させていないかも確認します。,212e2e58205f89efd149de627753bf9262e1238f21544db8df5f2463c7452f4f,normative_design_statement,no,Wave 4二者レビューで本ガイドの規範として確定,APPROPRIATE_NORMATIVE,FINAL_TWO_REVIEWER_APPROVED
SENT-3046,docs/7.品質を評価し改善する/7.6.Generation評価.md,発生頻度、重大度、業務影響を使って改善順を決め、同種の失敗が再発していないか追跡します。,9fba68443e04a52b21c01a90d1b649a8a07382a280094c837d90af54d486011d,normative_design_statement,no,Wave 4二者レビューで本ガイドの規範として確定,APPROPRIATE_NORMATIVE,FINAL_TWO_REVIEWER_APPROVED
SENT-3079,docs/7.品質を評価し改善する/7.7.End-to-end評価.md,自動採点の確信度が閾値未満の事例と、複数採点者の判定が一致しない事例を人手レビューへ送ります。,ccd2865bc3e1e0d7308bd6e06488ef473d8659c441ef3547ff20def69fd78572,normative_design_statement,no,Wave 4二者レビューで本ガイドの規範として確定,APPROPRIATE_NORMATIVE,FINAL_TWO_REVIEWER_APPROVED
SENT-3142,docs/7.品質を評価し改善する/7.8.Regression・A-B・Canary.md,変更ごとに直接指標と下流指標を定め、改善した局所指標が最終回答を悪化させていないことを確認します。,ca13a28064d3a012c08b5ba612c8cc9f11cd1298a5b55f39a8ae312a44f5113d,normative_design_statement,no,Wave 4二者レビューで本ガイドの規範として確定,APPROPRIATE_NORMATIVE,FINAL_TWO_REVIEWER_APPROVED
SENT-3159,docs/7.品質を評価し改善する/7.8.Regression・A-B・Canary.md,canary中に重大なsecurity failure、SLO（Service Level Objective、サービス水準目標）違反、想定外の回答不能増加が起きた場合は、自動または明示した手順で旧versionへ戻します。,49de02e1af3667380bd7e31c49fb4805f963bf095b8e12f71f0af51c4b882a98,normative_design_statement,no,Wave 4二者レビューで本ガイドの規範として確定,APPROPRIATE_NORMATIVE,FINAL_TWO_REVIEWER_APPROVED
SENT-3160,docs/7.品質を評価し改善する/7.8.Regression・A-B・Canary.md,公開の可否は、解析器、チャンク分割、埋め込み、検索器、再順位付け、プロンプト、生成モデルのどれを変えても、同じ原則で判断します。,ce4dea77f6526094a0a4eff2aeb4c1b21441ab5a7765073982ccc9ffee74518b,normative_design_statement,no,Wave 4二者レビューで本ガイドの規範として確定,APPROPRIATE_NORMATIVE,FINAL_TWO_REVIEWER_APPROVED
SENT-3163,docs/7.品質を評価し改善する/7.8.Regression・A-B・Canary.md,候補の成果物、設定マニフェスト、評価報告を同じ版IDで結び付けます。,036d318d66d273a856ddeb7ae8e595833a4797a0d6359d62302e4d3327da3ef6,normative_design_statement,no,Wave 4二者レビューで本ガイドの規範として確定,APPROPRIATE_NORMATIVE,FINAL_TWO_REVIEWER_APPROVED
SENT-3167,docs/7.品質を評価し改善する/7.9.Traceに基づく失敗分析.md,共通のトレースIDで、元の質問、変換後の質問、フィルター、取得候補、再順位付け結果、最終コンテキスト、回答、引用、利用者の反応を結び付けます。,37c502a62932dce64b71e48af8e8aa82e50a013eb5055afdecca752aad0d6a87,normative_design_statement,no,Wave 4二者レビューで本ガイドの規範として確定,APPROPRIATE_NORMATIVE,FINAL_TWO_REVIEWER_APPROVED
SENT-3190,docs/7.品質を評価し改善する/7.9.Traceに基づく失敗分析.md,改善後は同じtrace比較で、原因箇所が直り、別layerへ失敗が移っていないことを確認します。,55b91be48563dc799a9b3d10fdd8f7c7e8b08375907e42baffbdd26f85b68bbf,normative_design_statement,no,Wave 4二者レビューで本ガイドの規範として確定,APPROPRIATE_NORMATIVE,FINAL_TWO_REVIEWER_APPROVED
SENT-3193,docs/7.品質を評価し改善する/序文.md,本章では、評価データセット、各layerの指標、end-to-end評価、regression、A-B、canary、trace分析を扱います。,982bcd2f4de804d24f7310269c48ba8a6ab2f5485e7d2ae7f1e6cc245dd0a398,normative_design_statement,no,Wave 4二者レビューで本ガイドの規範として確定,APPROPRIATE_NORMATIVE,FINAL_TWO_REVIEWER_APPROVED
SENT-3198,docs/7.品質を評価し改善する/序文.md,品質だけでなく、遅延、費用、安全性、回答保留も測り、改善が別の重要指標を悪化させていないことを確認します。,43a5cc24c5519543ae646fecff01bd75ac4fe1e1df3ce1c0dcf3abce3713d9fe,normative_design_statement,no,Wave 4二者レビューで本ガイドの規範として確定,APPROPRIATE_NORMATIVE,FINAL_TWO_REVIEWER_APPROVED
SENT-3211,docs/8.安全に運用する/8.1.セキュリティと権限制御.md,本ガイドでは、API入口、アプリケーション、検索器、ベクトルストア、生成モデル、ツール実行基盤の間を信頼境界として明示します。,91a36a2954fc0d00472c64d40de6697e720dbf893f712caeddb45c5e7e2acb37,normative_design_statement,no,Wave 4二者レビューで本ガイドの規範として確定,APPROPRIATE_NORMATIVE,FINAL_TWO_REVIEWER_APPROVED
SENT-3222,docs/8.安全に運用する/8.1.セキュリティと権限制御.md,権限のないチャンクは、上位候補へ取得してから表示だけを隠すのではなく、検索前または検索中に候補集合から除きます。,946fe1388f26391eccd28036f8fa60a2b066913f70c17d67f79d26de913148e8,normative_design_statement,no,Wave 4二者レビューで本ガイドの規範として確定,APPROPRIATE_NORMATIVE,FINAL_TWO_REVIEWER_APPROVED
SENT-3260,docs/8.安全に運用する/8.2.プライバシーと機密情報.md,情報源から、解析、チャンク、埋め込み、インデックス、検索、生成モデル、回答、記憶、ログまでの流れを図にします。,5bd3a5e9c4b1d902019a7167fa745887d986f688490db3cb2d2c8609b2468d91,normative_design_statement,no,Wave 4二者レビューで本ガイドの規範として確定,APPROPRIATE_NORMATIVE,FINAL_TWO_REVIEWER_APPROVED
SENT-3275,docs/8.安全に運用する/8.2.プライバシーと機密情報.md,RAGの目的に必要な文書、項目、期間だけを取り込み、認証情報や不要な個人情報をチャンクと埋め込みへ含めません。,46c20264c5fa88b316ff99719aec2e83e2da8f1cb5bf8bdeb563c70ebfd4eee4,normative_design_statement,no,Wave 4二者レビューで本ガイドの規範として確定,APPROPRIATE_NORMATIVE,FINAL_TWO_REVIEWER_APPROVED
SENT-3297,docs/8.安全に運用する/8.2.プライバシーと機密情報.md,本番ログを正解付き評価データやモデル改善へ転用する場合は、利用目的、法的根拠、除去手順を再確認します。,e953c8e66c7ef9fbf1d87597b93758c22fb8ab81f90bd74026b3d534b3c2fce0,normative_design_statement,no,Wave 4二者レビューで本ガイドの規範として確定,APPROPRIATE_NORMATIVE,FINAL_TWO_REVIEWER_APPROVED
SENT-3299,docs/8.安全に運用する/8.2.プライバシーと機密情報.md,情報源を削除するときは、元ファイルだけでなく、チャンク、埋め込み、インデックス、キャッシュ、記憶、ログ、バックアップへ変更を伝えます。,75568d37b29680124114591edf4d0732d328122b5b883b87552b4fa2d8cb8f4f,normative_design_statement,no,Wave 4二者レビューで本ガイドの規範として確定,APPROPRIATE_NORMATIVE,FINAL_TWO_REVIEWER_APPROVED
SENT-3321,docs/8.安全に運用する/8.3.Prompt injection・data poisoning対策.md,間接プロンプトインジェクションと検索コーパス汚染について、攻撃入口、必要権限、影響先を整理します。,9870ef08daefc49a9901663dcfbe03d889c7fcd50355540ed2f1204c6f045d27,normative_design_statement,no,Wave 4二者レビューで本ガイドの規範として確定,APPROPRIATE_NORMATIVE,FINAL_TWO_REVIEWER_APPROVED
SENT-3325,docs/8.安全に運用する/8.3.Prompt injection・data poisoning対策.md,情報源、接続処理、解析器とOCR、メタデータ、埋め込み、検索器、コンテキスト、会話記憶、ツールを通じて攻撃が連鎖します。,666ced515ea3a79ca9ae87414d29770e8d748cdde817601efec09287e145ea08,normative_design_statement,no,Wave 4二者レビューで本ガイドの規範として確定,APPROPRIATE_NORMATIVE,FINAL_TWO_REVIEWER_APPROVED
SENT-3363,docs/8.安全に運用する/8.3.Prompt injection・data poisoning対策.md,疑わしい情報源とチャンクを隔離し、トレースから、それを取得した質問、生成した回答、実行したツールを特定します。,29430db9e5839d846b8561a911f06073d75f26f31593dc07435a6b1d6c0db523,normative_design_statement,no,Wave 4二者レビューで本ガイドの規範として確定,APPROPRIATE_NORMATIVE,FINAL_TWO_REVIEWER_APPROVED
SENT-3365,docs/8.安全に運用する/8.3.Prompt injection・data poisoning対策.md,汚染文書から要約や会話記憶が作られている場合は、元チャンクの削除だけでなく派生成果物も消します。,967e23fe3d9253f67015669906c71d541278683ca84e2088978d424687695d7b,normative_design_statement,no,Wave 4二者レビューで本ガイドの規範として確定,APPROPRIATE_NORMATIVE,FINAL_TWO_REVIEWER_APPROVED
SENT-3395,docs/8.安全に運用する/8.4.監査とトレーサビリティ.md,回答を検証可能な主張へ分け、各主張を支持するチャンクと表示上の引用へ結び付けます。,86db774d6b21f33e0d083d10d755a0a16c1272e4910dc67a27937025793f419f,normative_design_statement,no,Wave 4二者レビューで本ガイドの規範として確定,APPROPRIATE_NORMATIVE,FINAL_TWO_REVIEWER_APPROVED
SENT-3401,docs/8.安全に運用する/8.4.監査とトレーサビリティ.md,再現性を判定するときは、モデル、プロンプト、検知器、検索器、再順位付け器、埋め込み、解析器、チャンク分割、インデックス、認可方針を構成版として固定し、いずれかが異なる実行を同一条件とみなしません。,ebc2648b60c5f1d97c394887db4eb05894a724018981ef4743f2018bb483c2f8,normative_design_statement,no,Wave 4二者レビューで本ガイドの規範として確定,APPROPRIATE_NORMATIVE,FINAL_TWO_REVIEWER_APPROVED
SENT-3403,docs/8.安全に運用する/8.4.監査とトレーサビリティ.md,評価報告、機能フラグ、A/Bテストの割り当て、障害時の代替先も同じIDへ結び付けます。,1e0b11b8b648cf064ce6c63ad9f7223672fce151ac8f04993092aac567edf6e6,normative_design_statement,no,Wave 4二者レビューで本ガイドの規範として確定,APPROPRIATE_NORMATIVE,FINAL_TWO_REVIEWER_APPROVED
SENT-3410,docs/8.安全に運用する/8.4.監査とトレーサビリティ.md,問い合わせ対応、利用分析、モデル改善への二次利用は別の権限と目的として扱います。,1ee7a16fe90c935c7bb6c3ddf18d08622516e70c484e968cef57c4b57daf7e4a,normative_design_statement,no,Wave 4二者レビューで本ガイドの規範として確定,APPROPRIATE_NORMATIVE,FINAL_TWO_REVIEWER_APPROVED
SENT-3411,docs/8.安全に運用する/8.4.監査とトレーサビリティ.md,個人情報の除去対象には、検索本文、利用者の質問、拒否理由、ツール引数を含めます。,25cf53e020a5ff120271b62f1bfdb131f39a0bd19b5293ce78e664394b79476d,normative_design_statement,no,Wave 4二者レビューで本ガイドの規範として確定,APPROPRIATE_NORMATIVE,FINAL_TWO_REVIEWER_APPROVED
SENT-3429,docs/8.安全に運用する/8.5.性能と可用性.md,最初のトークンまでの時間、最終回答までの時間、検索時間、ツール時間、成功率、可用性をSLIにします。,48db65408e40a9b5e4b10af6aa12b9258cd5fff426f88368933f1e9402793961,normative_design_statement,no,Wave 4二者レビューで本ガイドの規範として確定,APPROPRIATE_NORMATIVE,FINAL_TWO_REVIEWER_APPROVED
SENT-3434,docs/8.安全に運用する/8.5.性能と可用性.md,これは改善と公開速度を調整するために使い、認可や機密保護を外す根拠にはしません。,43399f2dcec6fac5a0c514702745fde6ae61af43e79c11bce05a334c4d15f1d2,normative_design_statement,no,Wave 4二者レビューで本ガイドの規範として確定,APPROPRIATE_NORMATIVE,FINAL_TWO_REVIEWER_APPROVED
SENT-3435,docs/8.安全に運用する/8.5.性能と可用性.md,最終回答のSLOから、認証、質問変換、検索、再順位付け、配置、生成、検証、ツールへ時間を配分します。,a7e75bb345d1a33bf3333c254be30b51f663e4e68daab41eadc3dfe06b2b18da,normative_design_statement,no,Wave 4二者レビューで本ガイドの規範として確定,APPROPRIATE_NORMATIVE,FINAL_TWO_REVIEWER_APPROVED
SENT-3443,docs/8.安全に運用する/8.5.性能と可用性.md,HNSWでは、グラフの接続数、構築時の探索幅、検索時の探索幅を段階的に変え、Recall、遅延、メモリを同時に比較します。,b1a895f008bdff23ad7749e022b1bf6e1593d5442a5e089d7cb4d9a42c83313f,normative_design_statement,no,Wave 4二者レビューで本ガイドの規範として確定,APPROPRIATE_NORMATIVE,FINAL_TWO_REVIEWER_APPROVED
SENT-3447,docs/8.安全に運用する/8.5.性能と可用性.md,再順位付け候補数、コンテキスト長、出力長、モデル規模は、同じ全体予算を使います。,36ed02f405aba09df96ff12d2595de5338a7162412d7f7a98c6e5f09633fa20e,normative_design_statement,no,Wave 4二者レビューで本ガイドの規範として確定,APPROPRIATE_NORMATIVE,FINAL_TWO_REVIEWER_APPROVED
SENT-3452,docs/8.安全に運用する/8.5.性能と可用性.md,速くなったものの回答が使えず再質問が増える構成は、全体改善とはみなしません。,6074a807d5b0a9ca8f23af45839cd11aa482138e7d57bc4e6969895957e0be2f,normative_design_statement,no,Wave 4二者レビューで本ガイドの規範として確定,APPROPRIATE_NORMATIVE,FINAL_TWO_REVIEWER_APPROVED
SENT-3497,docs/8.安全に運用する/8.6.コスト管理.md,内容のハッシュを使って変更のないチャンクの解析結果や埋め込みを再利用します。,2d06e77e62b39ef7607a9792a6f445c5ada6d3f375bf4a60ddd217c7fb0ad9a9,normative_design_statement,no,Wave 4二者レビューで本ガイドの規範として確定,APPROPRIATE_NORMATIVE,FINAL_TWO_REVIEWER_APPROVED
SENT-3498,docs/8.安全に運用する/8.6.コスト管理.md,解析器、チャンク分割、埋め込みモデルの変更で全件再計算が必要になる条件と、青緑切り替え中の二重保存期間をリリース計画へ含めます。,2c18109f220e377d18c05ca5fa1570efccac6c7b7487a37c68912b06ed92d74e,normative_design_statement,no,Wave 4二者レビューで本ガイドの規範として確定,APPROPRIATE_NORMATIVE,FINAL_TWO_REVIEWER_APPROVED
SENT-3500,docs/8.安全に運用する/8.6.コスト管理.md,簡単な質問は低費用の経路へ送り、複数根拠や低い確信度の質問だけに広い検索と高価な再順位付けを使います。,143806161188d3ca5df24b32262f95f27c1c8da9b1acdb8c5432dcbbf0038b6d,normative_design_statement,no,Wave 4二者レビューで本ガイドの規範として確定,APPROPRIATE_NORMATIVE,FINAL_TWO_REVIEWER_APPROVED
SENT-3502,docs/8.安全に運用する/8.6.コスト管理.md,候補を一件増やすごとにRecall、正答率、完全性がどれだけ変わるかを測り、改善が頭打ちになる点を探します。,4bcbbf19727a8a7cc66b8c371f451497635f455d97a072cc9ded4b7b37fd3d33,normative_design_statement,no,Wave 4二者レビューで本ガイドの規範として確定,APPROPRIATE_NORMATIVE,FINAL_TWO_REVIEWER_APPROVED
SENT-3518,docs/8.安全に運用する/8.6.コスト管理.md,保存量、更新量、検索回数、トークン、ツール呼び出しなど、費用を生む要因に基づいてテナントや機能へ割り当てます。,657c1065d2b69ac7a71d1073fe8697b6c9e3cb0fe9566eaea3ef3af5e77eac5e,normative_design_statement,no,Wave 4二者レビューで本ガイドの規範として確定,APPROPRIATE_NORMATIVE,FINAL_TWO_REVIEWER_APPROVED
SENT-3532,docs/8.安全に運用する/8.7.知識更新と運用.md,文書だけでなく、その文書から作られた解析結果、チャンク、埋め込み、インデックス、キャッシュを一つのライフサイクルとして管理します。,7c643689f877a8c73db8a1d7a5f2ebaec5c9306d4105b9508c44ec1ec3187ad4,normative_design_statement,no,Wave 4二者レビューで本ガイドの規範として確定,APPROPRIATE_NORMATIVE,FINAL_TWO_REVIEWER_APPROVED
SENT-3586,docs/8.安全に運用する/8.8.ガバナンス.md,データ、検索器、インデックス、プロンプト、ツール、会話記憶、評価、日常運用を含むシステム全体を対象にします。,f6fba64d02bae7dbf06d19c395c76f2315f19c6b798fc09c3064ac7d58447a4e,normative_design_statement,no,Wave 4二者レビューで本ガイドの規範として確定,APPROPRIATE_NORMATIVE,FINAL_TWO_REVIEWER_APPROVED
SENT-3604,docs/8.安全に運用する/8.8.ガバナンス.md,RAGを最終判断に使ってよい用途、禁止する用途、必要なhuman review、既知の制約をsystem cardへ明記します。,2357d4e062336189707c18aab0e13d418460a787c53a45869f151bc25d310279,normative_design_statement,no,Wave 4二者レビューで本ガイドの規範として確定,APPROPRIATE_NORMATIVE,FINAL_TWO_REVIEWER_APPROVED
SENT-3607,docs/8.安全に運用する/8.8.ガバナンス.md,公開判断を口頭説明だけにせず、システム概要、構成図、脅威モデル、コーパス台帳、評価報告、既知の制約、運用手順書として残します。,a8fcdbc7908dda17702de3d7919ebc4a3e947a5c317369b2007eac47c1d921b3,normative_design_statement,no,Wave 4二者レビューで本ガイドの規範として確定,APPROPRIATE_NORMATIVE,FINAL_TWO_REVIEWER_APPROVED
SENT-3609,docs/8.安全に運用する/8.8.ガバナンス.md,評価報告には、試した質問スライス、攻撃、安全条件、性能、費用、未解決事項を含めます。,836017ebf08aca164fcf576acaea66197cf57b820e02b4304c2670bd628dbe41,normative_design_statement,no,Wave 4二者レビューで本ガイドの規範として確定,APPROPRIATE_NORMATIVE,FINAL_TWO_REVIEWER_APPROVED
SENT-3610,docs/8.安全に運用する/8.8.ガバナンス.md,モデルとデータの報告枠組みを、検索、生成、ツールを組み合わせたRAG全体へ拡張します。,7248f12c387f78595cf60410a4d73000d0f6c316429d0bc3f125444ce9fd0bff,normative_design_statement,no,Wave 4二者レビューで本ガイドの規範として確定,APPROPRIATE_NORMATIVE,FINAL_TWO_REVIEWER_APPROVED
SENT-3613,docs/8.安全に運用する/8.8.ガバナンス.md,新しい情報源、モデル、埋め込み、解析器、ツール、会話記憶の方針を、変更種類として登録します。,c1d5ab60c620f63667d20d38b7e0f0a4d4fd7365568e39b2ab8257d3008e5ed8,normative_design_statement,no,Wave 4二者レビューで本ガイドの規範として確定,APPROPRIATE_NORMATIVE,FINAL_TWO_REVIEWER_APPROVED
SENT-3630,docs/8.安全に運用する/8.8.ガバナンス.md,当該論文は個別の数値基準には使わず、見直し項目を決める際の観点として扱います。,ee341517b66805e341fa1177379df25c273f626cd0efd9c2b751cd4246018ebe,normative_design_statement,no,Wave 4二者レビューで本ガイドの規範として確定,APPROPRIATE_NORMATIVE,FINAL_TWO_REVIEWER_APPROVED
SENT-3631,docs/8.安全に運用する/8.8.ガバナンス.md,改善が難しい、利用価値が低下した、代替手段が優れる場合は、利用範囲の縮小や廃止も選択します。,bc846d132d61ec0169b91c3e869d1327d9cb188d164225b403c65e5262196a76,normative_design_statement,no,Wave 4二者レビューで本ガイドの規範として確定,APPROPRIATE_NORMATIVE,FINAL_TWO_REVIEWER_APPROVED
SENT-3643,docs/9.失敗パターンに応じて高度化する/9.1.高度化は失敗パターンから選ぶ.md,疎検索と密検索の併用、再順位付け、引用、回答保留、トレースを備え、主要な失敗を正解付き評価データで再現できる状態が目安です。,2fde9f95db7f1e27ac727d8f3fc8193b3732427ef53e52819378e8460393c2d9,normative_design_statement,no,Wave 4二者レビューで本ガイドの規範として確定,APPROPRIATE_NORMATIVE,FINAL_TWO_REVIEWER_APPROVED
SENT-3649,docs/9.失敗パターンに応じて高度化する/9.1.高度化は失敗パターンから選ぶ.md,元の質問、変換後の質問、取得チャンク、再順位付け結果、最終コンテキスト、回答、引用、遅延、費用を同じtrace IDで結び付けます。,bd776ff88e8fc766b10c1fa56269115459c3a75a302a70a83399f4328393c3a5,normative_design_statement,no,Wave 4二者レビューで本ガイドの規範として確定,APPROPRIATE_NORMATIVE,FINAL_TWO_REVIEWER_APPROVED
SENT-3670,docs/9.失敗パターンに応じて高度化する/9.1.高度化は失敗パターンから選ぶ.md,| 長い文書の全体傾向 | 長文、階層型RAG | チャンク拡張で解けるか |,6b21a28cb1c026a4c44a8ae2fc84f20e3a2cade4d769ce28187376b966d17ff7,expository_or_structural,no,Wave 4二者レビューで表・索引・見出し等の非命題要素として確定,REMOVE_OR_REPLACE,FINAL_TWO_REVIEWER_APPROVED
SENT-3690,docs/9.失敗パターンに応じて高度化する/9.1.高度化は失敗パターンから選ぶ.md,すべての質問を同じ高価な処理へ送り、最終回答だけで検索と生成の改善を判断することも避けます。,f8c2788de52daeb83e585e9d697d6302ba53b6cf6bff4bdaf23e8a2960d6064c,normative_design_statement,no,Wave 4二者レビューで本ガイドの規範として確定,APPROPRIATE_NORMATIVE,FINAL_TWO_REVIEWER_APPROVED
SENT-3692,docs/9.失敗パターンに応じて高度化する/9.1.高度化は失敗パターンから選ぶ.md,一変更ずつ要素除去実験を行い、対象失敗を改善しない部品は外します。,7ee8368a7c255b9133b2503f08ab7bafa2143200cfaec77192a6484e96107382,normative_design_statement,no,Wave 4二者レビューで本ガイドの規範として確定,APPROPRIATE_NORMATIVE,FINAL_TWO_REVIEWER_APPROVED
SENT-3693,docs/9.失敗パターンに応じて高度化する/9.1.高度化は失敗パターンから選ぶ.md,手法名を成果として報告しません。,3a427aa20af2469cdf1af42bd87d28be1ea35393fdaf23547b4880691b343e01,normative_design_statement,no,Wave 4二者レビューで本ガイドの規範として確定,APPROPRIATE_NORMATIVE,FINAL_TWO_REVIEWER_APPROVED
SENT-3716,docs/9.失敗パターンに応じて高度化する/9.10.Retrieval-aware training・RA-LLM.md,実際の負荷は実装、インデックス規模、更新頻度によって変わるため、矢印を論文間の実測順位とは解釈しません。,7221206c0f3ad017035a398fb9e8128394e759979449c6cb120f447c8dc7dca5,normative_design_statement,no,Wave 4二者レビューで本ガイドの規範として確定,APPROPRIATE_NORMATIVE,FINAL_TWO_REVIEWER_APPROVED
SENT-3718,docs/9.失敗パターンに応じて高度化する/9.10.Retrieval-aware training・RA-LLM.md,学習対象と効果を分離して比較できない場合は、検索器と生成モデルを同時に変更しません。,2004117955a7bb4e58fa9947797a42e5f250f6e07d39bc7199aa5e910f0bbc6c,normative_design_statement,no,Wave 4二者レビューで本ガイドの規範として確定,APPROPRIATE_NORMATIVE,FINAL_TWO_REVIEWER_APPROVED
SENT-3719,docs/9.失敗パターンに応じて高度化する/9.10.Retrieval-aware training・RA-LLM.md,検索漏れが原因なら検索器を、正しい根拠があるのに無視するなら生成モデルを主な対象にします。,96ef93dc3d5a02296fa4b22df79e40c22f9cfd8c3f5c28a4eed422a154d589f6,normative_design_statement,no,Wave 4二者レビューで本ガイドの規範として確定,APPROPRIATE_NORMATIVE,FINAL_TWO_REVIEWER_APPROVED
SENT-3736,docs/9.失敗パターンに応じて高度化する/9.10.Retrieval-aware training・RA-LLM.md,先にデータ整備、検索方式、再順位付け、配置、プロンプトを改善し、上流の失敗を重み更新で覆わないようにします。,02497d1515a96f2a7c2eafc79946897caa443cf458a5aae93c6c1efabbda327a,normative_design_statement,no,Wave 4二者レビューで本ガイドの規範として確定,APPROPRIATE_NORMATIVE,FINAL_TWO_REVIEWER_APPROVED
SENT-3741,docs/9.失敗パターンに応じて高度化する/9.10.Retrieval-aware training・RA-LLM.md,モデルとインデックスを同時に変えると改善原因を判別できないため、互換性の表を持ち、独立して戻せるようにします。,f3ab3bde216068c330344b75f1d8159c4789a677db76d855480ae5c6f6a8bb9e,normative_design_statement,no,Wave 4二者レビューで本ガイドの規範として確定,APPROPRIATE_NORMATIVE,FINAL_TWO_REVIEWER_APPROVED
SENT-3743,docs/9.失敗パターンに応じて高度化する/9.10.Retrieval-aware training・RA-LLM.md,Model Cardsを使い、対象用途、対象外用途、評価結果、既知の制約を記します。,a26bd768fde773faa648b105514de6d5942440b46a35b3b6062f597bf61e5e73,normative_design_statement,no,Wave 4二者レビューで本ガイドの規範として確定,APPROPRIATE_NORMATIVE,FINAL_TWO_REVIEWER_APPROVED
SENT-3744,docs/9.失敗パターンに応じて高度化する/9.10.Retrieval-aware training・RA-LLM.md,最初に新しいアダプターを既存インデックスで評価し、その後のインデックス更新を別実験にします。,c492ed98ff1249a8d1b5d729a63c54407b6b6eb6b6ebabb2ae4a59d595ae060b,normative_design_statement,no,Wave 4二者レビューで本ガイドの規範として確定,APPROPRIATE_NORMATIVE,FINAL_TWO_REVIEWER_APPROVED
SENT-3772,docs/9.失敗パターンに応じて高度化する/9.11.高度化の導入判断表.md,導入前にfailureを固定datasetとtraceで再現し、期待改善、guardrail metric、最大latency、cost budget、security条件を決めます。,b3bff1383e4f3562d4c3f05339b657cfd73c371274b630b11edd304de5b38503,normative_design_statement,no,Wave 4二者レビューで本ガイドの規範として確定,APPROPRIATE_NORMATIVE,FINAL_TWO_REVIEWER_APPROVED
SENT-3774,docs/9.失敗パターンに応じて高度化する/9.11.高度化の導入判断表.md,高度化後も改善が再現しない、別sliceを悪化させる、運用負荷やsecurity riskが許容範囲を超える場合は採用を止めます。,d8dad0ded30a80d44acbbd3e286054ff57bce06ca23e9eeb8b3f58cf7fb9abbd,normative_design_statement,no,Wave 4二者レビューで本ガイドの規範として確定,APPROPRIATE_NORMATIVE,FINAL_TWO_REVIEWER_APPROVED
SENT-3790,docs/9.失敗パターンに応じて高度化する/9.2.Conversational RAG.md,Query Resolutionのように、現在の質問を解決するために必要な履歴を選びます。,06bcc22790d09cc1b6b070eaffa2c618722d94eb39b3b988e5809bf821bfb383,normative_design_statement,no,Wave 4二者レビューで本ガイドの規範として確定,APPROPRIATE_NORMATIVE,FINAL_TWO_REVIEWER_APPROVED
SENT-3802,docs/9.失敗パターンに応じて高度化する/9.2.Conversational RAG.md,まず汎用検索器と質問書き換えを試し、それでは再現可能な失敗が残る場合に専用符号化器を検討します。,0c2ef2f7f8897c37d4dcb7af5ed462d31caf8810d2674cffef12b5c5280e123c,normative_design_statement,no,Wave 4二者レビューで本ガイドの規範として確定,APPROPRIATE_NORMATIVE,FINAL_TWO_REVIEWER_APPROVED
SENT-3834,docs/9.失敗パターンに応じて高度化する/9.3.Federated・Routed RAG.md,効果の主な根拠には、前述の査読付き研究を使います。,7a85ac632c7049fe1a589bcf9d50524159c6b1771e9399cc4cd3d69ecf39113b,normative_design_statement,no,Wave 4二者レビューで本ガイドの規範として確定,APPROPRIATE_NORMATIVE,FINAL_TWO_REVIEWER_APPROVED
SENT-3850,docs/9.失敗パターンに応じて高度化する/9.3.Federated・Routed RAG.md,規程文書には疎検索と密検索、売上データにはSQL、関係データにはグラフ探索、現在状態にはAPIを使います。,f3f413803436570f2bc38eff274dcb9b44a367bf015fe8d9b52ce67a37dd1921,normative_design_statement,no,Wave 4二者レビューで本ガイドの規範として確定,APPROPRIATE_NORMATIVE,FINAL_TWO_REVIEWER_APPROVED
SENT-3882,docs/9.失敗パターンに応じて高度化する/9.4.Structured Data RAG.md,最新値や集計を文書チャンクから推測せず、正本へ安全に問い合わせ、その結果を根拠として説明します。,42d54c12118ee38bb3ba12d4e2fbed3040aa8bcd2f58de05f972dea6036473e6,normative_design_statement,no,Wave 4二者レビューで本ガイドの規範として確定,APPROPRIATE_NORMATIVE,FINAL_TWO_REVIEWER_APPROVED
SENT-3955,docs/9.失敗パターンに応じて高度化する/9.5.Long-context RAG.md,全文を渡したというだけで改善と判断せず、根拠利用率、完全性、引用精度を測ります。,fd67856395cdfdf4868a376246587fdb62b6ab816f2c5f95b64ed4ee5746d3a6,normative_design_statement,no,Wave 4二者レビューで本ガイドの規範として確定,APPROPRIATE_NORMATIVE,FINAL_TWO_REVIEWER_APPROVED
SENT-3984,docs/9.失敗パターンに応じて高度化する/9.5.Long-context RAG.md,信頼度の低い情報源やプロンプトインジェクションを含むページを、一括して入力へ入れません。,c27187c22cfae134283ad216ee7bc2c590e98db9fad91d7283d5e1611c16e8cd,normative_design_statement,no,Wave 4二者レビューで本ガイドの規範として確定,APPROPRIATE_NORMATIVE,FINAL_TWO_REVIEWER_APPROVED
SENT-3987,docs/9.失敗パターンに応じて高度化する/9.5.Long-context RAG.md,外部提供者へ送るトークン量、処理地域、保存設定を確認し、入力枠の余裕をデータ最小化の放棄理由にしません。,33f7572c9b88dc73ce279aa24ca3db4115285686d9c9c9b0905516527419094a,normative_design_statement,no,Wave 4二者レビューで本ガイドの規範として確定,APPROPRIATE_NORMATIVE,FINAL_TWO_REVIEWER_APPROVED
SENT-4055,docs/9.失敗パターンに応じて高度化する/9.7.GraphRAG.md,構築は、固有表現と関係の抽出、同じ対象の統合、元チャンクとの対応、関係の密な集団の検出、集団要約の生成という順で進めます。,1dec731612bfdc44292bc678972230baf15d8580c9e68dc58bb21cb6b47a0b94,normative_design_statement,no,Wave 4二者レビューで本ガイドの規範として確定,APPROPRIATE_NORMATIVE,FINAL_TWO_REVIEWER_APPROVED
SENT-4063,docs/9.失敗パターンに応じて高度化する/9.7.GraphRAG.md,分類の確信度が低い場合は、ベクトル検索で開始点を探し、グラフ探索を組み合わせます。,919fc5b04c7d7c2bd00e4d4cd80915b394798b48e2dc95b5427b78e2dd4e8f87,normative_design_statement,no,Wave 4二者レビューで本ガイドの規範として確定,APPROPRIATE_NORMATIVE,FINAL_TWO_REVIEWER_APPROVED
SENT-4071,docs/9.失敗パターンに応じて高度化する/9.7.GraphRAG.md,各経路の関係を元チャンクへ結び付けます。,4f3d79e13bba68916c4efeccabe735813a55f3bc4db89e7277e16fe607f3b2f9,normative_design_statement,no,Wave 4二者レビューで本ガイドの規範として確定,APPROPRIATE_NORMATIVE,FINAL_TWO_REVIEWER_APPROVED
SENT-4086,docs/9.失敗パターンに応じて高度化する/9.7.GraphRAG.md,文書を削除するときは、チャンクだけでなく、その文書から作った関係と要約も再計算します。,22e8589be6272e5aad9666f8fc7f66a9c66b74d07217749a749a81fcc72057b1,normative_design_statement,no,Wave 4二者レビューで本ガイドの規範として確定,APPROPRIATE_NORMATIVE,FINAL_TWO_REVIEWER_APPROVED
SENT-4129,docs/9.失敗パターンに応じて高度化する/9.8.Multimodal RAG.md,まず媒体内で順位を作り、その後に順位統合、質問経路、証拠間の関係を使ってまとめます。,92969df22699852cc84dee092da86a4f46cb4e6ebccb31bf9105baf6806ca6ec,normative_design_statement,no,Wave 4二者レビューで本ガイドの規範として確定,APPROPRIATE_NORMATIVE,FINAL_TWO_REVIEWER_APPROVED
SENT-4130,docs/9.失敗パターンに応じて高度化する/9.8.Multimodal RAG.md,異なる符号化器のコサイン類似度を、そのまま足しません。,61aab6615a393a0bb15ffdc494c2296294f80778c246d3cbffdbb06215331447,normative_design_statement,no,Wave 4二者レビューで本ガイドの規範として確定,APPROPRIATE_NORMATIVE,FINAL_TWO_REVIEWER_APPROVED
SENT-4134,docs/9.失敗パターンに応じて高度化する/9.8.Multimodal RAG.md,本書では、査読付き研究が複数ある文書画像検索、レイアウト解析、表構造認識を中心に扱います。,0fe743d8d80bf68b119603f121ba339d383f522f4596459431047dd7e069d61a,normative_design_statement,no,Wave 4二者レビューで本ガイドの規範として確定,APPROPRIATE_NORMATIVE,FINAL_TWO_REVIEWER_APPROVED
SENT-4150,docs/9.失敗パターンに応じて高度化する/9.8.Multimodal RAG.md,顔、個人情報、画面上の認証情報、画像内のプロンプトインジェクションを安全試験へ含めます。,0cdaac68472b55bd79580694a737944916c6fedd58aeaa4964ebd7e285131864,normative_design_statement,no,Wave 4二者レビューで本ガイドの規範として確定,APPROPRIATE_NORMATIVE,FINAL_TWO_REVIEWER_APPROVED
SENT-4167,docs/9.失敗パターンに応じて高度化する/9.9.Agentic RAG.md,本番では自由な無限ループを許さず、最大手順数、終了期限、トークンと金額の上限、代替経路を状態遷移へ組み込みます。,18e166a56725043bd02aae2a48c926c27d487f4c7365224b09806f930b4585ea,normative_design_statement,no,Wave 4二者レビューで本ガイドの規範として確定,APPROPRIATE_NORMATIVE,FINAL_TWO_REVIEWER_APPROVED
SENT-4187,docs/9.失敗パターンに応じて高度化する/9.9.Agentic RAG.md,図9-7は、生成モデルの提案を、ツール台帳、引数検証、サーバー側認可、必要な場合の人の承認、実行の順に通す設計として読みます。,312c145084e5d7e575b875c4d28462a9c90b2af6a3bf3b7a42b4e88eb7e08135,normative_design_statement,no,Wave 4二者レビューで本ガイドの規範として確定,APPROPRIATE_NORMATIVE,FINAL_TWO_REVIEWER_APPROVED
SENT-4203,docs/9.失敗パターンに応じて高度化する/9.9.Agentic RAG.md,エージェントが読む文書、メール、Webページ、ツール結果は未信頼入力として扱い、その中の命令を上位指示や認可判断として実行しません。,c30d3a824e2914166ff71bb0a3a7e896186a2acb4bb57690bd9cec4f237a5da6,normative_design_statement,no,Wave 4二者レビューで本ガイドの規範として確定,APPROPRIATE_NORMATIVE,FINAL_TWO_REVIEWER_APPROVED
SENT-4217,docs/9.失敗パターンに応じて高度化する/9.9.Agentic RAG.md,通常RAGまたは固定手順を基準とし、対象失敗の改善が追加の遅延、費用、手順のばらつきに見合うかを比較します。,97c5f2216b9107c36f2fe4107838fc8ce6f21ee9cc86454c4892cb7de92cf0fe,normative_design_statement,no,Wave 4二者レビューで本ガイドの規範として確定,APPROPRIATE_NORMATIVE,FINAL_TWO_REVIEWER_APPROVED
SENT-4218,docs/9.失敗パターンに応じて高度化する/9.9.Agentic RAG.md,ツール障害、矛盾する結果、プロンプトインジェクション、予算切れ、権限変更をストレス試験へ含めます。,93fa5158106f4d159b4072e3e7c2d2a4a13ae7c42e3f07de712c8aa6ed7fe9f3,normative_design_statement,no,Wave 4二者レビューで本ガイドの規範として確定,APPROPRIATE_NORMATIVE,FINAL_TWO_REVIEWER_APPROVED
SENT-4223,docs/9.失敗パターンに応じて高度化する/9.9.Agentic RAG.md,複数エージェント化は、個別の検証計画を用意できる場合の実験対象とします。,f6af5a12e47bfa62aa7740f4a66b9c1545e0bd171e7c64e01b7cb3ece80c5e89,normative_design_statement,no,Wave 4二者レビューで本ガイドの規範として確定,APPROPRIATE_NORMATIVE,FINAL_TWO_REVIEWER_APPROVED
SENT-4224,docs/9.失敗パターンに応じて高度化する/序文.md,基本RAGの評価後も、会話文脈、複数source、構造化データ、長文、関係探索、図表、業務操作の各sliceで失敗が残るかを個別に確認します。,540b19285bb4b099bf9fe0d4e8efb828f09fd24c8dbb9bbb55d3a70a774aa5bd,normative_design_statement,no,Wave 4二者レビューで本ガイドの規範として確定,APPROPRIATE_NORMATIVE,FINAL_TWO_REVIEWER_APPROVED
SENT-4233,docs/9.失敗パターンに応じて高度化する/序文.md,Federated・Routed RAGは、Adaptive-RAGとWhen and How to Augment Your Inputを根拠に、情報源別のRecallと費用を測るルーティングを扱います。,e3877e38d3103cda6a79f46a528b71d12b373c4a691284b5a45c481ed7fa33b6,normative_design_statement,no,Wave 4二者レビューで本ガイドの規範として確定,APPROPRIATE_NORMATIVE,FINAL_TWO_REVIEWER_APPROVED
SENT-4246,docs/9.失敗パターンに応じて高度化する/序文.md,各方式は、対象となる失敗、仕組み、研究上の根拠、評価方法、停止条件の順に確認します。,e6431960142aadc970f8257b3cfe7fc48bd6f4180a0ce46949775845581482e4,normative_design_statement,no,Wave 4二者レビューで本ガイドの規範として確定,APPROPRIATE_NORMATIVE,FINAL_TWO_REVIEWER_APPROVED
SENT-4247,docs/9.失敗パターンに応じて高度化する/序文.md,単一の指標や一つのデータセットだけで一般化せず、基本構成との差を同じ評価データで測ります。,753849a9994c90ee993c28c8abf305a070f03191084039cb3d0ac20ed9d7eba1,normative_design_statement,no,Wave 4二者レビューで本ガイドの規範として確定,APPROPRIATE_NORMATIVE,FINAL_TWO_REVIEWER_APPROVED
SENT-4265,docs/章構成.md,1.7. RAGを支える研究,4bbf0aea061225f11ef6d5e4c7cfcfa1f714e69ba779403682ea98945a477a34,expository_or_structural,no,Wave 4二者レビューで表・索引・見出し等の非命題要素として確定,REMOVE_OR_REPLACE,FINAL_TWO_REVIEWER_APPROVED
SENT-4302,docs/章構成.md,5.4. Context compression,4e2b92733ec37ee1312d5acda1897a39c730093d9b89a22de3c63d5aa37d14d4,expository_or_structural,no,Wave 4二者レビューで表・索引・見出し等の非命題要素として確定,REMOVE_OR_REPLACE,FINAL_TWO_REVIEWER_APPROVED
SENT-4314,docs/章構成.md,6.4. Citation設計,6b7d61f69ad023ff7cf167241321f3d4668b4836dfcfb135c5dc4b2cd8efa4e0,expository_or_structural,no,Wave 4二者レビューで表・索引・見出し等の非命題要素として確定,REMOVE_OR_REPLACE,FINAL_TWO_REVIEWER_APPROVED
SENT-4372,docs/索引.md,埋め込み（Embedding）：[Embedding設計](3.回答に使う資料を準備する/3.6.Embedding設計.md),a131bcdffa2409cac49a9c7a52fcc7b69a8c73a7d1f8cfb4bb236d93ad2a699b,expository_or_structural,no,Wave 4二者レビューで表・索引・見出し等の非命題要素として確定,REMOVE_OR_REPLACE,FINAL_TWO_REVIEWER_APPROVED
SENT-4385,docs/索引.md,再順位付け（Reranking）：[Reranking](5.根拠を選別・整形する/5.3.Reranking.md),85be0bc918a9e9efcd63eb6474254edc195c172f303e3fd96480c14bfd6e4d93,expository_or_structural,no,Wave 4二者レビューで表・索引・見出し等の非命題要素として確定,REMOVE_OR_REPLACE,FINAL_TWO_REVIEWER_APPROVED
SENT-4387,docs/索引.md,疎検索（Sparse retrieval）：[Sparse retrieval](4.質問に合う根拠を探す/4.3.Sparse retrieval.md),f4407800758a0c94ab57eec0495f1bae78f56917b2145771cd67a9309280d07a,expository_or_structural,no,Wave 4二者レビューで表・索引・見出し等の非命題要素として確定,REMOVE_OR_REPLACE,FINAL_TWO_REVIEWER_APPROVED
SENT-4389,docs/索引.md,チャンク分割（Chunking）：[Chunking設計](3.回答に使う資料を準備する/3.4.Chunking設計.md),ba2b556e77a19bbf69a65ea76cf72510ae6c955bedcdd076add6d8a17c6a735f,expository_or_structural,no,Wave 4二者レビューで表・索引・見出し等の非命題要素として確定,REMOVE_OR_REPLACE,FINAL_TWO_REVIEWER_APPROVED
SENT-4394,docs/索引.md,ハイブリッド検索（Hybrid retrieval）：[Hybrid retrieval](4.質問に合う根拠を探す/4.5.Hybrid retrieval.md),9f71a5b0aad1a27e51e30257cad1e2b383000722ce864bfa665a5eb8739e3c1a,expository_or_structural,no,Wave 4二者レビューで表・索引・見出し等の非命題要素として確定,REMOVE_OR_REPLACE,FINAL_TWO_REVIEWER_APPROVED
SENT-4398,docs/索引.md,密検索（Dense retrieval）：[Dense retrieval](4.質問に合う根拠を探す/4.4.Dense retrieval.md),f66f77c4c1177276ee2cd964adf41fb0a605c9bea6d0a1e8b5d27f66669ec68e,expository_or_structural,no,Wave 4二者レビューで表・索引・見出し等の非命題要素として確定,REMOVE_OR_REPLACE,FINAL_TWO_REVIEWER_APPROVED
SENT-4407,docs/索引.md,ANN（Approximate Nearest Neighbor、近似最近傍探索）：[Index構築とライフサイクル](3.回答に使う資料を準備する/3.7.Index構築とライフサイクル.md),bdfd42562e25506a6c012e05a4aae13dd7362e0400b2e3fa0e0e0a1cdfe1e0ba,expository_or_structural,no,Wave 4二者レビューで表・索引・見出し等の非命題要素として確定,REMOVE_OR_REPLACE,FINAL_TWO_REVIEWER_APPROVED
SENT-4410,docs/索引.md,HNSW（Hierarchical Navigable Small World）：[Index構築とライフサイクル](3.回答に使う資料を準備する/3.7.Index構築とライフサイクル.md),9ea2e898f151f914433a06adb33ce1f972e8bb50081f6a32de21b1ab71675f11,expository_or_structural,no,Wave 4二者レビューで表・索引・見出し等の非命題要素として確定,REMOVE_OR_REPLACE,FINAL_TWO_REVIEWER_APPROVED
SENT-4413,docs/索引.md,MMR（Maximal Marginal Relevance、最大周辺関連性）：[重複排除とDiversity](5.根拠を選別・整形する/5.2.重複排除とDiversity.md),0ebcc6f3f8b9d50cb357afb404e9157c320a74f6eb7430bce133daf6d01ef549,expository_or_structural,no,Wave 4二者レビューで表・索引・見出し等の非命題要素として確定,REMOVE_OR_REPLACE,FINAL_TWO_REVIEWER_APPROVED
SENT-4415,docs/索引.md,RRF（Reciprocal Rank Fusion、相互順位統合）：[Query変換](4.質問に合う根拠を探す/4.2.Query変換.md),24ff96a5b65252c8666d4b20d740099e21ec3407549de396bdaacce7d1693149,expository_or_structural,no,Wave 4二者レビューで表・索引・見出し等の非命題要素として確定,REMOVE_OR_REPLACE,FINAL_TWO_REVIEWER_APPROVED
SENT-4417,docs/索引.md,SLO（Service Level Objective、サービス水準目標）：[Regression・A-B・Canary](7.品質を評価し改善する/7.8.Regression・A-B・Canary.md),d414d53386e35db16dea88b2d95aedf1e23ab149557257aa3d2be98fc5c76cf6,expository_or_structural,no,Wave 4二者レビューで表・索引・見出し等の非命題要素として確定,REMOVE_OR_REPLACE,FINAL_TWO_REVIEWER_APPROVED
SENT-4418,docs/索引.md,TF-IDF（Term Frequency-Inverse Document Frequency、単語頻度・逆文書頻度）：[Sparse retrieval](4.質問に合う根拠を探す/4.3.Sparse retrieval.md),95b584831193420714f71c6fe92d6f43b5b6a961b5a323f1a3118067dd6e8d80,expository_or_structural,no,Wave 4二者レビューで表・索引・見出し等の非命題要素として確定,REMOVE_OR_REPLACE,FINAL_TWO_REVIEWER_APPROVED
