sentence_id,logical_operator,relation_disposition,evidence_source_ids,evidence_locator,spec_contract,relation_reviewer,relation_review_date,relation_status,notes
SENT-0105,NOT,REMOVED_BY_REWRITE,,,,codex-independent-wave4,2026-08-15,VERIFIED,原文の未支持NOT/IMPLIESを、署名済み修正文または非命題分類で解消した。
SENT-0109,IMPLIES,SPEC_CONTRACT_SUPPORTED,,,重複排除、独自reranking、矛盾処理、Evidence Set、claim単位の検査を入れる場合は、Retrieve → Lambdaなどの検索後処理 → Converseへ分けることを定める検索・経路選択規則について、この規則に示したservice経路を対象regionで一件ずつ実行し、各stageのrequest/response、artifact ID、failure responseを同じintegration traceへ保存する。,codex-independent-wave4,2026-08-15,VERIFIED,外部事実ではなく本ガイドのローカル契約として確定した。
SENT-0124,NOT,REMOVED_BY_REWRITE,,,,codex-independent-wave4,2026-08-15,VERIFIED,原文の未支持NOT/IMPLIESを、署名済み修正文または非命題分類で解消した。
SENT-0131,IMPLIES,SPEC_CONTRACT_SUPPORTED,,,固有名詞、製品コード、条文番号などで語彙一致の取りこぼしが再現した場合に、対応storeのHYBRID、複数検索器、またはManaged Knowledge Baseへ進むことを定める検索・経路選択規則について、この規則で指定した検索経路と分岐条件をtraceへ記録し、条件を満たすfixtureと満たさないfixtureで、選択retriever、candidate集合、fallback先が期待値に一致することを確認する。,codex-independent-wave4,2026-08-15,VERIFIED,外部事実ではなく本ガイドのローカル契約として確定した。
SENT-0155,IMPLIES,SPEC_CONTRACT_SUPPORTED,,,Knowledge Basesへ既存indexを接続するときは、embeddingのdimensionとindexのdimensionが一致することを確認することを定める構成・設定規則について、この規則に列挙したdimension、field名、metadata型をdeployment manifestと実index schemaで照合し、不一致構成が接続testで拒否されることを確認する。,codex-independent-wave4,2026-08-15,VERIFIED,外部事実ではなく本ガイドのローカル契約として確定した。
SENT-0156,IMPLIES,SPEC_CONTRACT_SUPPORTED,,,OpenSearch Serverlessを接続する場合は、vector field、filterableなtext field、filter対象のmetadata field、Bedrockが管理するmetadata fieldの名前も接続設定と同じmanifestへ記録することを定める追跡性・証跡管理規則について、この規則に列挙したdimension、field名、metadata型をdeployment manifestと実index schemaで照合し、不一致構成が接続testで拒否されることを確認する。,codex-independent-wave4,2026-08-15,VERIFIED,外部事実ではなく本ガイドのローカル契約として確定した。
SENT-0160,IMPLIES,SPEC_CONTRACT_SUPPORTED,,,表、図、複雑なlayoutを検索対象にする場合は、高度な文書解析のBedrock Data Automationまたはfoundation model parserを比較することを定める評価・採否規則について、この規則に挙げたmodelまたはserviceを同一の日本語gold query、document version、candidate数で実行し、Recallとlatencyを比較して採否を記録する。,codex-independent-wave4,2026-08-15,VERIFIED,外部事実ではなく本ガイドのローカル契約として確定した。
SENT-0163,NOT,SPEC_CONTRACT_SUPPORTED,,,標準処理で出典位置または業務上の検索単位を保持できない文書形式だけを対象にし、custom transformation Lambdaの出力chunkがsource URI、page/section locator、業務単位IDをすべて持つことをfixtureで確認する。,codex-independent-wave4,2026-08-15,VERIFIED,外部事実ではなく本ガイドのローカル契約として確定した。
SENT-0171,NOT,SPEC_CONTRACT_SUPPORTED,,,親子関係はmetadataを増やすため、S3 Vectorsでは1 KBのcustom metadata上限を超えないことを先に確認することを定める運用規則について、この規則に列挙したdimension、field名、metadata型をdeployment manifestと実index schemaで照合し、不一致構成が接続testで拒否されることを確認する。,codex-independent-wave4,2026-08-15,VERIFIED,外部事実ではなく本ガイドのローカル契約として確定した。
SENT-0189,NOT,SPEC_CONTRACT_SUPPORTED,,,S3 Vectorsなど疎検索を提供しないstoreではSEMANTICを使います。 S3 Vectors接続でsparse capabilityが無いfixtureにSEMANTICを設定し、検索requestが成功することとHYBRIDを送らないことをintegration traceで確認します。,codex-independent-wave4,2026-08-15,VERIFIED,外部事実ではなく本ガイドのローカル契約として確定した。
SENT-0197,NOT,SOURCE_SUPPORTED,SRC-179;SRC-189,"https://docs.aws.amazon.com/AmazonS3/latest/userguide/s3-vectors-bedrock-kb.html, “Limitations” > “Semantic search only”; https://docs.aws.amazon.com/AmazonS3/latest/userguide/s3-vectors-query.html, “Querying vectors”; https://docs.aws.amazon.com/AmazonS3/latest/userguide/s3-vectors-metadata-filtering.html, “Metadata filtering”",,codex-independent-wave4,2026-08-15,VERIFIED,二者レビューで関係自体を一次資料locatorへ限定した。
SENT-0203,NOT,SPEC_CONTRACT_SUPPORTED,,,複数検索器のscoreは尺度が異なるため直接加算せず、正規化、順位統合、または再順位付けのいずれかを事前に定めて用いることを定める検索・経路選択規則について、この規則の統合規則をversion管理し、複数retrieverが返す既知rank listから期待するcandidate順序を再現し、生scoreの無条件加算や重複candidateが発生しないことを確認する。,codex-independent-wave4,2026-08-15,VERIFIED,外部事実ではなく本ガイドのローカル契約として確定した。
SENT-0215,IMPLIES,SPEC_CONTRACT_SUPPORTED,,,S3 Vectorsを直接queryする場合は、S3 Vectorsのmetadata filterに記載されたoperatorだけを使うことを定める運用規則について、この規則に列挙したdimension、field名、metadata型をdeployment manifestと実index schemaで照合し、不一致構成が接続testで拒否されることを確認する。,codex-independent-wave4,2026-08-15,VERIFIED,外部事実ではなく本ガイドのローカル契約として確定した。
SENT-0225,NOT,SPEC_CONTRACT_SUPPORTED,,,managed種別のintegration testでRetrieveAndGenerate呼出しが0件であり、取得結果、citation、ACLがConverseまで保持されること。,codex-independent-wave4,2026-08-15,VERIFIED,外部事実ではなく本ガイドのローカル契約として確定した。
SENT-0226,IMPLIES,SPEC_CONTRACT_SUPPORTED,,,Managed Knowledge BaseではRetrieveまたはAgenticRetrieveStreamで根拠を取得し、生成が必要な場合は結果をConverseへ渡すことを定める運用規則について、この規則に含まれるservice、API、operator、region、versionをmanifestへ固定し、公式仕様の該当headingと実requestの成功・非対応errorが一致することを確認する。,codex-independent-wave4,2026-08-15,VERIFIED,外部事実ではなく本ガイドのローカル契約として確定した。
SENT-0227,IMPLIES,SPEC_CONTRACT_SUPPORTED,,,カスタマーマネージド型でKnowledge Basesの標準引用と生成が要件を満たす場合はRetrieveAndGenerateを使います。 Knowledge Bases標準citationのsource spanと生成回答を要件fixtureで照合し、citation形式と生成品質のgateを満たすrequestだけをRetrieveAndGenerateへ送ります。,codex-independent-wave4,2026-08-15,VERIFIED,外部事実ではなく本ガイドのローカル契約として確定した。
SENT-0228,IMPLIES,SPEC_CONTRACT_SUPPORTED,,,検索結果の重複、版、矛盾、根拠不足を独自に検査する場合は、Retrieve → LambdaでEvidence Set作成 → Converseへ分けることを定める追跡性・証跡管理規則について、この規則に示したservice経路を対象regionで一件ずつ実行し、各stageのrequest/response、artifact ID、failure responseを同じintegration traceへ保存する。,codex-independent-wave4,2026-08-15,VERIFIED,外部事実ではなく本ガイドのローカル契約として確定した。
SENT-0240,IMPLIES,SPEC_CONTRACT_SUPPORTED,,,JSON Schemaで出力を制約できるmodelとregionは利用時点の対応状況を確認し、非対応の場合もアプリケーション側で同じschemaを検証することを定める構成・設定規則について、この規則に列挙したdimension、field名、metadata型をdeployment manifestと実index schemaで照合し、不一致構成が接続testで拒否されることを確認する。,codex-independent-wave4,2026-08-15,VERIFIED,外部事実ではなく本ガイドのローカル契約として確定した。
SENT-0242,NOT,REMOVED_BY_REWRITE,,,,codex-independent-wave4,2026-08-15,VERIFIED,原文の未支持NOT/IMPLIESを、署名済み修正文または非命題分類で解消した。
SENT-0244,NOT,SPEC_CONTRACT_SUPPORTED,,,guardrail判定、evidence support判定、ACL判定を別fieldで記録し、どれか一つの成功を他の判定の代用にしない。,codex-independent-wave4,2026-08-15,VERIFIED,外部事実ではなく本ガイドのローカル契約として確定した。
SENT-0269,IMPLIES,SPEC_CONTRACT_SUPPORTED,,,Amazon OpenSearch Serverlessを使う場合、indexはfaiss engineで作成し、embedding modelと同じdimensionのvector field、raw chunkを保存するfilterableなtext field、filter対象metadata、Bedrock metadata fieldを定義することを定める用語・工程定義について、この規則に列挙したdimension、field名、metadata型をdeployment manifestと実index schemaで照合し、不一致構成が接続testで拒否されることを確認する。,codex-independent-wave4,2026-08-15,VERIFIED,外部事実ではなく本ガイドのローカル契約として確定した。
SENT-0282,NOT,SPEC_CONTRACT_SUPPORTED,,,各候補に安定ID、検索器、元順位、元score、文書版、権限属性を付け、Evidence Setまでの変換をtraceで再現できること。,codex-independent-wave4,2026-08-15,VERIFIED,外部事実ではなく本ガイドのローカル契約として確定した。
SENT-0293,NOT,SPEC_CONTRACT_SUPPORTED,,,Managed Knowledge BaseではRetrieveAndGenerateを使用せず、検索にRetrieveまたはAgenticRetrieveStreamを使うことを定める運用規則について、この規則に含まれるservice、API、operator、region、versionをmanifestへ固定し、公式仕様の該当headingと実requestの成功・非対応errorが一致することを確認する。,codex-independent-wave4,2026-08-15,VERIFIED,外部事実ではなく本ガイドのローカル契約として確定した。
SENT-0390,IMPLIES,SPEC_CONTRACT_SUPPORTED,,,指標の計算方法と、正解根拠が複数ある場合の扱いは[Retrieval評価](../7.品質を評価し改善する/7.4.Retrieval評価.md)で説明します。 Retrieval評価への参照 ../7.品質を評価し改善する/7.4.Retrieval評価.md がrepository内で解決し、リンク先に本文が案内する定義・評価手順が存在することをlink checkと章レビューで確認します。,codex-independent-wave4,2026-08-15,VERIFIED,外部事実ではなく本ガイドのローカル契約として確定した。
SENT-0422,IMPLIES,REMOVED_BY_REWRITE,,,,codex-independent-wave4,2026-08-15,VERIFIED,原文の未支持NOT/IMPLIESを、署名済み修正文または非命題分類で解消した。
SENT-0481,NOT,REMOVED_BY_REWRITE,,,,codex-independent-wave4,2026-08-15,VERIFIED,原文の未支持NOT/IMPLIESを、署名済み修正文または非命題分類で解消した。
SENT-0594,NOT,SPEC_CONTRACT_SUPPORTED,,,取得要求がHTTP成功でも、schema、record count、必須metadata、本文非空、重複率の検査を通過しなければ正常取り込みとせず、対象batchを隔離する。,codex-independent-wave4,2026-08-15,VERIFIED,外部事実ではなく本ガイドのローカル契約として確定した。
SENT-0680,NOT,REMOVED_BY_REWRITE,,,,codex-independent-wave4,2026-08-15,VERIFIED,原文の未支持NOT/IMPLIESを、署名済み修正文または非命題分類で解消した。
SENT-0700,NOT,SPEC_CONTRACT_SUPPORTED,,,学術論文だけで評価した解析器が、帳票や規程でも同じ性能を持つとは限りません。 学術論文・帳票・規程を分けたgold document setで同じparserを実行し、表・見出し・条項・注記のspan保持率をdocument class別に記録してから適用範囲を決めます。,codex-independent-wave4,2026-08-15,VERIFIED,外部事実ではなく本ガイドのローカル契約として確定した。
SENT-0728,NOT,REMOVED_BY_REWRITE,,,,codex-independent-wave4,2026-08-15,VERIFIED,原文の未支持NOT/IMPLIESを、署名済み修正文または非命題分類で解消した。
SENT-0777,IMPLIES,SPEC_CONTRACT_SUPPORTED,,,再解析前後のblock_idを対応付け、変更blockから派生したchunk_id、embedding version、citation_idを依存台帳で逆引きできることを検査する。,codex-independent-wave4,2026-08-15,VERIFIED,外部事実ではなく本ガイドのローカル契約として確定した。
SENT-0782,NOT,REMOVED_BY_REWRITE,,,,codex-independent-wave4,2026-08-15,VERIFIED,原文の未支持NOT/IMPLIESを、署名済み修正文または非命題分類で解消した。
SENT-0807,IMPLIES,SPEC_CONTRACT_SUPPORTED,,,検索改善を評価するときは、解析品質と分割品質を区別することを定める評価・採否規則について、本文に列挙した対象・条件・指標を個別fieldへ保存し、同一runの実装結果または評価結果と一致することを確認する。,codex-independent-wave4,2026-08-15,VERIFIED,外部事実ではなく本ガイドのローカル契約として確定した。
SENT-0834,NOT,SPEC_CONTRACT_SUPPORTED,,,生成した命題は原文の代替にせず、元の文と親チャンクへ必ず結び付けることを定めるローカル設計規則について、この規則に列挙したID、version、artifactを必須schema fieldにし、任意のanswer/citationからsource document、original span、chunk、retrieval rank、configuration versionへ欠損なく到達できることを確認する。,codex-independent-wave4,2026-08-15,VERIFIED,外部事実ではなく本ガイドのローカル契約として確定した。
SENT-0873,NOT,SPEC_CONTRACT_SUPPORTED,,,検索設定を固定してLLMへ渡すchunk単位だけを変え、retrieval hit、evidence sufficiency、answer correctnessを同じquestion IDで比較し、検索改善が最終回答へ反映されたか判定する。,codex-independent-wave4,2026-08-15,VERIFIED,外部事実ではなく本ガイドのローカル契約として確定した。
SENT-0877,NOT,REMOVED_BY_REWRITE,,,,codex-independent-wave4,2026-08-15,VERIFIED,原文の未支持NOT/IMPLIESを、署名済み修正文または非命題分類で解消した。
SENT-0884,NOT,SPEC_CONTRACT_SUPPORTED,,,公開対象の全chunkでsource URIとpage/section/offsetのいずれかを必須にし、引用表示から原文範囲へ戻れないchunkが一件でもあれば公開gateを失敗させる。,codex-independent-wave4,2026-08-15,VERIFIED,外部事実ではなく本ガイドのローカル契約として確定した。
SENT-0898,NOT,REMOVED_BY_REWRITE,,,,codex-independent-wave4,2026-08-15,VERIFIED,原文の未支持NOT/IMPLIESを、署名済み修正文または非命題分類で解消した。
SENT-1042,NOT,REMOVED_BY_REWRITE,,,,codex-independent-wave4,2026-08-15,VERIFIED,原文の未支持NOT/IMPLIESを、署名済み修正文または非命題分類で解消した。
SENT-1057,NOT,REMOVED_BY_REWRITE,,,,codex-independent-wave4,2026-08-15,VERIFIED,原文の未支持NOT/IMPLIESを、署名済み修正文または非命題分類で解消した。
SENT-1062,NOT,REMOVED_BY_REWRITE,,,,codex-independent-wave4,2026-08-15,VERIFIED,原文の未支持NOT/IMPLIESを、署名済み修正文または非命題分類で解消した。
SENT-1073,NOT,REMOVED_BY_REWRITE,,,,codex-independent-wave4,2026-08-15,VERIFIED,原文の未支持NOT/IMPLIESを、署名済み修正文または非命題分類で解消した。
SENT-1075,NOT,REMOVED_BY_REWRITE,,,,codex-independent-wave4,2026-08-15,VERIFIED,原文の未支持NOT/IMPLIESを、署名済み修正文または非命題分類で解消した。
SENT-1088,NOT,SPEC_CONTRACT_SUPPORTED,,,同じcorpus、query、gold evidence、index条件で一要素だけを変更し、Recall、nDCG、遅延、費用の差を記録する。,codex-independent-wave4,2026-08-15,VERIFIED,外部事実ではなく本ガイドのローカル契約として確定した。
SENT-1101,NOT,SPEC_CONTRACT_SUPPORTED,,,内容ハッシュと埋め込みモデル版をキャッシュキーにすると、変更していないチャンクの再計算を避けられることを定める追跡性・証跡管理規則について、この規則で使用するhashまたはstable IDを同一入力と変更入力から生成し、同一入力は同じID、source/version/spanが異なる入力は別IDとなり、deduplication結果を逆引きできることを確認する。,codex-independent-wave4,2026-08-15,VERIFIED,外部事実ではなく本ガイドのローカル契約として確定した。
SENT-1102,NOT,SPEC_CONTRACT_SUPPORTED,,,embedding cache keyへmodel ID、revision、preprocessing version、query/document prefix、normalizationを含め、いずれか一項目を変えた試験で旧vectorがcache hitしないことを確認する。,codex-independent-wave4,2026-08-15,VERIFIED,外部事実ではなく本ガイドのローカル契約として確定した。
SENT-1105,NOT,SPEC_CONTRACT_SUPPORTED,,,embedding serviceのrate limitをqueue concurrencyとretry budgetへ反映し、batch負荷中もonline検索用capacityを予約してonline requestが設定SLOを超えないことを負荷試験する。,codex-independent-wave4,2026-08-15,VERIFIED,外部事実ではなく本ガイドのローカル契約として確定した。
SENT-1163,NOT,SPEC_CONTRACT_SUPPORTED,,,対象vector件数で全量in-memory方式とdisk/compressed方式を比較し、Recall guardrailを満たしたうえでpeak memoryとp95 latencyが容量予算内になる方式だけを候補にする。,codex-independent-wave4,2026-08-15,VERIFIED,外部事実ではなく本ガイドのローカル契約として確定した。
SENT-1164,NOT,SPEC_CONTRACT_SUPPORTED,,,公開benchmarkは候補選定に限り、最終採否は対象データの品質、p95遅延、費用、更新性、安全性の閾値で判定する。,codex-independent-wave4,2026-08-15,VERIFIED,外部事実ではなく本ガイドのローカル契約として確定した。
SENT-1232,NOT,SPEC_CONTRACT_SUPPORTED,,,公開benchmark値を採用閾値にせず、対象hardware、vector distribution、index size、filter selectivityを固定した負荷試験でRecall、p95 latency、build time、memoryを再測定する。,codex-independent-wave4,2026-08-15,VERIFIED,外部事実ではなく本ガイドのローカル契約として確定した。
SENT-1276,NOT,REMOVED_BY_REWRITE,,,,codex-independent-wave4,2026-08-15,VERIFIED,原文の未支持NOT/IMPLIESを、署名済み修正文または非命題分類で解消した。
SENT-1318,NOT,REMOVED_BY_REWRITE,,,,codex-independent-wave4,2026-08-15,VERIFIED,原文の未支持NOT/IMPLIESを、署名済み修正文または非命題分類で解消した。
SENT-1382,NOT,SPEC_CONTRACT_SUPPORTED,,,query transformationは質問slice別A/B評価でbaselineより主要retrieval指標が改善し、end-to-end guardrailを悪化させないsliceだけにfeature flagで有効化する。,codex-independent-wave4,2026-08-15,VERIFIED,外部事実ではなく本ガイドのローカル契約として確定した。
SENT-1411,IMPLIES,REMOVED_BY_REWRITE,,,,codex-independent-wave4,2026-08-15,VERIFIED,原文の未支持NOT/IMPLIESを、署名済み修正文または非命題分類で解消した。
SENT-1460,NOT,SPEC_CONTRACT_SUPPORTED,,,必要根拠の回収率の改善は、利用者の意図や権限の逸脱を正当化しないことを定める安全性・アクセス制御規則について、この規則で列挙した各metricを同じrequest traceから算出し、authorization適用前後のcandidate数と許可外item数を含め、dashboardとrelease gateの値が一致することを確認する。,codex-independent-wave4,2026-08-15,VERIFIED,外部事実ではなく本ガイドのローカル契約として確定した。
SENT-1467,NOT,REMOVED_BY_REWRITE,,,,codex-independent-wave4,2026-08-15,VERIFIED,原文の未支持NOT/IMPLIESを、署名済み修正文または非命題分類で解消した。
SENT-1534,NOT,SPEC_CONTRACT_SUPPORTED,,,原文だけのBM25と同じ評価質問で比較し、必要根拠の回収率と不要な候補の差を確認することを定める評価・採否規則について、この規則に含まれるretriever、candidate数、rank処理を固定したtest queryを実行し、統合前後のcandidate ID・rank・score変換が記述した順序と選択規則に一致することを確認する。,codex-independent-wave4,2026-08-15,VERIFIED,外部事実ではなく本ガイドのローカル契約として確定した。
SENT-1536,NOT,REMOVED_BY_REWRITE,,,,codex-independent-wave4,2026-08-15,VERIFIED,原文の未支持NOT/IMPLIESを、署名済み修正文または非命題分類で解消した。
SENT-1542,IMPLIES,REMOVED_BY_REWRITE,,,,codex-independent-wave4,2026-08-15,VERIFIED,原文の未支持NOT/IMPLIESを、署名済み修正文または非命題分類で解消した。
SENT-1545,NOT,SPEC_CONTRACT_SUPPORTED,,,BM25を置き換える前提にせず、追加の検索器として検索表現に含める語の少なさ、検索品質、応答時間、追加学習していない分野での性能を比較することを定める評価・採否規則について、本文に列挙した対象・条件・指標を個別fieldへ保存し、同一runの実装結果または評価結果と一致することを確認する。,codex-independent-wave4,2026-08-15,VERIFIED,外部事実ではなく本ガイドのローカル契約として確定した。
SENT-1549,NOT,SPEC_CONTRACT_SUPPORTED,,,密検索は、学習済みの意味空間で質問と文書を比較し、語の一致だけでは取得できない候補を探することを定める評価・採否規則について、この規則に含まれるretriever、candidate数、rank処理を固定したtest queryを実行し、統合前後のcandidate ID・rank・score変換が記述した順序と選択規則に一致することを確認する。,codex-independent-wave4,2026-08-15,VERIFIED,外部事実ではなく本ガイドのローカル契約として確定した。
SENT-1554,NOT,SPEC_CONTRACT_SUPPORTED,,,結果は学習データと評価条件に依存し、すべての業務で疎検索を上回ることを意味しないことを定める評価・採否規則について、本文に列挙した対象・条件・指標を個別fieldへ保存し、同一runの実装結果または評価結果と一致することを確認する。,codex-independent-wave4,2026-08-15,VERIFIED,外部事実ではなく本ガイドのローカル契約として確定した。
SENT-1555,NOT,SPEC_CONTRACT_SUPPORTED,,,高いvector similarityを持つが偽、低信頼、期限切れ、非許可のdocument fixtureを用い、similarity scoreだけではtruth、source trust、freshness、authorizationのいずれも合格にならないことを確認する。,codex-independent-wave4,2026-08-15,VERIFIED,外部事実ではなく本ガイドのローカル契約として確定した。
SENT-1585,NOT,REMOVED_BY_REWRITE,,,,codex-independent-wave4,2026-08-15,VERIFIED,原文の未支持NOT/IMPLIESを、署名済み修正文または非命題分類で解消した。
SENT-1613,NOT,SPEC_CONTRACT_SUPPORTED,,,strict authorization、number/model identifier、少数critical queryをrelease guardrail sliceとして分離し、全体平均が改善しても各sliceのgold evidence Recallが下限未満なら不合格にする。,codex-independent-wave4,2026-08-15,VERIFIED,外部事実ではなく本ガイドのローカル契約として確定した。
SENT-1615,IMPLIES,SPEC_CONTRACT_SUPPORTED,,,authorized candidateが少ないfixtureではexact searchへ切り替え、deadline超過fixtureではauthorized sparse/fused rankまたはabstentionへ遷移し、非許可candidateを補充しないことを確認する。,codex-independent-wave4,2026-08-15,VERIFIED,外部事実ではなく本ガイドのローカル契約として確定した。
SENT-1647,NOT,REMOVED_BY_REWRITE,,,,codex-independent-wave4,2026-08-15,VERIFIED,原文の未支持NOT/IMPLIESを、署名済み修正文または非命題分類で解消した。
SENT-1649,NOT,REMOVED_BY_REWRITE,,,,codex-independent-wave4,2026-08-15,VERIFIED,原文の未支持NOT/IMPLIESを、署名済み修正文または非命題分類で解消した。
SENT-1650,NOT,SPEC_CONTRACT_SUPPORTED,,,疎検索、密検索、ハイブリッド検索を同じ正解集合で比較し、改善がない質問群には単純な経路を残すことを定める評価・採否規則について、この規則に挙げた選択肢を同じdataset version、query slice、gold evidence、負荷条件で比較し、対象sliceごとの品質・latency・costを一つのresult tableへ記録する。,codex-independent-wave4,2026-08-15,VERIFIED,外部事実ではなく本ガイドのローカル契約として確定した。
SENT-1651,NOT,REMOVED_BY_REWRITE,,,,codex-independent-wave4,2026-08-15,VERIFIED,原文の未支持NOT/IMPLIESを、署名済み修正文または非命題分類で解消した。
SENT-1668,NOT,REMOVED_BY_REWRITE,,,,codex-independent-wave4,2026-08-15,VERIFIED,原文の未支持NOT/IMPLIESを、署名済み修正文または非命題分類で解消した。
SENT-1678,NOT,REMOVED_BY_REWRITE,,,,codex-independent-wave4,2026-08-15,VERIFIED,原文の未支持NOT/IMPLIESを、署名済み修正文または非命題分類で解消した。
SENT-1685,NOT,SPEC_CONTRACT_SUPPORTED,,,本ガイドでは、RRFを各検索器の順位を統合する工程、再順位付けを統合後の候補本文を再評価する工程として区別することを定める評価・採否規則について、本文、図表、schema、評価台帳で同じ対象、単位、入出力を使用し、異なる意味で使う箇所がrepository内検索でゼロ件であることを確認する。,codex-independent-wave4,2026-08-15,VERIFIED,外部事実ではなく本ガイドのローカル契約として確定した。
SENT-1687,NOT,SPEC_CONTRACT_SUPPORTED,,,元スコアを使う統合では、BM25とコサイン類似度を未調整のまま加算しないことを定めるローカル設計規則について、この規則の統合規則をversion管理し、複数retrieverが返す既知rank listから期待するcandidate順序を再現し、生scoreの無条件加算や重複candidateが発生しないことを確認する。,codex-independent-wave4,2026-08-15,VERIFIED,外部事実ではなく本ガイドのローカル契約として確定した。
SENT-1708,NOT,SPEC_CONTRACT_SUPPORTED,,,候補には発見元の検索文と検索器を結び付け、正解根拠を追加しない検索経路を評価で削除することを定める評価・採否規則について、この規則に含まれるretriever、candidate数、rank処理を固定したtest queryを実行し、統合前後のcandidate ID・rank・score変換が記述した順序と選択規則に一致することを確認する。,codex-independent-wave4,2026-08-15,VERIFIED,外部事実ではなく本ガイドのローカル契約として確定した。
SENT-1714,NOT,SPEC_CONTRACT_SUPPORTED,,,アクセス制御リスト（Access Control List：ACL）の判定を再順位付け器のスコアへ委ねません。 ACL拒否candidateをreranker投入前に除外し、どれだけ高いrelevance scoreを与えてもcontextとanswerへ現れないnegative fixtureを通します。,codex-independent-wave4,2026-08-15,VERIFIED,外部事実ではなく本ガイドのローカル契約として確定した。
SENT-1715,NOT,SPEC_CONTRACT_SUPPORTED,,,reranker timeoutを注入し、requestがauthorized fused rankへ戻るかabstainし、部分rerank結果や非許可candidateを回答contextへ入れないことを確認する。,codex-independent-wave4,2026-08-15,VERIFIED,外部事実ではなく本ガイドのローカル契約として確定した。
SENT-1729,NOT,REMOVED_BY_REWRITE,,,,codex-independent-wave4,2026-08-15,VERIFIED,原文の未支持NOT/IMPLIESを、署名済み修正文または非命題分類で解消した。
SENT-1749,IMPLIES,REMOVED_BY_REWRITE,,,,codex-independent-wave4,2026-08-15,VERIFIED,原文の未支持NOT/IMPLIESを、署名済み修正文または非命題分類で解消した。
SENT-1757,IMPLIES,REMOVED_BY_REWRITE,,,,codex-independent-wave4,2026-08-15,VERIFIED,原文の未支持NOT/IMPLIESを、署名済み修正文または非命題分類で解消した。
SENT-1775,NOT,SPEC_CONTRACT_SUPPORTED,,,失敗queryごとに各段階の入力、候補数、除外理由、順位、版をtraceし、少なくとも一つの原因または未分類へ割り当てる。,codex-independent-wave4,2026-08-15,VERIFIED,外部事実ではなく本ガイドのローカル契約として確定した。
SENT-1799,IMPLIES,SPEC_CONTRACT_SUPPORTED,,,query normalization、検索器の設定、fusion、filter、chunk、indexの修正で再現失敗を解消できるなら、第4章までのbaselineを改善することを定める検索・経路選択規則について、この規則で指定した検索経路と分岐条件をtraceへ記録し、条件を満たすfixtureと満たさないfixtureで、選択retriever、candidate集合、fallback先が期待値に一致することを確認する。,codex-independent-wave4,2026-08-15,VERIFIED,外部事実ではなく本ガイドのローカル契約として確定した。
SENT-1845,NOT,REMOVED_BY_REWRITE,,,,codex-independent-wave4,2026-08-15,VERIFIED,原文の未支持NOT/IMPLIESを、署名済み修正文または非命題分類で解消した。
SENT-1854,NOT,SPEC_CONTRACT_SUPPORTED,,,filter selectivityの複数bucketごとにANNとexact searchのcandidate一致率、Recall、処理時間を同じquery setで測り、研究報告値ではなく対象indexの結果で方式を決める。,codex-independent-wave4,2026-08-15,VERIFIED,外部事実ではなく本ガイドのローカル契約として確定した。
SENT-1912,NOT,REMOVED_BY_REWRITE,,,,codex-independent-wave4,2026-08-15,VERIFIED,原文の未支持NOT/IMPLIESを、署名済み修正文または非命題分類で解消した。
SENT-1937,NOT,SPEC_CONTRACT_SUPPORTED,,,内容ハッシュで分かる完全重複は再順位付け前に除き、同じ候補へ高価なモデルを繰り返し適用しないことを定める検索・経路選択規則について、この規則で使用するhashまたはstable IDを同一入力と変更入力から生成し、同一入力は同じID、source/version/spanが異なる入力は別IDとなり、deduplication結果を逆引きできることを確認する。,codex-independent-wave4,2026-08-15,VERIFIED,外部事実ではなく本ガイドのローカル契約として確定した。
SENT-1942,NOT,REMOVED_BY_REWRITE,,,,codex-independent-wave4,2026-08-15,VERIFIED,原文の未支持NOT/IMPLIESを、署名済み修正文または非命題分類で解消した。
SENT-1958,NOT,SPEC_CONTRACT_SUPPORTED,,,gold evidenceがfirst-stage candidateにないfixtureはcandidate generation、candidateにあるが受入rank未満のfixtureはfusion/rerankingへdiagnosisを割り当て、両者を別issueとして記録する。,codex-independent-wave4,2026-08-15,VERIFIED,外部事実ではなく本ガイドのローカル契約として確定した。
SENT-1973,NOT,REMOVED_BY_REWRITE,,,,codex-independent-wave4,2026-08-15,VERIFIED,原文の未支持NOT/IMPLIESを、署名済み修正文または非命題分類で解消した。
SENT-2003,NOT,SPEC_CONTRACT_SUPPORTED,,,reranker unavailable responseを発生させ、authorized first-stage/fused rankへ戻ること、fallback前後のcandidate IDとrankがtraceに保存されることを確認する。,codex-independent-wave4,2026-08-15,VERIFIED,外部事実ではなく本ガイドのローカル契約として確定した。
SENT-2008,NOT,SPEC_CONTRACT_SUPPORTED,,,全体平均が改善しても、重要質問で必要根拠を落とす、未知の候補IDを出す、処理期限や費用上限を超える場合は採用しないことを定める評価・採否規則について、この規則に含まれるretriever、candidate数、rank処理を固定したtest queryを実行し、統合前後のcandidate ID・rank・score変換が記述した順序と選択規則に一致することを確認する。,codex-independent-wave4,2026-08-15,VERIFIED,外部事実ではなく本ガイドのローカル契約として確定した。
SENT-2025,NOT,REMOVED_BY_REWRITE,,,,codex-independent-wave4,2026-08-15,VERIFIED,原文の未支持NOT/IMPLIESを、署名済み修正文または非命題分類で解消した。
SENT-2030,NOT,REMOVED_BY_REWRITE,,,,codex-independent-wave4,2026-08-15,VERIFIED,原文の未支持NOT/IMPLIESを、署名済み修正文または非命題分類で解消した。
SENT-2061,NOT,REMOVED_BY_REWRITE,,,,codex-independent-wave4,2026-08-15,VERIFIED,原文の未支持NOT/IMPLIESを、署名済み修正文または非命題分類で解消した。
SENT-2062,NOT,REMOVED_BY_REWRITE,,,,codex-independent-wave4,2026-08-15,VERIFIED,原文の未支持NOT/IMPLIESを、署名済み修正文または非命題分類で解消した。
SENT-2098,NOT,REMOVED_BY_REWRITE,,,,codex-independent-wave4,2026-08-15,VERIFIED,原文の未支持NOT/IMPLIESを、署名済み修正文または非命題分類で解消した。
SENT-2154,NOT,SPEC_CONTRACT_SUPPORTED,,,図は同じ根拠を三つの位置で比較した実験結果ではありません。 図のcaptionと本文で三つの位置が同一根拠を比較した実験条件として記述されていないことを確認し、図を実験結果の数値比較として引用しないようfigure reviewへ記録します。,codex-independent-wave4,2026-08-15,VERIFIED,外部事実ではなく本ガイドのローカル契約として確定した。
SENT-2157,NOT,REMOVED_BY_REWRITE,,,,codex-independent-wave4,2026-08-15,VERIFIED,原文の未支持NOT/IMPLIESを、署名済み修正文または非命題分類で解消した。
SENT-2158,NOT,SPEC_CONTRACT_SUPPORTED,,,並べ替えを使う場合は、質問群ごとの改善と費用を測り、位置だけを根拠の正しさの代わりにしないことを定める評価・採否規則について、本文に列挙した対象・条件・指標を個別fieldへ保存し、同一runの実装結果または評価結果と一致することを確認する。,codex-independent-wave4,2026-08-15,VERIFIED,外部事実ではなく本ガイドのローカル契約として確定した。
SENT-2228,NOT,SOURCE_SUPPORTED,SRC-090,"https://arxiv.org/abs/2401.00396, Abstract, lines 16–18",,codex-independent-wave4,2026-08-15,VERIFIED,二者レビューで関係自体を一次資料locatorへ限定した。
SENT-2253,NOT,REMOVED_BY_REWRITE,,,,codex-independent-wave4,2026-08-15,VERIFIED,原文の未支持NOT/IMPLIESを、署名済み修正文または非命題分類で解消した。
SENT-2261,NOT,SPEC_CONTRACT_SUPPORTED,,,source trust、version、有効期間、ACL、citation payloadが欠損したunitは、scoreが高くても回答根拠として採用しないことを定める安全性・アクセス制御規則について、この規則の対象resourceとattributeをauthorization fixtureへ登録し、許可主体では取得・利用でき、非許可主体ではcandidate、context、answerの全段階でゼロ件になることを確認する。,codex-independent-wave4,2026-08-15,VERIFIED,外部事実ではなく本ガイドのローカル契約として確定した。
SENT-2347,NOT,SPEC_CONTRACT_SUPPORTED,,,gold fixtureごとにcomplete answer、partial answer、clarifying question、insufficient evidence、conflict、authorization denied、out of scopeの一状態を返し、状態と回答本文・citationの整合を確認する。,codex-independent-wave4,2026-08-15,VERIFIED,外部事実ではなく本ガイドのローカル契約として確定した。
SENT-2349,NOT,REMOVED_BY_REWRITE,,,,codex-independent-wave4,2026-08-15,VERIFIED,原文の未支持NOT/IMPLIESを、署名済み修正文または非命題分類で解消した。
SENT-2350,NOT,REMOVED_BY_REWRITE,,,,codex-independent-wave4,2026-08-15,VERIFIED,原文の未支持NOT/IMPLIESを、署名済み修正文または非命題分類で解消した。
SENT-2528,IMPLIES,SPEC_CONTRACT_SUPPORTED,,,action候補を含む回答では、実行要求、typed parameter、approval status、execution resultを別objectとしてschema検証し、自然言語回答だけでtoolを実行しない。,codex-independent-wave4,2026-08-15,VERIFIED,外部事実ではなく本ガイドのローカル契約として確定した。
SENT-2538,NOT,SPEC_CONTRACT_SUPPORTED,,,LLMへ付与する各tool permissionについて、業務owner、許可operation、argument制約、human approval、負試験を別のauthorization記録に持ち、引用研究だけで実行権限を承認しない。,codex-independent-wave4,2026-08-15,VERIFIED,外部事実ではなく本ガイドのローカル契約として確定した。
SENT-2548,NOT,SPEC_CONTRACT_SUPPORTED,,,回答中の主張をcitation IDへ対応付け、根拠が支えない断定を検出できる形で返すことを定める追跡性・証跡管理規則について、この規則に列挙したID、version、artifactを必須schema fieldにし、任意のanswer/citationからsource document、original span、chunk、retrieval rank、configuration versionへ欠損なく到達できることを確認する。,codex-independent-wave4,2026-08-15,VERIFIED,外部事実ではなく本ガイドのローカル契約として確定した。
SENT-2630,NOT,REMOVED_BY_REWRITE,,,,codex-independent-wave4,2026-08-15,VERIFIED,原文の未支持NOT/IMPLIESを、署名済み修正文または非命題分類で解消した。
SENT-2636,NOT,REMOVED_BY_REWRITE,,,,codex-independent-wave4,2026-08-15,VERIFIED,原文の未支持NOT/IMPLIESを、署名済み修正文または非命題分類で解消した。
SENT-2641,NOT,SPEC_CONTRACT_SUPPORTED,,,結果には評価件数、信頼区間、評価者間一致率を添え、小さな点差を直ちに改善とは判断しないことを定める評価・採否規則について、本文に列挙した対象・条件・指標を個別fieldへ保存し、同一runの実装結果または評価結果と一致することを確認する。,codex-independent-wave4,2026-08-15,VERIFIED,外部事実ではなく本ガイドのローカル契約として確定した。
SENT-2644,NOT,SPEC_CONTRACT_SUPPORTED,,,同じevaluation runのquestion-level差分からimproved、unchanged、regressedの件数を算出し、三件数の合計が評価対象総数と一致することを確認する。,codex-independent-wave4,2026-08-15,VERIFIED,外部事実ではなく本ガイドのローカル契約として確定した。
SENT-2666,NOT,SPEC_CONTRACT_SUPPORTED,,,各change recordにtarget component、expected improvement、non-regression metric、owner、release ID、pre-change trace IDを必須化し、欠損recordをexperiment開始前に拒否する。,codex-independent-wave4,2026-08-15,VERIFIED,外部事実ではなく本ガイドのローカル契約として確定した。
SENT-2668,NOT,REMOVED_BY_REWRITE,,,,codex-independent-wave4,2026-08-15,VERIFIED,原文の未支持NOT/IMPLIESを、署名済み修正文または非命題分類で解消した。
SENT-2678,NOT,SPEC_CONTRACT_SUPPORTED,,,変更案は局所metricの改善に加えてend-to-end品質、p95 latency、request cost、運用手順数のguardrailを同一runで検査し、一つでも許容範囲外なら採用しない。,codex-independent-wave4,2026-08-15,VERIFIED,外部事実ではなく本ガイドのローカル契約として確定した。
SENT-2696,NOT,SPEC_CONTRACT_SUPPORTED,,,evaluation setにunanswerable、ambiguous、cross-document conflict、insufficient authorizationの各sliceを含め、slice別に期待するanswer/clarification/abstention/denialを採点する。,codex-independent-wave4,2026-08-15,VERIFIED,外部事実ではなく本ガイドのローカル契約として確定した。
SENT-2713,NOT,REMOVED_BY_REWRITE,,,,codex-independent-wave4,2026-08-15,VERIFIED,原文の未支持NOT/IMPLIESを、署名済み修正文または非命題分類で解消した。
SENT-2715,NOT,SPEC_CONTRACT_SUPPORTED,,,プロンプトインジェクション、知識汚染、テナントをまたぐ検索、権限のない操作は隔離環境で試することを定める安全性・アクセス制御規則について、この規則の対象resourceとattributeをauthorization fixtureへ登録し、許可主体では取得・利用でき、非許可主体ではcandidate、context、answerの全段階でゼロ件になることを確認する。,codex-independent-wave4,2026-08-15,VERIFIED,外部事実ではなく本ガイドのローカル契約として確定した。
SENT-2743,NOT,REMOVED_BY_REWRITE,,,,codex-independent-wave4,2026-08-15,VERIFIED,原文の未支持NOT/IMPLIESを、署名済み修正文または非命題分類で解消した。
SENT-2800,NOT,REMOVED_BY_REWRITE,,,,codex-independent-wave4,2026-08-15,VERIFIED,原文の未支持NOT/IMPLIESを、署名済み修正文または非命題分類で解消した。
SENT-2804,NOT,REMOVED_BY_REWRITE,,,,codex-independent-wave4,2026-08-15,VERIFIED,原文の未支持NOT/IMPLIESを、署名済み修正文または非命題分類で解消した。
SENT-2805,NOT,SPEC_CONTRACT_SUPPORTED,,,局所指標の改善だけで公開せず、重要な下流指標が許容幅を超えて悪化しないことを合格条件にすることを定める評価・採否規則について、この規則に挙げた選択肢を同じdataset version、query slice、gold evidence、負荷条件で比較し、対象sliceごとの品質・latency・costを一つのresult tableへ記録する。,codex-independent-wave4,2026-08-15,VERIFIED,外部事実ではなく本ガイドのローカル契約として確定した。
SENT-2815,NOT,REMOVED_BY_REWRITE,,,,codex-independent-wave4,2026-08-15,VERIFIED,原文の未支持NOT/IMPLIESを、署名済み修正文または非命題分類で解消した。
SENT-2821,NOT,REMOVED_BY_REWRITE,,,,codex-independent-wave4,2026-08-15,VERIFIED,原文の未支持NOT/IMPLIESを、署名済み修正文または非命題分類で解消した。
SENT-2840,NOT,REMOVED_BY_REWRITE,,,,codex-independent-wave4,2026-08-15,VERIFIED,原文の未支持NOT/IMPLIESを、署名済み修正文または非命題分類で解消した。
SENT-2843,NOT,REMOVED_BY_REWRITE,,,,codex-independent-wave4,2026-08-15,VERIFIED,原文の未支持NOT/IMPLIESを、署名済み修正文または非命題分類で解消した。
SENT-2848,NOT,REMOVED_BY_REWRITE,,,,codex-independent-wave4,2026-08-15,VERIFIED,原文の未支持NOT/IMPLIESを、署名済み修正文または非命題分類で解消した。
SENT-2853,IMPLIES,SPEC_CONTRACT_SUPPORTED,,,質問処理を評価するときは検索器を固定し、正規化、書き換え、展開、HyDE、分解を一つずつ有効または無効にすることを定める評価・採否規則について、本文に列挙した対象・条件・指標を個別fieldへ保存し、同一runの実装結果または評価結果と一致することを確認する。,codex-independent-wave4,2026-08-15,VERIFIED,外部事実ではなく本ガイドのローカル契約として確定した。
SENT-2855,NOT,REMOVED_BY_REWRITE,,,,codex-independent-wave4,2026-08-15,VERIFIED,原文の未支持NOT/IMPLIESを、署名済み修正文または非命題分類で解消した。
SENT-2858,NOT,SPEC_CONTRACT_SUPPORTED,,,query rewrite前後のretrieval resultを別trace fieldに保存し、rewrite後だけgold evidenceを失った事例をquery-transformation failureとして数え、base retriever failureへ含めない。,codex-independent-wave4,2026-08-15,VERIFIED,外部事実ではなく本ガイドのローカル契約として確定した。
SENT-2876,NOT,SPEC_CONTRACT_SUPPORTED,,,信頼区間または有意差に加え、effect size、質問当たり費用、p95遅延、重大失敗件数を同じ比較で判定する。,codex-independent-wave4,2026-08-15,VERIFIED,外部事実ではなく本ガイドのローカル契約として確定した。
SENT-2878,NOT,SPEC_CONTRACT_SUPPORTED,,,各失敗queryについてcorpus内正解有無、index版、parse span、embedding score、変換query、filter trace、取得rankを記録し、列挙した原因の一つへ主因を割り当てる。,codex-independent-wave4,2026-08-15,VERIFIED,外部事実ではなく本ガイドのローカル契約として確定した。
SENT-2879,NOT,SPEC_CONTRACT_SUPPORTED,,,gold sourceに正解documentが存在しないfailureはcorpus coverage issueへ分類し、retriever再学習experimentの改善件数へ含めない。,codex-independent-wave4,2026-08-15,VERIFIED,外部事実ではなく本ガイドのローカル契約として確定した。
SENT-2895,NOT,REMOVED_BY_REWRITE,,,,codex-independent-wave4,2026-08-15,VERIFIED,原文の未支持NOT/IMPLIESを、署名済み修正文または非命題分類で解消した。
SENT-2898,NOT,SPEC_CONTRACT_SUPPORTED,,,重大度highのgold questionを必須guardrail setとして分離し、全体平均が改善しても一件でもbaselineから正解を失ったcandidateを不合格にする。,codex-independent-wave4,2026-08-15,VERIFIED,外部事実ではなく本ガイドのローカル契約として確定した。
SENT-2903,IMPLIES,SPEC_CONTRACT_SUPPORTED,,,同じcorpus、query、filter selectivity、candidate上限で初期検索と最終候補のRecallを別々に記録し、初期段階の取りこぼしを後段の順位付け結果で隠さない。,codex-independent-wave4,2026-08-15,VERIFIED,外部事実ではなく本ガイドのローカル契約として確定した。
SENT-2943,NOT,SPEC_CONTRACT_SUPPORTED,,,構成要素を変更したrunについて、同じdataset version、query slice、gold evidence、負荷条件で検索指標に加えて生成品質、根拠性、latency、costを測り、事前定義したsystem-level gateをすべて満たすことを確認する。,codex-independent-wave4,2026-08-15,VERIFIED,外部事実ではなく本ガイドのローカル契約として確定した。
SENT-2950,IMPLIES,SPEC_CONTRACT_SUPPORTED,,,再順位付け候補を増やしたときのRecall改善も、増加した遅延と対にして判断することを定める評価・採否規則について、この規則に含まれるretriever、candidate数、rank処理を固定したtest queryを実行し、統合前後のcandidate ID・rank・score変換が記述した順序と選択規則に一致することを確認する。,codex-independent-wave4,2026-08-15,VERIFIED,外部事実ではなく本ガイドのローカル契約として確定した。
SENT-3002,NOT,SPEC_CONTRACT_SUPPORTED,,,citation coverageの分母を検証可能な外部主張に限定し、接続文・操作案内・純粋な規範を除外する規則を評価台帳へ固定する。,codex-independent-wave4,2026-08-15,VERIFIED,外部事実ではなく本ガイドのローカル契約として確定した。
SENT-3009,NOT,SPEC_CONTRACT_SUPPORTED,,,回答評価でrequired points coverageとirrelevant span countを別指標として算出し、文字数またはtoken数の増加だけをcompleteness改善に数えない。,codex-independent-wave4,2026-08-15,VERIFIED,外部事実ではなく本ガイドのローカル契約として確定した。
SENT-3017,NOT,REMOVED_BY_REWRITE,,,,codex-independent-wave4,2026-08-15,VERIFIED,原文の未支持NOT/IMPLIESを、署名済み修正文または非命題分類で解消した。
SENT-3024,NOT,REMOVED_BY_REWRITE,,,,codex-independent-wave4,2026-08-15,VERIFIED,原文の未支持NOT/IMPLIESを、署名済み修正文または非命題分類で解消した。
SENT-3033,NOT,SPEC_CONTRACT_SUPPORTED,,,format complianceを改善するprompt candidateは、同じgold setでcitation support、evidence completeness、answer correctnessを再測定し、既存guardrailを悪化させない場合だけ採用する。,codex-independent-wave4,2026-08-15,VERIFIED,外部事実ではなく本ガイドのローカル契約として確定した。
SENT-3046,NOT,SPEC_CONTRACT_SUPPORTED,,,failure typeごとにfrequency、severity、business impactを記録して改善priorityを決め、修正後は同typeの回帰fixtureで再発件数が受入値内か確認する。,codex-independent-wave4,2026-08-15,VERIFIED,外部事実ではなく本ガイドのローカル契約として確定した。
SENT-3069,NOT,REMOVED_BY_REWRITE,,,,codex-independent-wave4,2026-08-15,VERIFIED,原文の未支持NOT/IMPLIESを、署名済み修正文または非命題分類で解消した。
SENT-3142,NOT,SPEC_CONTRACT_SUPPORTED,,,変更ごとに直接指標と下流指標を定め、改善した局所指標が最終回答を悪化させていないことを確認することを定める評価・採否規則について、この規則に挙げた選択肢を同じdataset version、query slice、gold evidence、負荷条件で比較し、対象sliceごとの品質・latency・costを一つのresult tableへ記録する。,codex-independent-wave4,2026-08-15,VERIFIED,外部事実ではなく本ガイドのローカル契約として確定した。
SENT-3172,NOT,REMOVED_BY_REWRITE,,,,codex-independent-wave4,2026-08-15,VERIFIED,原文の未支持NOT/IMPLIESを、署名済み修正文または非命題分類で解消した。
SENT-3190,NOT,SPEC_CONTRACT_SUPPORTED,,,改善後は同じtrace比較で、原因箇所が直り、別layerへ失敗が移っていないことを確認することを定める評価・採否規則について、この規則で列挙した記録項目を同じrun IDへ保存し、各項目が欠損せず、変更前後の差分をquestionまたはdocument単位で逆引きできることを確認する。,codex-independent-wave4,2026-08-15,VERIFIED,外部事実ではなく本ガイドのローカル契約として確定した。
SENT-3198,NOT,SPEC_CONTRACT_SUPPORTED,,,品質だけでなく、遅延、費用、安全性、回答保留も測り、改善が別の重要指標を悪化させていないことを確認することを定める評価・採否規則について、本文に列挙した対象・条件・指標を個別fieldへ保存し、同一runの実装結果または評価結果と一致することを確認する。,codex-independent-wave4,2026-08-15,VERIFIED,外部事実ではなく本ガイドのローカル契約として確定した。
SENT-3222,NOT,SPEC_CONTRACT_SUPPORTED,,,権限のないチャンクは、上位候補へ取得してから表示だけを隠すのではなく、検索前または検索中に候補集合から除くことを定める安全性・アクセス制御規則について、この規則の対象resourceとattributeをauthorization fixtureへ登録し、許可主体では取得・利用でき、非許可主体ではcandidate、context、answerの全段階でゼロ件になることを確認する。,codex-independent-wave4,2026-08-15,VERIFIED,外部事実ではなく本ガイドのローカル契約として確定した。
SENT-3270,NOT,REMOVED_BY_REWRITE,,,,codex-independent-wave4,2026-08-15,VERIFIED,原文の未支持NOT/IMPLIESを、署名済み修正文または非命題分類で解消した。
SENT-3275,NOT,SPEC_CONTRACT_SUPPORTED,,,RAGの目的に必要な文書、項目、期間だけを取り込み、認証情報や不要な個人情報をチャンクと埋め込みへ含めないことを定める安全性・アクセス制御規則について、この規則の対象resourceとattributeをauthorization fixtureへ登録し、許可主体では取得・利用でき、非許可主体ではcandidate、context、answerの全段階でゼロ件になることを確認する。,codex-independent-wave4,2026-08-15,VERIFIED,外部事実ではなく本ガイドのローカル契約として確定した。
SENT-3282,NOT,REMOVED_BY_REWRITE,,,,codex-independent-wave4,2026-08-15,VERIFIED,原文の未支持NOT/IMPLIESを、署名済み修正文または非命題分類で解消した。
SENT-3297,IMPLIES,SPEC_CONTRACT_SUPPORTED,,,本番logを評価datasetまたはmodel改善へ転用する前に、利用目的、対象data、法的根拠、保持期間、削除手順、access ownerをprocessing registerへ記録し、承認状態をdataset versionへ結び付けます。,codex-independent-wave4,2026-08-15,VERIFIED,外部事実ではなく本ガイドのローカル契約として確定した。
SENT-3307,NOT,REMOVED_BY_REWRITE,,,,codex-independent-wave4,2026-08-15,VERIFIED,原文の未支持NOT/IMPLIESを、署名済み修正文または非命題分類で解消した。
SENT-3434,NOT,SPEC_CONTRACT_SUPPORTED,,,これは改善と公開速度を調整するために使い、認可や機密保護を外す根拠にはしないことを定める安全性・アクセス制御規則について、この規則の対象resourceとattributeをauthorization fixtureへ登録し、許可主体では取得・利用でき、非許可主体ではcandidate、context、answerの全段階でゼロ件になることを確認する。,codex-independent-wave4,2026-08-15,VERIFIED,外部事実ではなく本ガイドのローカル契約として確定した。
SENT-3452,NOT,SPEC_CONTRACT_SUPPORTED,,,高速化candidateはlatencyに加えてtask success、再質問率、abstention、human escalationを同一期間で比較し、回答利用性がbaselineより悪化した場合は全体改善と判定しない。,codex-independent-wave4,2026-08-15,VERIFIED,外部事実ではなく本ガイドのローカル契約として確定した。
SENT-3480,NOT,REMOVED_BY_REWRITE,,,,codex-independent-wave4,2026-08-15,VERIFIED,原文の未支持NOT/IMPLIESを、署名済み修正文または非命題分類で解消した。
SENT-3497,NOT,SPEC_CONTRACT_SUPPORTED,,,内容のハッシュを使って変更のないチャンクの解析結果や埋め込みを再利用します。 source content hash、parser version、chunking version、embedding model versionがすべて一致するchunkだけに解析・embedding cache hitを許可します。,codex-independent-wave4,2026-08-15,VERIFIED,外部事実ではなく本ガイドのローカル契約として確定した。
SENT-3604,NOT,SPEC_CONTRACT_SUPPORTED,,,system cardにRAGを最終判断へ利用できるuse case、禁止use case、必要なhuman review、既知のfailure sliceを列挙し、UIと運用手順が同じ制限を表示することを確認する。,codex-independent-wave4,2026-08-15,VERIFIED,外部事実ではなく本ガイドのローカル契約として確定した。
SENT-3607,NOT,SPEC_CONTRACT_SUPPORTED,,,公開承認時にsystem overview、architecture diagram、threat model、corpus register、evaluation report、known limitations、operation runbookの七成果物を同じrelease IDへ結び、owner承認とversionを確認します。,codex-independent-wave4,2026-08-15,VERIFIED,外部事実ではなく本ガイドのローカル契約として確定した。
SENT-3692,NOT,SPEC_CONTRACT_SUPPORTED,,,追加componentを一つずつ無効化するablation runを行い、対象failure metricを改善せず品質・latency・costのいずれかを悪化させるcomponentを構成から外す。,codex-independent-wave4,2026-08-15,VERIFIED,外部事実ではなく本ガイドのローカル契約として確定した。
SENT-3693,NOT,SPEC_CONTRACT_SUPPORTED,,,実験reportには手法名ではなくbaseline差分、対象query slice、品質・latency・cost・riskの結果、失敗例を記載し、手法を導入した事実だけを成果欄へ書かない。,codex-independent-wave4,2026-08-15,VERIFIED,外部事実ではなく本ガイドのローカル契約として確定した。
SENT-3718,NOT,SPEC_CONTRACT_SUPPORTED,,,学習対象と効果を分離して比較できない場合は、検索器と生成モデルを同時に変更しないことを定める評価・採否規則について、この規則に挙げた選択肢を同じdataset version、query slice、gold evidence、負荷条件で比較し、対象sliceごとの品質・latency・costを一つのresult tableへ記録する。,codex-independent-wave4,2026-08-15,VERIFIED,外部事実ではなく本ガイドのローカル契約として確定した。
SENT-3719,IMPLIES,SPEC_CONTRACT_SUPPORTED,,,検索漏れが原因なら検索器を、正しい根拠があるのに無視するなら生成モデルを主な対象にすることを定める検索・経路選択規則について、この規則で指定した検索経路と分岐条件をtraceへ記録し、条件を満たすfixtureと満たさないfixtureで、選択retriever、candidate集合、fallback先が期待値に一致することを確認する。,codex-independent-wave4,2026-08-15,VERIFIED,外部事実ではなく本ガイドのローカル契約として確定した。
SENT-3736,NOT,SPEC_CONTRACT_SUPPORTED,,,failure queryについてdata、retrieval、reranking、placement、promptを順に修正してstage別metricを再測定し、upstreamにgold evidenceがない状態をmodel weight updateだけで合格にしない。,codex-independent-wave4,2026-08-15,VERIFIED,外部事実ではなく本ガイドのローカル契約として確定した。
SENT-3741,NOT,SPEC_CONTRACT_SUPPORTED,,,model versionとindex versionのcompatibility matrixを持ち、各組合せの読取り可否を試験する。切替手順ではmodelとindexを別々に旧versionへ戻せることを確認する。,codex-independent-wave4,2026-08-15,VERIFIED,外部事実ではなく本ガイドのローカル契約として確定した。
SENT-3774,NOT,SPEC_CONTRACT_SUPPORTED,,,高度化candidateは対象failureの再現改善、他sliceの非回帰、運用工数、security riskの全gateを満たす場合だけ採用し、一項目でも許容範囲外ならfeature flagを無効にする。,codex-independent-wave4,2026-08-15,VERIFIED,外部事実ではなく本ガイドのローカル契約として確定した。
SENT-3829,NOT,REMOVED_BY_REWRITE,,,,codex-independent-wave4,2026-08-15,VERIFIED,原文の未支持NOT/IMPLIESを、署名済み修正文または非命題分類で解消した。
SENT-3856,NOT,REMOVED_BY_REWRITE,,,,codex-independent-wave4,2026-08-15,VERIFIED,原文の未支持NOT/IMPLIESを、署名済み修正文または非命題分類で解消した。
SENT-3882,NOT,SPEC_CONTRACT_SUPPORTED,,,最新値または集計値を含む質問はauthorized source-of-record queryへ送り、response timestampとrecord keyをevidenceとして回答へ結び、document chunkから推定した値で代用しない。,codex-independent-wave4,2026-08-15,VERIFIED,外部事実ではなく本ガイドのローカル契約として確定した。
SENT-3955,NOT,SPEC_CONTRACT_SUPPORTED,,,long-context candidateは入力token量に加え、gold evidence利用率、required point completeness、citation precisionを同じquestion setで測り、全文投入だけを改善として数えない。,codex-independent-wave4,2026-08-15,VERIFIED,外部事実ではなく本ガイドのローカル契約として確定した。
SENT-3959,IMPLIES,REMOVED_BY_REWRITE,,,,codex-independent-wave4,2026-08-15,VERIFIED,原文の未支持NOT/IMPLIESを、署名済み修正文または非命題分類で解消した。
SENT-3972,NOT,REMOVED_BY_REWRITE,,,,codex-independent-wave4,2026-08-15,VERIFIED,原文の未支持NOT/IMPLIESを、署名済み修正文または非命題分類で解消した。
SENT-3984,NOT,SPEC_CONTRACT_SUPPORTED,,,信頼度の低い情報源やプロンプトインジェクションを含むページを、一括して入力へ入れないことを定めるローカル設計規則について、この規則の対象resourceとattributeをauthorization fixtureへ登録し、許可主体では取得・利用でき、非許可主体ではcandidate、context、answerの全段階でゼロ件になることを確認する。,codex-independent-wave4,2026-08-15,VERIFIED,外部事実ではなく本ガイドのローカル契約として確定した。
SENT-3996,NOT,REMOVED_BY_REWRITE,,,,codex-independent-wave4,2026-08-15,VERIFIED,原文の未支持NOT/IMPLIESを、署名済み修正文または非命題分類で解消した。
SENT-4019,NOT,REMOVED_BY_REWRITE,,,,codex-independent-wave4,2026-08-15,VERIFIED,原文の未支持NOT/IMPLIESを、署名済み修正文または非命題分類で解消した。
SENT-4100,NOT,REMOVED_BY_REWRITE,,,,codex-independent-wave4,2026-08-15,VERIFIED,原文の未支持NOT/IMPLIESを、署名済み修正文または非命題分類で解消した。
SENT-4130,NOT,SPEC_CONTRACT_SUPPORTED,,,異なるencoderから得たcosine scoreを直接加算せず、候補rankへ変換してRRFで統合するか、同一rerankerで再得点することをintegration testで確認する。,codex-independent-wave4,2026-08-15,VERIFIED,外部事実ではなく本ガイドのローカル契約として確定した。
SENT-4133,NOT,REMOVED_BY_REWRITE,,,,codex-independent-wave4,2026-08-15,VERIFIED,原文の未支持NOT/IMPLIESを、署名済み修正文または非命題分類で解消した。
SENT-4184,NOT,REMOVED_BY_REWRITE,,,,codex-independent-wave4,2026-08-15,VERIFIED,原文の未支持NOT/IMPLIESを、署名済み修正文または非命題分類で解消した。
SENT-4203,NOT,SPEC_CONTRACT_SUPPORTED,,,観察結果内の命令をsystem/developer指示へ昇格させず、tool権限をserver側で検証し、prompt injectionの負試験を通す。,codex-independent-wave4,2026-08-15,VERIFIED,外部事実ではなく本ガイドのローカル契約として確定した。
SENT-4221,NOT,REMOVED_BY_REWRITE,,,,codex-independent-wave4,2026-08-15,VERIFIED,原文の未支持NOT/IMPLIESを、署名済み修正文または非命題分類で解消した。
SENT-4223,IMPLIES,SPEC_CONTRACT_SUPPORTED,,,multi-agent candidateはagent roleごとにinput、allowed tool、output schema、failure test、停止条件を定義し、単一agent baselineより対象failureを改善する場合だけ実験を開始する。,codex-independent-wave4,2026-08-15,VERIFIED,外部事実ではなく本ガイドのローカル契約として確定した。
SENT-4247,NOT,SPEC_CONTRACT_SUPPORTED,,,単一の指標や一つのデータセットだけで一般化せず、基本構成との差を同じ評価データで測ることを定める評価・採否規則について、本文に列挙した対象・条件・指標を個別fieldへ保存し、同一runの実装結果または評価結果と一致することを確認する。,codex-independent-wave4,2026-08-15,VERIFIED,外部事実ではなく本ガイドのローカル契約として確定した。
SENT-4253,NOT,SPEC_CONTRACT_SUPPORTED,,,security・operation・governanceの統制ごとにstandard、government guidance、official product documentationの具体locatorとresidual riskを記録し、『必ず有効』という無条件表現を使用しない。,codex-independent-wave4,2026-08-15,VERIFIED,外部事実ではなく本ガイドのローカル契約として確定した。
SENT-4256,NOT,SPEC_CONTRACT_SUPPORTED,,,変動するcitation countごとにas-of date、取得元、search query、canonical paper ID、retrieval timestamp、raw response相対path、SHA-256を保存し、同じ証跡から件数を再計算できることを確認する。,codex-independent-wave4,2026-08-15,VERIFIED,外部事実ではなく本ガイドのローカル契約として確定した。
