metric_id,metric,numerator,denominator,coverage_percent,interpretation
LIT-COV-001,一次資料要旨・仕様ページ検査,193,193,100.0,193件の登録済み一次資料ページを検査
LIT-COV-002,公式Abstractを直接検査,127,193,65.8,Abstractが明示された一次資料
LIT-COV-003,センテンス論理式分解,554,581,95.35,Atom/AND/OR/IMPLIES/NOTへ分解できた根拠必須文
LIT-COV-004,一次資料候補割当,581,581,100.0,直接・節・ファイル・章スコープの候補を持つ文
LIT-COV-005,既存直接マッピング,357,581,61.45,既存の直接・段落・具体技術マッピング
LIT-COV-006,文献要旨からの条件付き論理証明,411,581,70.74,source-summary factsからguide formulaをLeanで導出
LIT-COV-007,関係構造未証明,47,581,8.09,含意・否定の関係を要旨atomだけでは保存できない文
LIT-COV-008,自然言語込みEnd-to-End証明,0,581,0.0,バイリンガル意味写像の独立レビュー未完了のため0
LIT-COV-009,一次資料命題の主張極性レビュー,16,193,8.29,公式仕様16件は手動curation済み、残り177件は主張・比較対象の区別を要レビュー
