source_id,title,url,trust_tier,inspection_status,evidence_scope,formal_atoms,projection_summary,retrieval_date,notes
SRC-001,Retrieval-Augmented Generation for Knowledge-Intensive NLP Tasks,https://proceedings.neurips.cc/paper/2020/hash/6b493230205f780e1bc26945df7481e5-Abstract.html,A,PRIMARY_PAGE_INSPECTED,primary_page,rag=true;retrieval=true;generation=true;external_knowledge=true;parametric_memory=true;nonparametric_memory=true;knowledge_intensive=true;open_domain_qa=true;verification=true;evaluation=true;empirical_result=true,"Controlled projection: rag=true, retrieval=true, generation=true, external_knowledge=true, parametric_memory=true, nonparametric_memory=true, knowledge_intensive=true, open_domain_qa=true, verification=true, evaluation=true, empirical_result=true",2026-08-15,Primary-source text is not reproduced; only a controlled-vocabulary projection is retained.
SRC-002,Dense Passage Retrieval for Open-Domain Question Answering,https://aclanthology.org/2020.emnlp-main.550/,A,PRIMARY_ABSTRACT_INSPECTED,abstract,retrieval=true;open_domain_qa=true;verification=true;dense=true;lexical=true;document_statistics=true;tf_saturation=true;length_normalization=true;dual_encoder=true;evaluation=true;benchmark=true;recall_metric=true;empirical_result=true;similarity=dot_product,"Controlled projection: retrieval=true, open_domain_qa=true, verification=true, dense=true, lexical=true, document_statistics=true, tf_saturation=true, length_normalization=true, dual_encoder=true, evaluation=true, benchmark=true, recall_metric=true, empirical_result=true, similarity=dot_product",2026-08-15,Primary-source text is not reproduced; only a controlled-vocabulary projection is retained.
SRC-003,Enabling Large Language Models to Generate Text with Citations,https://aclanthology.org/2023.emnlp-main.398/,A,PRIMARY_PAGE_INSPECTED,primary_page,retrieval=true;generation=true;citation=true,"Controlled projection: retrieval=true, generation=true, citation=true",2026-08-15,Primary-source text is not reproduced; only a controlled-vocabulary projection is retained.
SRC-004,Know What You Don’t Know: Unanswerable Questions for SQuAD,https://aclanthology.org/P18-2124/,A,PRIMARY_ABSTRACT_INSPECTED,abstract,generation=true;verification=true;unanswerable=true;answerability=true,"Controlled projection: generation=true, verification=true, unanswerable=true, answerability=true",2026-08-15,Primary-source text is not reproduced; only a controlled-vocabulary projection is retained.
SRC-005,The Probabilistic Relevance Framework: BM25 and Beyond,https://doi.org/10.1561/1500000019,A,PRIMARY_PAGE_INSPECTED,primary_page,retrieval=true;evidence_support=true;tf_saturation=true;length_normalization=true;document_statistics=true;fielded=true;lexical=true;sparse=true,"Controlled projection: retrieval=true, evidence_support=true, tf_saturation=true, length_normalization=true, document_statistics=true, fielded=true, lexical=true, sparse=true",2026-08-15,Primary-source text is not reproduced; only a controlled-vocabulary projection is retained.
SRC-006,BEIR: A Heterogeneous Benchmark for Zero-shot Evaluation of Information Retrieval Models,https://datasets-benchmarks-proceedings.neurips.cc/paper/2021/hash/65b9eea6e1cc6bb9f0cd2a47751a186f-Abstract-round2.html,A,PRIMARY_PAGE_INSPECTED,primary_page,retrieval=true;evaluation=true;benchmark=true,"Controlled projection: retrieval=true, evaluation=true, benchmark=true",2026-08-15,Primary-source text is not reproduced; only a controlled-vocabulary projection is retained.
SRC-007,FEVER: a Large-scale Dataset for Fact Extraction and VERification,https://aclanthology.org/N18-1074/,A,PRIMARY_ABSTRACT_INSPECTED,abstract,generation=true;verification=true;evidence_support=true;benchmark=true,"Controlled projection: generation=true, verification=true, evidence_support=true, benchmark=true",2026-08-15,Primary-source text is not reproduced; only a controlled-vocabulary projection is retained.
SRC-008,A Survey on Retrieval-Augmented Text Generation for Large Language Models,https://doi.org/10.1145/3805774,A,PRIMARY_PAGE_INSPECTED,primary_page,rag=true;retrieval=true;generation=true,"Controlled projection: rag=true, retrieval=true, generation=true",2026-08-15,Primary-source text is not reproduced; only a controlled-vocabulary projection is retained.
SRC-009,"“Everyone wants to do the model work, not the data work”: Data Cascades in High-Stakes AI",https://dl.acm.org/doi/10.1145/3411764.3445518,A,PRIMARY_PAGE_INSPECTED,primary_page,data_quality=true,Controlled projection: data_quality=true,2026-08-15,Primary-source text is not reproduced; only a controlled-vocabulary projection is retained.
SRC-010,Datasheets for Datasets,https://arxiv.org/abs/1803.09010,B,PRIMARY_ABSTRACT_INSPECTED,abstract,retrieval=true;dataset_documentation=true,"Controlled projection: retrieval=true, dataset_documentation=true",2026-08-15,Primary-source text is not reproduced; only a controlled-vocabulary projection is retained.
SRC-011,Data Statements for Natural Language Processing: Toward Mitigating System Bias and Enabling Better Science,https://aclanthology.org/Q18-1041/,A,PRIMARY_ABSTRACT_INSPECTED,abstract,verification=true;dataset_documentation=true,"Controlled projection: verification=true, dataset_documentation=true",2026-08-15,Primary-source text is not reproduced; only a controlled-vocabulary projection is retained.
SRC-012,It's About Time: Incorporating Temporality in Retrieval Augmented Language Models,https://arxiv.org/abs/2401.13222,B,PRIMARY_PAGE_INSPECTED,primary_page,rag=true;retrieval=true;generation=true;temporal_freshness=true,"Controlled projection: rag=true, retrieval=true, generation=true, temporal_freshness=true",2026-08-15,Primary-source text is not reproduced; only a controlled-vocabulary projection is retained.
SRC-013,FreshLLMs: Refreshing Large Language Models with Search Engine Augmentation,https://arxiv.org/abs/2310.03214,B,PRIMARY_ABSTRACT_INSPECTED,abstract,retrieval=true;generation=true;factuality=true;hallucination=true;evidence_support=true;temporal_freshness=true;evaluation=true;benchmark=true;human_evaluation=true;empirical_result=true,"Controlled projection: retrieval=true, generation=true, factuality=true, hallucination=true, evidence_support=true, temporal_freshness=true, evaluation=true, benchmark=true, human_evaluation=true, empirical_result=true",2026-08-15,Primary-source text is not reproduced; only a controlled-vocabulary projection is retained.
SRC-014,On the resemblance and containment of documents,https://ieeexplore.ieee.org/document/666900,A,PRIMARY_PAGE_INSPECTED,primary_page,verification=true;dedup=true,"Controlled projection: verification=true, dedup=true",2026-08-15,Primary-source text is not reproduced; only a controlled-vocabulary projection is retained.
SRC-015,"MRKL Systems: A modular, neuro-symbolic architecture that combines large language models, external knowledge sources and discrete reasoning",https://arxiv.org/abs/2205.00445,B,PRIMARY_ABSTRACT_INSPECTED,abstract,retrieval=true;generation=true;external_knowledge=true;modular=true,"Controlled projection: retrieval=true, generation=true, external_knowledge=true, modular=true",2026-08-15,Primary-source text is not reproduced; only a controlled-vocabulary projection is retained.
SRC-016,Closing the AI Accountability Gap: Defining an End-to-End Framework for Internal Algorithmic Auditing,https://arxiv.org/abs/2001.00973,B,PRIMARY_ABSTRACT_INSPECTED,abstract,retrieval=true,Controlled projection: retrieval=true,2026-08-15,Primary-source text is not reproduced; only a controlled-vocabulary projection is retained.
SRC-017,The ML Test Score: A Rubric for ML Production Readiness and Technical Debt Reduction,https://research.google/pubs/the-ml-test-score-a-rubric-for-ml-production-readiness-and-technical-debt-reduction/,B,PRIMARY_PAGE_INSPECTED,primary_page,retrieval=true;evaluation=true;empirical_result=true,"Controlled projection: retrieval=true, evaluation=true, empirical_result=true",2026-08-15,Primary-source text is not reproduced; only a controlled-vocabulary projection is retained.
SRC-018,"FlumeJava: Easy, Efficient Data-Parallel Pipelines",https://research.google/pubs/flumejava-easy-efficient-data-parallel-pipelines/,B,PRIMARY_PAGE_INSPECTED,primary_page,retrieval=true;evaluation=true;dataflow=true,"Controlled projection: retrieval=true, evaluation=true, dataflow=true",2026-08-15,Primary-source text is not reproduced; only a controlled-vocabulary projection is retained.
SRC-019,Data Validation for Machine Learning,https://research.google/pubs/data-validation-for-machine-learning/,B,PRIMARY_PAGE_INSPECTED,primary_page,retrieval=true;evidence_support=true;data_quality=true,"Controlled projection: retrieval=true, evidence_support=true, data_quality=true",2026-08-15,Primary-source text is not reproduced; only a controlled-vocabulary projection is retained.
SRC-020,The dataflow model,https://doi.org/10.14778/2824032.2824076,A,PRIMARY_PAGE_INSPECTED,primary_page,dataflow=true,Controlled projection: dataflow=true,2026-08-15,Primary-source text is not reproduced; only a controlled-vocabulary projection is retained.
SRC-021,Delta Lake: High-Performance ACID Table Storage over Cloud Object Stores,https://www.vldb.org/pvldb/vol13/p3411-armbrust.pdf,A,PRIMARY_PAGE_INSPECTED,primary_page,retrieval=true;attribution=true;cost=true;acid=true,"Controlled projection: retrieval=true, attribution=true, cost=true, acid=true",2026-08-15,Primary-source text is not reproduced; only a controlled-vocabulary projection is retained.
SRC-022,MillWheel: Fault-Tolerant Stream Processing at Internet Scale,https://www.vldb.org/pvldb/vol6/p1033-akidau.pdf,A,PRIMARY_PAGE_INSPECTED,primary_page,generation=true;citation=true;latency=true;cost=true;scalability=true;fault_tolerance=true,"Controlled projection: generation=true, citation=true, latency=true, cost=true, scalability=true, fault_tolerance=true",2026-08-15,Primary-source text is not reproduced; only a controlled-vocabulary projection is retained.
SRC-023,Hidden Technical Debt in Machine Learning Systems,https://papers.nips.cc/paper/5656-hidden-technical-debt-in-machine-learning-systems,A,PRIMARY_PAGE_INSPECTED,primary_page,,No controlled atom recognized,2026-08-15,Primary-source text is not reproduced; only a controlled-vocabulary projection is retained.
SRC-024,LayoutLMv3: Pre-training for Document AI with Unified Text and Image Masking,https://arxiv.org/abs/2204.08387,B,PRIMARY_PAGE_INSPECTED,primary_page,multimodal=true,Controlled projection: multimodal=true,2026-08-15,Primary-source text is not reproduced; only a controlled-vocabulary projection is retained.
SRC-025,PubLayNet: largest dataset ever for document layout analysis,https://arxiv.org/abs/1908.07836,B,PRIMARY_ABSTRACT_INSPECTED,abstract,retrieval=true;layout=true;evaluation=true;benchmark=true;empirical_result=true,"Controlled projection: retrieval=true, layout=true, evaluation=true, benchmark=true, empirical_result=true",2026-08-15,Primary-source text is not reproduced; only a controlled-vocabulary projection is retained.
SRC-026,DocLayNet: A Large Human-Annotated Dataset for Document-Layout Analysis,https://arxiv.org/abs/2206.01062,B,PRIMARY_ABSTRACT_INSPECTED,abstract,retrieval=true;evidence_support=true;layout=true;segmentation=true;benchmark=true;empirical_result=true,"Controlled projection: retrieval=true, evidence_support=true, layout=true, segmentation=true, benchmark=true, empirical_result=true",2026-08-15,Primary-source text is not reproduced; only a controlled-vocabulary projection is retained.
SRC-027,LayoutLM: Pre-training of Text and Layout for Document Image Understanding,https://arxiv.org/abs/1912.13318,B,PRIMARY_ABSTRACT_INSPECTED,abstract,retrieval=true;layout=true;empirical_result=true,"Controlled projection: retrieval=true, layout=true, empirical_result=true",2026-08-15,Primary-source text is not reproduced; only a controlled-vocabulary projection is retained.
SRC-028,OCR-free Document Understanding Transformer,https://arxiv.org/abs/2111.15664,B,PRIMARY_ABSTRACT_INSPECTED,abstract,retrieval=true;ocr=true;cost=true;empirical_result=true,"Controlled projection: retrieval=true, ocr=true, cost=true, empirical_result=true",2026-08-15,Primary-source text is not reproduced; only a controlled-vocabulary projection is retained.
SRC-029,PubTables-1M: Towards comprehensive table extraction from unstructured documents,https://arxiv.org/abs/2110.00061,B,PRIMARY_ABSTRACT_INSPECTED,abstract,retrieval=true;table_extraction=true;segmentation=true;evaluation=true;benchmark=true;empirical_result=true,"Controlled projection: retrieval=true, table_extraction=true, segmentation=true, evaluation=true, benchmark=true, empirical_result=true",2026-08-15,Primary-source text is not reproduced; only a controlled-vocabulary projection is retained.
SRC-030,Nougat: Neural Optical Understanding for Academic Documents,https://arxiv.org/abs/2308.13418,B,PRIMARY_ABSTRACT_INSPECTED,abstract,retrieval=true;ocr=true,"Controlled projection: retrieval=true, ocr=true",2026-08-15,Primary-source text is not reproduced; only a controlled-vocabulary projection is retained.
SRC-031,Dense X Retrieval: What Retrieval Granularity Should We Use?,https://arxiv.org/abs/2312.06648,B,PRIMARY_ABSTRACT_INSPECTED,abstract,rag=true;retrieval=true;generation=true;chunking=true;dense=true;empirical_result=true,"Controlled projection: rag=true, retrieval=true, generation=true, chunking=true, dense=true, empirical_result=true",2026-08-15,Primary-source text is not reproduced; only a controlled-vocabulary projection is retained.
SRC-032,Text Tiling: Segmenting Text into Multi-paragraph Subtopic Passages,https://aclanthology.org/J97-1003/,A,PRIMARY_ABSTRACT_INSPECTED,abstract,verification=true;segmentation=true;lexical_cohesion=true,"Controlled projection: verification=true, segmentation=true, lexical_cohesion=true",2026-08-15,Primary-source text is not reproduced; only a controlled-vocabulary projection is retained.
SRC-033,RAPTOR: Recursive Abstractive Processing for Tree-Organized Retrieval,https://arxiv.org/abs/2401.18059,B,PRIMARY_ABSTRACT_INSPECTED,abstract,rag=true;retrieval=true;generation=true;hierarchical=true;multi_hop=true;evaluation=true;benchmark=true;ab_testing=true;empirical_result=true;generated_summaries=true;provenance_required=true,"Controlled projection: rag=true, retrieval=true, generation=true, hierarchical=true, multi_hop=true, evaluation=true, benchmark=true, ab_testing=true, empirical_result=true, generated_summaries=true, provenance_required=true",2026-08-15,Primary-source text is not reproduced; only a controlled-vocabulary projection is retained.
SRC-034,Late Chunking: Contextual Chunk Embeddings Using Long-Context Embedding Models,https://arxiv.org/abs/2409.04701,B,PRIMARY_ABSTRACT_INSPECTED,abstract,retrieval=true;chunking=true;compression=true;long_context=true;embedding_model=true;encode_before_pool=true,"Controlled projection: retrieval=true, chunking=true, compression=true, long_context=true, embedding_model=true, encode_before_pool=true",2026-08-15,Primary-source text is not reproduced; only a controlled-vocabulary projection is retained.
SRC-035,Lost in the Middle: How Language Models Use Long Contexts,https://arxiv.org/abs/2307.03172,B,PRIMARY_ABSTRACT_INSPECTED,abstract,retrieval=true;generation=true;long_context=true;evaluation=true,"Controlled projection: retrieval=true, generation=true, long_context=true, evaluation=true",2026-08-15,Primary-source text is not reproduced; only a controlled-vocabulary projection is retained.
SRC-036,KILT: a Benchmark for Knowledge Intensive Language Tasks,https://arxiv.org/abs/2009.02252,B,PRIMARY_ABSTRACT_INSPECTED,abstract,retrieval=true;generation=true;external_knowledge=true;knowledge_intensive=true;open_domain_qa=true;factuality=true;evidence_support=true;evaluation=true;benchmark=true;empirical_result=true,"Controlled projection: retrieval=true, generation=true, external_knowledge=true, knowledge_intensive=true, open_domain_qa=true, factuality=true, evidence_support=true, evaluation=true, benchmark=true, empirical_result=true",2026-08-15,Primary-source text is not reproduced; only a controlled-vocabulary projection is retained.
SRC-037,Enabling Large Language Models to Generate Text with Citations,https://arxiv.org/abs/2305.14627,B,PRIMARY_ABSTRACT_INSPECTED,abstract,retrieval=true;generation=true;citation=true;hallucination=true;evidence_support=true;evaluation=true;benchmark=true;human_evaluation=true;dimension_contract=true;empirical_result=true,"Controlled projection: retrieval=true, generation=true, citation=true, hallucination=true, evidence_support=true, evaluation=true, benchmark=true, human_evaluation=true, dimension_contract=true, empirical_result=true",2026-08-15,Primary-source text is not reproduced; only a controlled-vocabulary projection is retained.
SRC-038,StreamingQA: A Benchmark for Adaptation to New Knowledge over Time in Question Answering Models,https://arxiv.org/abs/2205.11388,B,PRIMARY_ABSTRACT_INSPECTED,abstract,retrieval=true;generation=true;temporal_freshness=true;evaluation=true;benchmark=true;empirical_result=true,"Controlled projection: retrieval=true, generation=true, temporal_freshness=true, evaluation=true, benchmark=true, empirical_result=true",2026-08-15,Primary-source text is not reproduced; only a controlled-vocabulary projection is retained.
SRC-039,PoisonedRAG: Knowledge Corruption Attacks to Retrieval-Augmented Generation of Large Language Models,https://arxiv.org/abs/2402.07867,B,PRIMARY_ABSTRACT_INSPECTED,abstract,rag=true;retrieval=true;generation=true;external_knowledge=true;hallucination=true;temporal_freshness=true;evaluation=true;security=true;empirical_result=true,"Controlled projection: rag=true, retrieval=true, generation=true, external_knowledge=true, hallucination=true, temporal_freshness=true, evaluation=true, security=true, empirical_result=true",2026-08-15,Primary-source text is not reproduced; only a controlled-vocabulary projection is retained.
SRC-040,Role-based access control models,https://doi.org/10.1109/2.485845,A,PRIMARY_PAGE_INSPECTED,primary_page,authorization=true,Controlled projection: authorization=true,2026-08-15,Primary-source text is not reproduced; only a controlled-vocabulary projection is retained.
SRC-041,"Cedar: A New Language for Expressive, Fast, Safe, and Analyzable Authorization (Extended Version)",https://arxiv.org/abs/2403.04651,B,PRIMARY_ABSTRACT_INSPECTED,abstract,retrieval=true;evaluation=true;authorization=true,"Controlled projection: retrieval=true, evaluation=true, authorization=true",2026-08-15,Primary-source text is not reproduced; only a controlled-vocabulary projection is retained.
SRC-042,Sentence-BERT: Sentence Embeddings using Siamese BERT-Networks,https://arxiv.org/abs/1908.10084,B,PRIMARY_ABSTRACT_INSPECTED,abstract,retrieval=true;dense=true;evaluation=true;empirical_result=true;cosine_compatible=true;independent_encoding=true,"Controlled projection: retrieval=true, dense=true, evaluation=true, empirical_result=true, cosine_compatible=true, independent_encoding=true",2026-08-15,Primary-source text is not reproduced; only a controlled-vocabulary projection is retained.
SRC-043,Dense Passage Retrieval for Open-Domain Question Answering,https://arxiv.org/abs/2004.04906,B,PRIMARY_ABSTRACT_INSPECTED,abstract,retrieval=true;open_domain_qa=true;dense=true;lexical=true;document_statistics=true;tf_saturation=true;length_normalization=true;dual_encoder=true;evaluation=true;benchmark=true;recall_metric=true;empirical_result=true;similarity=dot_product,"Controlled projection: retrieval=true, open_domain_qa=true, dense=true, lexical=true, document_statistics=true, tf_saturation=true, length_normalization=true, dual_encoder=true, evaluation=true, benchmark=true, recall_metric=true, empirical_result=true, similarity=dot_product",2026-08-15,Primary-source text is not reproduced; only a controlled-vocabulary projection is retained.
SRC-044,MTEB: Massive Text Embedding Benchmark,https://arxiv.org/abs/2210.07316,B,PRIMARY_ABSTRACT_INSPECTED,abstract,retrieval=true;rerank=true;evaluation=true;benchmark=true;empirical_result=true,"Controlled projection: retrieval=true, rerank=true, evaluation=true, benchmark=true, empirical_result=true",2026-08-15,Primary-source text is not reproduced; only a controlled-vocabulary projection is retained.
SRC-045,ColBERT: Efficient and Effective Passage Search via Contextualized Late Interaction over BERT,https://arxiv.org/abs/2004.12832,B,PRIMARY_ABSTRACT_INSPECTED,abstract,retrieval=true;generation=true;late_interaction=true;rerank=true;evaluation=true;cost=true;empirical_result=true;dense=true;multi_vector=true,"Controlled projection: retrieval=true, generation=true, late_interaction=true, rerank=true, evaluation=true, cost=true, empirical_result=true, dense=true, multi_vector=true",2026-08-15,Primary-source text is not reproduced; only a controlled-vocabulary projection is retained.
SRC-046,Matryoshka Representation Learning,https://arxiv.org/abs/2205.13147,B,PRIMARY_ABSTRACT_INSPECTED,abstract,retrieval=true;learned=true;cost=true;dimension_contract=true;empirical_result=true,"Controlled projection: retrieval=true, learned=true, cost=true, dimension_contract=true, empirical_result=true",2026-08-15,Primary-source text is not reproduced; only a controlled-vocabulary projection is retained.
SRC-047,Efficient and robust approximate nearest neighbor search using Hierarchical Navigable Small World graphs,https://arxiv.org/abs/1603.09320,B,PRIMARY_ABSTRACT_INSPECTED,abstract,retrieval=true;hierarchical=true;ann=true;graph_index=true;incremental_updates=true;evaluation=true;empirical_result=true;recall_latency_tradeoff=true,"Controlled projection: retrieval=true, hierarchical=true, ann=true, graph_index=true, incremental_updates=true, evaluation=true, empirical_result=true, recall_latency_tradeoff=true",2026-08-15,Primary-source text is not reproduced; only a controlled-vocabulary projection is retained.
SRC-048,Anserini Gets Dense Retrieval: Integration of Lucene's HNSW Indexes,https://arxiv.org/abs/2304.12139,B,PRIMARY_ABSTRACT_INSPECTED,abstract,retrieval=true;dense=true;sparse=true;lexical=true;tf_saturation=true;length_normalization=true;inverted_index_compatible=true;ann=true;empirical_result=true,"Controlled projection: retrieval=true, dense=true, sparse=true, lexical=true, tf_saturation=true, length_normalization=true, inverted_index_compatible=true, ann=true, empirical_result=true",2026-08-15,Primary-source text is not reproduced; only a controlled-vocabulary projection is retained.
SRC-049,ACORN: Performant and Predicate-Agnostic Search Over Vector Embeddings and Structured Data,https://arxiv.org/abs/2403.04871,B,PRIMARY_ABSTRACT_INSPECTED,abstract,retrieval=true;hierarchical=true;subgraph_retrieval=true;dense=true;ann=true;graph_index=true;filter_aware=true;evaluation=true;benchmark=true;empirical_result=true;acl_before_exposure=true,"Controlled projection: retrieval=true, hierarchical=true, subgraph_retrieval=true, dense=true, ann=true, graph_index=true, filter_aware=true, evaluation=true, benchmark=true, empirical_result=true, acl_before_exposure=true",2026-08-15,Primary-source text is not reproduced; only a controlled-vocabulary projection is retained.
SRC-050,NaviX: A Native Vector Index Design for Graph DBMSs With Robust Predicate-Agnostic Search Performance,https://arxiv.org/abs/2506.23397,B,PRIMARY_ABSTRACT_INSPECTED,abstract,retrieval=true;hierarchical=true;dense=true;disk_backed=true;filter_aware=true;evaluation=true;empirical_result=true;adaptive_strategy=true;ann=true;filter_first=true,"Controlled projection: retrieval=true, hierarchical=true, dense=true, disk_backed=true, filter_aware=true, evaluation=true, empirical_result=true, adaptive_strategy=true, ann=true, filter_first=true",2026-08-15,Primary-source text is not reproduced; only a controlled-vocabulary projection is retained.
SRC-051,Product Quantization for Nearest Neighbor Search,https://doi.org/10.1109/TPAMI.2010.57,A,PRIMARY_PAGE_INSPECTED,primary_page,retrieval=true;compression=true;ann_support=true;compressed_vectors=true,"Controlled projection: retrieval=true, compression=true, ann_support=true, compressed_vectors=true",2026-08-15,Primary-source text is not reproduced; only a controlled-vocabulary projection is retained.
SRC-052,Billion-scale similarity search with GPUs,https://arxiv.org/abs/1702.08734,B,PRIMARY_ABSTRACT_INSPECTED,abstract,retrieval=true;hierarchical=true;compression=true;gpu_accelerated=true;scalability=true;dimension_contract=true;empirical_result=true;ann=true,"Controlled projection: retrieval=true, hierarchical=true, compression=true, gpu_accelerated=true, scalability=true, dimension_contract=true, empirical_result=true, ann=true",2026-08-15,Primary-source text is not reproduced; only a controlled-vocabulary projection is retained.
SRC-053,DiskANN: Fast Accurate Billion-point Nearest Neighbor Search on a Single Node,https://www.microsoft.com/en-us/research/publication/diskann-fast-accurate-billion-point-nearest-neighbor-search-on-a-single-node/,B,PRIMARY_ABSTRACT_INSPECTED,abstract,retrieval=true;temporal_freshness=true;ann=true;graph_index=true;disk_backed=true;incremental_updates=true;recall_metric=true;latency=true;cost=true;empirical_result=true,"Controlled projection: retrieval=true, temporal_freshness=true, ann=true, graph_index=true, disk_backed=true, incremental_updates=true, recall_metric=true, latency=true, cost=true, empirical_result=true",2026-08-15,Primary-source text is not reproduced; only a controlled-vocabulary projection is retained.
SRC-054,FreshDiskANN: A Fast and Accurate Graph-Based ANN Index for Streaming Similarity Search,https://arxiv.org/abs/2105.09613,B,PRIMARY_ABSTRACT_INSPECTED,abstract,retrieval=true;temporal_freshness=true;ann=true;graph_index=true;disk_backed=true;incremental_updates=true;recall_metric=true;latency=true;cost=true;empirical_result=true,"Controlled projection: retrieval=true, temporal_freshness=true, ann=true, graph_index=true, disk_backed=true, incremental_updates=true, recall_metric=true, latency=true, cost=true, empirical_result=true",2026-08-15,Primary-source text is not reproduced; only a controlled-vocabulary projection is retained.
SRC-055,SPFresh: Incremental In-Place Update for Billion-Scale Vector Search,https://arxiv.org/abs/2410.14452,B,PRIMARY_ABSTRACT_INSPECTED,abstract,retrieval=true;temporal_freshness=true;dataset_shift=true;ann=true;incremental_updates=true;latency=true;cost=true;scalability=true;dimension_contract=true;empirical_result=true,"Controlled projection: retrieval=true, temporal_freshness=true, dataset_shift=true, ann=true, incremental_updates=true, latency=true, cost=true, scalability=true, dimension_contract=true, empirical_result=true",2026-08-15,Primary-source text is not reproduced; only a controlled-vocabulary projection is retained.
SRC-056,Manu: A Cloud Native Vector Database Management System,https://arxiv.org/abs/2206.13843,B,PRIMARY_ABSTRACT_INSPECTED,abstract,retrieval=true;generation=true;scalability=true;embedding_model=true,"Controlled projection: retrieval=true, generation=true, scalability=true, embedding_model=true",2026-08-15,Primary-source text is not reproduced; only a controlled-vocabulary projection is retained.
SRC-057,Query Resolution for Conversational Search with Limited Supervision,https://arxiv.org/abs/2005.11723,B,PRIMARY_ABSTRACT_INSPECTED,abstract,retrieval=true;generation=true;empirical_result=true,"Controlled projection: retrieval=true, generation=true, empirical_result=true",2026-08-15,Primary-source text is not reproduced; only a controlled-vocabulary projection is retained.
SRC-058,Adaptive-RAG: Learning to Adapt Retrieval-Augmented Large Language Models through Question Complexity,https://arxiv.org/abs/2403.14403,B,PRIMARY_ABSTRACT_INSPECTED,abstract,rag=true;retrieval=true;generation=true;external_knowledge=true;parametric_memory=true;open_domain_qa=true;multi_hop=true;adaptive_strategy=true;bedrock_kb=true,"Controlled projection: rag=true, retrieval=true, generation=true, external_knowledge=true, parametric_memory=true, open_domain_qa=true, multi_hop=true, adaptive_strategy=true, bedrock_kb=true",2026-08-15,Primary-source text is not reproduced; only a controlled-vocabulary projection is retained.
SRC-059,Retrieval Augmented Generation or Long-Context LLMs? A Comprehensive Study and Hybrid Approach,https://arxiv.org/abs/2407.16833,B,PRIMARY_ABSTRACT_INSPECTED,abstract,rag=true;retrieval=true;generation=true;long_context=true;evaluation=true;benchmark=true;cost=true;self_reflection=true;empirical_result=true,"Controlled projection: rag=true, retrieval=true, generation=true, long_context=true, evaluation=true, benchmark=true, cost=true, self_reflection=true, empirical_result=true",2026-08-15,Primary-source text is not reproduced; only a controlled-vocabulary projection is retained.
SRC-060,Interleaving Retrieval with Chain-of-Thought Reasoning for Knowledge-Intensive Multi-Step Questions,https://arxiv.org/abs/2212.10509,B,PRIMARY_ABSTRACT_INSPECTED,abstract,retrieval=true;generation=true;external_knowledge=true;knowledge_intensive=true;hallucination=true;temporal_freshness=true;iterative=true;multi_hop=true;empirical_result=true;bounded_steps=true;evidence_trace=true,"Controlled projection: retrieval=true, generation=true, external_knowledge=true, knowledge_intensive=true, hallucination=true, temporal_freshness=true, iterative=true, multi_hop=true, empirical_result=true, bounded_steps=true, evidence_trace=true",2026-08-15,Primary-source text is not reproduced; only a controlled-vocabulary projection is retained.
SRC-061,Query Rewriting for Retrieval-Augmented Large Language Models,https://arxiv.org/abs/2305.14283,B,PRIMARY_ABSTRACT_INSPECTED,abstract,rag=true;retrieval=true;generation=true;knowledge_intensive=true;open_domain_qa=true;query_rewrite=true;evaluation=true;scalability=true;empirical_result=true;original_query_trace=true,"Controlled projection: rag=true, retrieval=true, generation=true, knowledge_intensive=true, open_domain_qa=true, query_rewrite=true, evaluation=true, scalability=true, empirical_result=true, original_query_trace=true",2026-08-15,Primary-source text is not reproduced; only a controlled-vocabulary projection is retained.
SRC-062,Document Expansion by Query Prediction,https://arxiv.org/abs/1904.08375,B,PRIMARY_ABSTRACT_INSPECTED,abstract,retrieval=true;generated_query_representation=true;rerank=true;latency=true;empirical_result=true;generated_terms=true;original_text_preserved=true,"Controlled projection: retrieval=true, generated_query_representation=true, rerank=true, latency=true, empirical_result=true, generated_terms=true, original_text_preserved=true",2026-08-15,Primary-source text is not reproduced; only a controlled-vocabulary projection is retained.
SRC-063,Query2doc: Query Expansion with Large Language Models,https://arxiv.org/abs/2303.07678,B,PRIMARY_ABSTRACT_INSPECTED,abstract,retrieval=true;generation=true;dense=true;tf_saturation=true;length_normalization=true;generated_query_representation=true;empirical_result=true;original_query_retained=true,"Controlled projection: retrieval=true, generation=true, dense=true, tf_saturation=true, length_normalization=true, generated_query_representation=true, empirical_result=true, original_query_retained=true",2026-08-15,Primary-source text is not reproduced; only a controlled-vocabulary projection is retained.
SRC-064,Reciprocal rank fusion outperforms condorcet and individual rank learning methods,https://dl.acm.org/doi/10.1145/1571941.1572114,A,PRIMARY_PAGE_INSPECTED,primary_page,ranks_only=true;empirical_result=true;candidate_ids_stable=true;k_positive=true,"Controlled projection: ranks_only=true, empirical_result=true, candidate_ids_stable=true, k_positive=true",2026-08-15,Primary-source text is not reproduced; only a controlled-vocabulary projection is retained.
SRC-065,Precise Zero-Shot Dense Retrieval without Relevance Labels,https://arxiv.org/abs/2212.10496,B,PRIMARY_ABSTRACT_INSPECTED,abstract,retrieval=true;generation=true;verification=true;dense=true;generated_query_representation=true;empirical_result=true;hard_constraints_preserved=true,"Controlled projection: retrieval=true, generation=true, verification=true, dense=true, generated_query_representation=true, empirical_result=true, hard_constraints_preserved=true",2026-08-15,Primary-source text is not reproduced; only a controlled-vocabulary projection is retained.
SRC-066,BEIR: A Heterogenous Benchmark for Zero-shot Evaluation of Information Retrieval Models,https://arxiv.org/abs/2104.08663,B,PRIMARY_ABSTRACT_INSPECTED,abstract,retrieval=true;lexical=true;tf_saturation=true;length_normalization=true;rerank=true;evaluation=true;benchmark=true;cost=true;empirical_result=true,"Controlled projection: retrieval=true, lexical=true, tf_saturation=true, length_normalization=true, rerank=true, evaluation=true, benchmark=true, cost=true, empirical_result=true",2026-08-15,Primary-source text is not reproduced; only a controlled-vocabulary projection is retained.
SRC-067,Term-weighting approaches in automatic text retrieval,https://doi.org/10.1016/0306-4573%2888%2990021-0,A,PRIMARY_PAGE_INSPECTED,primary_page,retrieval=true;lexical=true;document_statistics=true;sparse=true,"Controlled projection: retrieval=true, lexical=true, document_statistics=true, sparse=true",2026-08-15,Primary-source text is not reproduced; only a controlled-vocabulary projection is retained.
SRC-068,SPLADE: Sparse Lexical and Expansion Model for First Stage Ranking,https://arxiv.org/abs/2107.05720,B,PRIMARY_ABSTRACT_INSPECTED,abstract,retrieval=true;sparse=true;lexical=true;tf_saturation=true;learned=true;inverted_index_compatible=true;ann=true;empirical_result=true,"Controlled projection: retrieval=true, sparse=true, lexical=true, tf_saturation=true, learned=true, inverted_index_compatible=true, ann=true, empirical_result=true",2026-08-15,Primary-source text is not reproduced; only a controlled-vocabulary projection is retained.
SRC-069,Learning Passage Impacts for Inverted Indexes,https://arxiv.org/abs/2104.12016,B,PRIMARY_ABSTRACT_INSPECTED,abstract,retrieval=true;generation=true;lexical=true;inverted_index_compatible=true;rerank=true;empirical_result=true;learned=true;sparse=true;term_impact=true,"Controlled projection: retrieval=true, generation=true, lexical=true, inverted_index_compatible=true, rerank=true, empirical_result=true, learned=true, sparse=true, term_impact=true",2026-08-15,Primary-source text is not reproduced; only a controlled-vocabulary projection is retained.
SRC-070,SPLADE v2: Sparse Lexical and Expansion Model for Information Retrieval,https://arxiv.org/abs/2109.10086,B,PRIMARY_ABSTRACT_INSPECTED,abstract,retrieval=true;sparse=true;lexical=true;inverted_index_compatible=true;ann=true;generated_query_representation=true;evaluation=true;benchmark=true;ranking_metric=true;empirical_result=true;distillation=true;learned=true,"Controlled projection: retrieval=true, sparse=true, lexical=true, inverted_index_compatible=true, ann=true, generated_query_representation=true, evaluation=true, benchmark=true, ranking_metric=true, empirical_result=true, distillation=true, learned=true",2026-08-15,Primary-source text is not reproduced; only a controlled-vocabulary projection is retained.
SRC-071,Unsupervised Domain Adaptation for Sparse Retrieval by Filling Vocabulary and Word Frequency Gaps,https://aclanthology.org/2022.aacl-main.57/,A,PRIMARY_ABSTRACT_INSPECTED,abstract,retrieval=true;generation=true;verification=true;sparse=true;lexical=true;document_statistics=true;tf_saturation=true;length_normalization=true;empirical_result=true,"Controlled projection: retrieval=true, generation=true, verification=true, sparse=true, lexical=true, document_statistics=true, tf_saturation=true, length_normalization=true, empirical_result=true",2026-08-15,Primary-source text is not reproduced; only a controlled-vocabulary projection is retained.
SRC-072,Approximate Nearest Neighbor Negative Contrastive Learning for Dense Text Retrieval,https://arxiv.org/abs/2007.00808,B,PRIMARY_PAGE_INSPECTED,primary_page,retrieval=true;ann=true;ann_negative_mining=true;dense=true,"Controlled projection: retrieval=true, ann=true, ann_negative_mining=true, dense=true",2026-08-15,Primary-source text is not reproduced; only a controlled-vocabulary projection is retained.
SRC-073,Text Embeddings by Weakly-Supervised Contrastive Pre-training,https://arxiv.org/abs/2212.03533,B,PRIMARY_ABSTRACT_INSPECTED,abstract,retrieval=true;tf_saturation=true;length_normalization=true;evaluation=true;benchmark=true;embedding_model=true;empirical_result=true;dense=true;prefix_contract=true,"Controlled projection: retrieval=true, tf_saturation=true, length_normalization=true, evaluation=true, benchmark=true, embedding_model=true, empirical_result=true, dense=true, prefix_contract=true",2026-08-15,Primary-source text is not reproduced; only a controlled-vocabulary projection is retained.
SRC-074,Unsupervised Dense Information Retrieval with Contrastive Learning,https://arxiv.org/abs/2112.09118,B,PRIMARY_ABSTRACT_INSPECTED,abstract,retrieval=true;dense=true;tf_saturation=true;length_normalization=true;evaluation=true;benchmark=true;recall_metric=true;empirical_result=true;unsupervised_contrastive=true,"Controlled projection: retrieval=true, dense=true, tf_saturation=true, length_normalization=true, evaluation=true, benchmark=true, recall_metric=true, empirical_result=true, unsupervised_contrastive=true",2026-08-15,Primary-source text is not reproduced; only a controlled-vocabulary projection is retained.
SRC-075,ColBERTv2: Effective and Efficient Retrieval via Lightweight Late Interaction,https://arxiv.org/abs/2112.01488,B,PRIMARY_ABSTRACT_INSPECTED,abstract,retrieval=true;knowledge_intensive=true;compression=true;multi_vector=true;late_interaction=true;evaluation=true;benchmark=true;scalability=true;empirical_result=true;compressed_index=true;dense=true,"Controlled projection: retrieval=true, knowledge_intensive=true, compression=true, multi_vector=true, late_interaction=true, evaluation=true, benchmark=true, scalability=true, empirical_result=true, compressed_index=true, dense=true",2026-08-15,Primary-source text is not reproduced; only a controlled-vocabulary projection is retained.
SRC-076,"M3-Embedding: Multi-Linguality, Multi-Functionality, Multi-Granularity Text Embeddings Through Self-Knowledge Distillation",https://arxiv.org/abs/2402.03216,B,PRIMARY_ABSTRACT_INSPECTED,abstract,retrieval=true;dense=true;sparse=true;multi_vector=true;evaluation=true;benchmark=true;embedding_model=true;empirical_result=true,"Controlled projection: retrieval=true, dense=true, sparse=true, multi_vector=true, evaluation=true, benchmark=true, embedding_model=true, empirical_result=true",2026-08-15,Primary-source text is not reproduced; only a controlled-vocabulary projection is retained.
SRC-077,Leveraging Semantic and Lexical Matching to Improve the Recall of Document Retrieval Systems: A Hybrid Approach,https://arxiv.org/abs/2010.01195,B,PRIMARY_ABSTRACT_INSPECTED,abstract,retrieval=true;lexical=true;rerank=true;recall_metric=true;empirical_result=true,"Controlled projection: retrieval=true, lexical=true, rerank=true, recall_metric=true, empirical_result=true",2026-08-15,Primary-source text is not reproduced; only a controlled-vocabulary projection is retained.
SRC-078,An Analysis of Fusion Functions for Hybrid Retrieval,https://arxiv.org/abs/2210.11934,B,PRIMARY_ABSTRACT_INSPECTED,abstract,retrieval=true;lexical=true;ranks_only=true;normalization_required=true;empirical_result=true;weights_evaluated=true,"Controlled projection: retrieval=true, lexical=true, ranks_only=true, normalization_required=true, empirical_result=true, weights_evaluated=true",2026-08-15,Primary-source text is not reproduced; only a controlled-vocabulary projection is retained.
SRC-079,Learning Filter-Aware Distance Metrics for Nearest Neighbor Search with Multiple Filters,https://openreview.net/forum?id=dILIRHcYvC,B,PRIMARY_PAGE_INSPECTED,primary_page,retrieval=true;verification=true;filter_aware=true,"Controlled projection: retrieval=true, verification=true, filter_aware=true",2026-08-15,Primary-source text is not reproduced; only a controlled-vocabulary projection is retained.
SRC-080,Deduplicating Training Data Makes Language Models Better,https://arxiv.org/abs/2107.06499,B,PRIMARY_ABSTRACT_INSPECTED,abstract,retrieval=true;generation=true;dedup=true;evaluation=true,"Controlled projection: retrieval=true, generation=true, dedup=true, evaluation=true",2026-08-15,Primary-source text is not reproduced; only a controlled-vocabulary projection is retained.
SRC-081,Detecting near-duplicates for web crawling,https://dl.acm.org/doi/10.1145/1242572.1242592,A,PRIMARY_PAGE_INSPECTED,primary_page,dedup=true;approximate_fingerprint=true,"Controlled projection: dedup=true, approximate_fingerprint=true",2026-08-15,Primary-source text is not reproduced; only a controlled-vocabulary projection is retained.
SRC-082,"The use of MMR, diversity-based reranking for reordering documents and producing summaries",https://dl.acm.org/doi/10.1145/290941.291025,A,PRIMARY_PAGE_INSPECTED,primary_page,rerank=true;diversity=true;output_subset=true,"Controlled projection: rerank=true, diversity=true, output_subset=true",2026-08-15,Primary-source text is not reproduced; only a controlled-vocabulary projection is retained.
SRC-083,IntenT5: Search Result Diversification using Causal Language Models,https://arxiv.org/abs/2108.04026,B,PRIMARY_ABSTRACT_INSPECTED,abstract,retrieval=true;generation=true;rerank=true;diversity=true;evaluation=true;benchmark=true;empirical_result=true,"Controlled projection: retrieval=true, generation=true, rerank=true, diversity=true, evaluation=true, benchmark=true, empirical_result=true",2026-08-15,Primary-source text is not reproduced; only a controlled-vocabulary projection is retained.
SRC-084,Passage Re-ranking with BERT,https://arxiv.org/abs/1901.04085,B,PRIMARY_ABSTRACT_INSPECTED,abstract,retrieval=true;generation=true;rerank=true;diversity=true;evaluation=true;benchmark=true;empirical_result=true;candidate_generation=false;output_subset=true;reads_candidate_text=true,"Controlled projection: retrieval=true, generation=true, rerank=true, diversity=true, evaluation=true, benchmark=true, empirical_result=true, candidate_generation=false, output_subset=true, reads_candidate_text=true",2026-08-15,Primary-source text is not reproduced; only a controlled-vocabulary projection is retained.
SRC-085,Zero-Shot Listwise Document Reranking with a Large Language Model,https://arxiv.org/abs/2305.02156,B,PRIMARY_ABSTRACT_INSPECTED,abstract,retrieval=true;generation=true;dual_encoder=true;rerank=true;empirical_result=true;ids_closed_world=true;listwise=true;reads_candidate_text=true,"Controlled projection: retrieval=true, generation=true, dual_encoder=true, rerank=true, empirical_result=true, ids_closed_world=true, listwise=true, reads_candidate_text=true",2026-08-15,Primary-source text is not reproduced; only a controlled-vocabulary projection is retained.
SRC-086,Document Ranking with a Pretrained Sequence-to-Sequence Model,https://arxiv.org/abs/2003.06713,B,PRIMARY_ABSTRACT_INSPECTED,abstract,retrieval=true;generation=true;rerank=true;empirical_result=true;output_subset=true;pointwise=true;reads_candidate_text=true,"Controlled projection: retrieval=true, generation=true, rerank=true, empirical_result=true, output_subset=true, pointwise=true, reads_candidate_text=true",2026-08-15,Primary-source text is not reproduced; only a controlled-vocabulary projection is retained.
SRC-087,RankT5: Fine-Tuning T5 for Text Ranking with Ranking Losses,https://arxiv.org/abs/2210.10634,B,PRIMARY_ABSTRACT_INSPECTED,abstract,retrieval=true;generation=true;empirical_result=true;output_subset=true;ranking_loss=true;reads_candidate_text=true,"Controlled projection: retrieval=true, generation=true, empirical_result=true, output_subset=true, ranking_loss=true, reads_candidate_text=true",2026-08-15,Primary-source text is not reproduced; only a controlled-vocabulary projection is retained.
SRC-088,Is ChatGPT Good at Search? Investigating Large Language Models as Re-Ranking Agents,https://arxiv.org/abs/2304.09542,B,PRIMARY_ABSTRACT_INSPECTED,abstract,retrieval=true;generation=true;verification=true;rerank=true;evaluation=true;benchmark=true;llm_judge=true;empirical_result=true;ids_closed_world=true;listwise=true;reads_candidate_text=true,"Controlled projection: retrieval=true, generation=true, verification=true, rerank=true, evaluation=true, benchmark=true, llm_judge=true, empirical_result=true, ids_closed_world=true, listwise=true, reads_candidate_text=true",2026-08-15,Primary-source text is not reproduced; only a controlled-vocabulary projection is retained.
SRC-089,RECOMP: Improving Retrieval-Augmented LMs with Compression and Selective Augmentation,https://arxiv.org/abs/2310.04408,B,PRIMARY_ABSTRACT_INSPECTED,abstract,rag=true;retrieval=true;generation=true;open_domain_qa=true;compression=true;context_compression=true;evaluation=true;cost=true;empirical_result=true;provenance_mapping_required=true,"Controlled projection: rag=true, retrieval=true, generation=true, open_domain_qa=true, compression=true, context_compression=true, evaluation=true, cost=true, empirical_result=true, provenance_mapping_required=true",2026-08-15,Primary-source text is not reproduced; only a controlled-vocabulary projection is retained.
SRC-090,RAGTruth: A Hallucination Corpus for Developing Trustworthy Retrieval-Augmented Language Models,https://arxiv.org/abs/2401.00396,B,PRIMARY_ABSTRACT_INSPECTED,abstract,rag=true;retrieval=true;generation=true;hallucination=true;evaluation=true;benchmark=true;empirical_result=true,"Controlled projection: rag=true, retrieval=true, generation=true, hallucination=true, evaluation=true, benchmark=true, empirical_result=true",2026-08-15,Primary-source text is not reproduced; only a controlled-vocabulary projection is retained.
SRC-091,LLMLingua: Compressing Prompts for Accelerated Inference of Large Language Models,https://arxiv.org/abs/2310.05736,B,PRIMARY_ABSTRACT_INSPECTED,abstract,retrieval=true;generation=true;compression=true;cost=true;empirical_result=true;protected_tokens_required=true,"Controlled projection: retrieval=true, generation=true, compression=true, cost=true, empirical_result=true, protected_tokens_required=true",2026-08-15,Primary-source text is not reproduced; only a controlled-vocabulary projection is retained.
SRC-092,LongLLMLingua: Accelerating and Enhancing LLMs in Long Context Scenarios via Prompt Compression,https://arxiv.org/abs/2310.06839,B,PRIMARY_ABSTRACT_INSPECTED,abstract,retrieval=true;generation=true;compression=true;long_context=true;evaluation=true;benchmark=true;latency=true;cost=true;question_aware=true,"Controlled projection: retrieval=true, generation=true, compression=true, long_context=true, evaluation=true, benchmark=true, latency=true, cost=true, question_aware=true",2026-08-15,Primary-source text is not reproduced; only a controlled-vocabulary projection is retained.
SRC-093,Compressing Context to Enhance Inference Efficiency of Large Language Models,https://arxiv.org/abs/2310.06201,B,PRIMARY_ABSTRACT_INSPECTED,abstract,retrieval=true;generation=true;compression=true;context_compression=true;long_context=true;latency=true;cost=true;empirical_result=true;question_independent=true,"Controlled projection: retrieval=true, generation=true, compression=true, context_compression=true, long_context=true, latency=true, cost=true, empirical_result=true, question_independent=true",2026-08-15,Primary-source text is not reproduced; only a controlled-vocabulary projection is retained.
SRC-094,FActScore: Fine-grained Atomic Evaluation of Factual Precision in Long Form Text Generation,https://arxiv.org/abs/2305.14251,B,PRIMARY_ABSTRACT_INSPECTED,abstract,rag=true;retrieval=true;generation=true;factuality=true;evaluation=true;human_evaluation=true;cost=true;empirical_result=true,"Controlled projection: rag=true, retrieval=true, generation=true, factuality=true, evaluation=true, human_evaluation=true, cost=true, empirical_result=true",2026-08-15,Primary-source text is not reproduced; only a controlled-vocabulary projection is retained.
SRC-095,Attention Sorting Combats Recency Bias In Long Context Language Models,https://arxiv.org/abs/2310.01427,B,PRIMARY_ABSTRACT_INSPECTED,abstract,rag=true;retrieval=true;generation=true;long_context=true;empirical_result=true,"Controlled projection: rag=true, retrieval=true, generation=true, long_context=true, empirical_result=true",2026-08-15,Primary-source text is not reproduced; only a controlled-vocabulary projection is retained.
SRC-096,Not what you've signed up for: Compromising Real-World LLM-Integrated Applications with Indirect Prompt Injection,https://arxiv.org/abs/2302.12173,B,PRIMARY_ABSTRACT_INSPECTED,abstract,retrieval=true;generation=true;security=true;prompt_injection=true,"Controlled projection: retrieval=true, generation=true, security=true, prompt_injection=true",2026-08-15,Primary-source text is not reproduced; only a controlled-vocabulary projection is retained.
SRC-097,Corrective Retrieval Augmented Generation,https://arxiv.org/abs/2401.15884,B,PRIMARY_ABSTRACT_INSPECTED,abstract,rag=true;retrieval=true;generation=true;parametric_memory=true;hallucination=true;security=true;empirical_result=true,"Controlled projection: rag=true, retrieval=true, generation=true, parametric_memory=true, hallucination=true, security=true, empirical_result=true",2026-08-15,Primary-source text is not reproduced; only a controlled-vocabulary projection is retained.
SRC-098,RefChecker: Reference-based Fine-grained Hallucination Checker and Benchmark for Large Language Models,https://arxiv.org/abs/2405.14486,B,PRIMARY_ABSTRACT_INSPECTED,abstract,retrieval=true;generation=true;hallucination=true;evaluation=true;benchmark=true;empirical_result=true,"Controlled projection: retrieval=true, generation=true, hallucination=true, evaluation=true, benchmark=true, empirical_result=true",2026-08-15,Primary-source text is not reproduced; only a controlled-vocabulary projection is retained.
SRC-099,Retrieval-Augmented Generation for Knowledge-Intensive NLP Tasks,https://arxiv.org/abs/2005.11401,B,PRIMARY_ABSTRACT_INSPECTED,abstract,rag=true;retrieval=true;generation=true;external_knowledge=true;parametric_memory=true;nonparametric_memory=true;knowledge_intensive=true;open_domain_qa=true;evaluation=true;empirical_result=true,"Controlled projection: rag=true, retrieval=true, generation=true, external_knowledge=true, parametric_memory=true, nonparametric_memory=true, knowledge_intensive=true, open_domain_qa=true, evaluation=true, empirical_result=true",2026-08-15,Primary-source text is not reproduced; only a controlled-vocabulary projection is retained.
SRC-100,Teaching language models to support answers with verified quotes,https://arxiv.org/abs/2203.11147,B,PRIMARY_ABSTRACT_INSPECTED,abstract,retrieval=true;generation=true;citation=true;factuality=true;hallucination=true;evidence_support=true;evaluation=true;human_evaluation=true;empirical_result=true,"Controlled projection: retrieval=true, generation=true, citation=true, factuality=true, hallucination=true, evidence_support=true, evaluation=true, human_evaluation=true, empirical_result=true",2026-08-15,Primary-source text is not reproduced; only a controlled-vocabulary projection is retained.
SRC-101,Know What You Don't Know: Unanswerable Questions for SQuAD,https://arxiv.org/abs/1806.03822,B,PRIMARY_ABSTRACT_INSPECTED,abstract,retrieval=true;generation=true;unanswerable=true;answerability=true,"Controlled projection: retrieval=true, generation=true, unanswerable=true, answerability=true",2026-08-15,Primary-source text is not reproduced; only a controlled-vocabulary projection is retained.
SRC-102,Measuring Attribution in Natural Language Generation Models,https://arxiv.org/abs/2112.12870,B,PRIMARY_ABSTRACT_INSPECTED,abstract,retrieval=true;generation=true;attribution=true;evaluation=true;human_evaluation=true;empirical_result=true,"Controlled projection: retrieval=true, generation=true, attribution=true, evaluation=true, human_evaluation=true, empirical_result=true",2026-08-15,Primary-source text is not reproduced; only a controlled-vocabulary projection is retained.
SRC-103,Chain-of-Verification Reduces Hallucination in Large Language Models,https://arxiv.org/abs/2309.11495,B,PRIMARY_ABSTRACT_INSPECTED,abstract,retrieval=true;generation=true;hallucination=true;verification=true;empirical_result=true,"Controlled projection: retrieval=true, generation=true, hallucination=true, verification=true, empirical_result=true",2026-08-15,Primary-source text is not reproduced; only a controlled-vocabulary projection is retained.
SRC-104,"RARR: Researching and Revising What Language Models Say, Using Language Models",https://arxiv.org/abs/2210.08726,B,PRIMARY_ABSTRACT_INSPECTED,abstract,retrieval=true;generation=true;attribution=true;evidence_support=true;empirical_result=true,"Controlled projection: retrieval=true, generation=true, attribution=true, evidence_support=true, empirical_result=true",2026-08-15,Primary-source text is not reproduced; only a controlled-vocabulary projection is retained.
SRC-105,Evaluation of Retrieval-Augmented Generation: A Survey,https://arxiv.org/abs/2405.07437,B,PRIMARY_ABSTRACT_INSPECTED,abstract,rag=true;retrieval=true;generation=true;evaluation=true;benchmark=true,"Controlled projection: rag=true, retrieval=true, generation=true, evaluation=true, benchmark=true",2026-08-15,Primary-source text is not reproduced; only a controlled-vocabulary projection is retained.
SRC-106,ARES: An Automated Evaluation Framework for Retrieval-Augmented Generation Systems,https://arxiv.org/abs/2311.09476,B,PRIMARY_ABSTRACT_INSPECTED,abstract,rag=true;retrieval=true;generation=true;knowledge_intensive=true;evaluation=true;dimension_contract=true,"Controlled projection: rag=true, retrieval=true, generation=true, knowledge_intensive=true, evaluation=true, dimension_contract=true",2026-08-15,Primary-source text is not reproduced; only a controlled-vocabulary projection is retained.
SRC-107,RAGGED: Towards Informed Design of Scalable and Stable RAG Systems,https://arxiv.org/abs/2403.09040,B,PRIMARY_ABSTRACT_INSPECTED,abstract,rag=true;retrieval=true;generation=true;external_knowledge=true;multi_hop=true;rerank=true;evaluation=true;scalability=true;empirical_result=true,"Controlled projection: rag=true, retrieval=true, generation=true, external_knowledge=true, multi_hop=true, rerank=true, evaluation=true, scalability=true, empirical_result=true",2026-08-15,Primary-source text is not reproduced; only a controlled-vocabulary projection is retained.
SRC-108,Beyond Accuracy: Behavioral Testing of NLP Models with CheckList,https://aclanthology.org/2020.acl-main.442/,A,PRIMARY_ABSTRACT_INSPECTED,abstract,generation=true;verification=true;evaluation=true,"Controlled projection: generation=true, verification=true, evaluation=true",2026-08-15,Primary-source text is not reproduced; only a controlled-vocabulary projection is retained.
SRC-109,Benchmarking Large Language Models in Retrieval-Augmented Generation,https://arxiv.org/abs/2309.01431,B,PRIMARY_ABSTRACT_INSPECTED,abstract,rag=true;retrieval=true;generation=true;hallucination=true;evaluation=true;benchmark=true,"Controlled projection: rag=true, retrieval=true, generation=true, hallucination=true, evaluation=true, benchmark=true",2026-08-15,Primary-source text is not reproduced; only a controlled-vocabulary projection is retained.
SRC-110,RAGChecker: A Fine-grained Framework for Diagnosing Retrieval-Augmented Generation,https://arxiv.org/abs/2408.08067,B,PRIMARY_ABSTRACT_INSPECTED,abstract,rag=true;retrieval=true;generation=true;external_knowledge=true;evaluation=true;modular=true,"Controlled projection: rag=true, retrieval=true, generation=true, external_knowledge=true, evaluation=true, modular=true",2026-08-15,Primary-source text is not reproduced; only a controlled-vocabulary projection is retained.
SRC-111,Cumulated gain-based evaluation of IR techniques,https://doi.org/10.1145/582415.582418,A,PRIMARY_PAGE_INSPECTED,primary_page,evaluation=true;ranking_metric=true,"Controlled projection: evaluation=true, ranking_metric=true",2026-08-15,Primary-source text is not reproduced; only a controlled-vocabulary projection is retained.
SRC-112,Ragas: Automated Evaluation of Retrieval Augmented Generation,https://arxiv.org/abs/2309.15217,B,PRIMARY_ABSTRACT_INSPECTED,abstract,rag=true;retrieval=true;generation=true;hallucination=true;evaluation=true;dimension_contract=true,"Controlled projection: rag=true, retrieval=true, generation=true, hallucination=true, evaluation=true, dimension_contract=true",2026-08-15,Primary-source text is not reproduced; only a controlled-vocabulary projection is retained.
SRC-113,G-Eval: NLG Evaluation using GPT-4 with Better Human Alignment,https://arxiv.org/abs/2303.16634,B,PRIMARY_ABSTRACT_INSPECTED,abstract,retrieval=true;generation=true;diversity=true;evaluation=true;human_evaluation=true;llm_judge=true;empirical_result=true,"Controlled projection: retrieval=true, generation=true, diversity=true, evaluation=true, human_evaluation=true, llm_judge=true, empirical_result=true",2026-08-15,Primary-source text is not reproduced; only a controlled-vocabulary projection is retained.
SRC-114,Judging LLM-as-a-Judge with MT-Bench and Chatbot Arena,https://arxiv.org/abs/2306.05685,B,PRIMARY_ABSTRACT_INSPECTED,abstract,retrieval=true;generation=true;verification=true;evaluation=true;benchmark=true;llm_judge=true;scalability=true,"Controlled projection: retrieval=true, generation=true, verification=true, evaluation=true, benchmark=true, llm_judge=true, scalability=true",2026-08-15,Primary-source text is not reproduced; only a controlled-vocabulary projection is retained.
SRC-115,HAGRID: A Human-LLM Collaborative Dataset for Generative Information-Seeking with Attribution,https://arxiv.org/abs/2307.16883,B,PRIMARY_ABSTRACT_INSPECTED,abstract,retrieval=true;generation=true;citation=true;attribution=true;evaluation=true;benchmark=true;human_evaluation=true,"Controlled projection: retrieval=true, generation=true, citation=true, attribution=true, evaluation=true, benchmark=true, human_evaluation=true",2026-08-15,Primary-source text is not reproduced; only a controlled-vocabulary projection is retained.
SRC-116,ReAct: Synergizing Reasoning and Acting in Language Models,https://arxiv.org/abs/2210.03629,B,PRIMARY_ABSTRACT_INSPECTED,abstract,retrieval=true;generation=true;external_knowledge=true;hallucination=true;verification=true;evaluation=true;benchmark=true;tool_use=true;bedrock_kb=true;empirical_result=true,"Controlled projection: retrieval=true, generation=true, external_knowledge=true, hallucination=true, verification=true, evaluation=true, benchmark=true, tool_use=true, bedrock_kb=true, empirical_result=true",2026-08-15,Primary-source text is not reproduced; only a controlled-vocabulary projection is retained.
SRC-117,Practical guide to controlled experiments on the web,https://doi.org/10.1145/1281192.1281295,A,PRIMARY_PAGE_INSPECTED,primary_page,ab_testing=true;empirical_result=true,"Controlled projection: ab_testing=true, empirical_result=true",2026-08-15,Primary-source text is not reproduced; only a controlled-vocabulary projection is retained.
SRC-118,The protection of information in computer systems,https://doi.org/10.1109/PROC.1975.9939,A,PRIMARY_PAGE_INSPECTED,primary_page,,No controlled atom recognized,2026-08-15,Primary-source text is not reproduced; only a controlled-vocabulary projection is retained.
SRC-119,Curator: Efficient Indexing for Multi-Tenant Vector Databases,https://arxiv.org/abs/2401.07119,B,PRIMARY_ABSTRACT_INSPECTED,abstract,retrieval=true;evaluation=true;multi_tenant=true;metadata_filter=true,"Controlled projection: retrieval=true, evaluation=true, multi_tenant=true, metadata_filter=true",2026-08-15,Primary-source text is not reproduced; only a controlled-vocabulary projection is retained.
SRC-120,"Securing the Agent: Vendor-Neutral, Multitenant Enterprise Retrieval and Tool Use",https://arxiv.org/abs/2605.05287,B,PRIMARY_ABSTRACT_INSPECTED,abstract,rag=true;retrieval=true;generation=true;evaluation=true;latency=true;cost=true;authorization=true;multi_tenant=true;security=true;tool_use=true,"Controlled projection: rag=true, retrieval=true, generation=true, evaluation=true, latency=true, cost=true, authorization=true, multi_tenant=true, security=true, tool_use=true",2026-08-15,Primary-source text is not reproduced; only a controlled-vocabulary projection is retained.
SRC-121,Feedback-Guided Extraction of Knowledge Base from Retrieval-Augmented LLM Applications,https://arxiv.org/abs/2411.14110,B,PRIMARY_ABSTRACT_INSPECTED,abstract,rag=true;retrieval=true;generation=true;external_knowledge=true;security=true;bedrock_kb=true;empirical_result=true,"Controlled projection: rag=true, retrieval=true, generation=true, external_knowledge=true, security=true, bedrock_kb=true, empirical_result=true",2026-08-15,Primary-source text is not reproduced; only a controlled-vocabulary projection is retained.
SRC-122,Generating Is Believing: Membership Inference Attacks against Retrieval-Augmented Generation,https://arxiv.org/abs/2406.19234,B,PRIMARY_ABSTRACT_INSPECTED,abstract,rag=true;retrieval=true;generation=true;hallucination=true;security=true;privacy=true;membership_inference=true;empirical_result=true,"Controlled projection: rag=true, retrieval=true, generation=true, hallucination=true, security=true, privacy=true, membership_inference=true, empirical_result=true",2026-08-15,Primary-source text is not reproduced; only a controlled-vocabulary projection is retained.
SRC-123,Extracting Training Data from Large Language Models,https://www.usenix.org/conference/usenixsecurity21/presentation/carlini-extracting,A,PRIMARY_PAGE_INSPECTED,primary_page,generation=true;evaluation=true;security=true;privacy=true;training_data_extraction=true,"Controlled projection: generation=true, evaluation=true, security=true, privacy=true, training_data_extraction=true",2026-08-15,Primary-source text is not reproduced; only a controlled-vocabulary projection is retained.
SRC-124,Analyzing Leakage of Personally Identifiable Information in Language Models,https://arxiv.org/abs/2302.00539,B,PRIMARY_ABSTRACT_INSPECTED,abstract,retrieval=true;generation=true;evaluation=true;security=true;privacy=true;membership_inference=true;differential_privacy=true;empirical_result=true,"Controlled projection: retrieval=true, generation=true, evaluation=true, security=true, privacy=true, membership_inference=true, differential_privacy=true, empirical_result=true",2026-08-15,Primary-source text is not reproduced; only a controlled-vocabulary projection is retained.
SRC-125,Deep Learning with Differential Privacy,https://arxiv.org/abs/1607.00133,B,PRIMARY_ABSTRACT_INSPECTED,abstract,retrieval=true;cost=true;privacy=true;differential_privacy=true;empirical_result=true,"Controlled projection: retrieval=true, cost=true, privacy=true, differential_privacy=true, empirical_result=true",2026-08-15,Primary-source text is not reproduced; only a controlled-vocabulary projection is retained.
SRC-126,Prompt Injection attack against LLM-integrated Applications,https://arxiv.org/abs/2306.05499,B,PRIMARY_ABSTRACT_INSPECTED,abstract,retrieval=true;generation=true;security=true;prompt_injection=true,"Controlled projection: retrieval=true, generation=true, security=true, prompt_injection=true",2026-08-15,Primary-source text is not reproduced; only a controlled-vocabulary projection is retained.
SRC-127,StruQ: Defending Against Prompt Injection with Structured Queries,https://arxiv.org/abs/2402.06363,B,PRIMARY_ABSTRACT_INSPECTED,abstract,retrieval=true;generation=true;security=true;prompt_injection=true;empirical_result=true,"Controlled projection: retrieval=true, generation=true, security=true, prompt_injection=true, empirical_result=true",2026-08-15,Primary-source text is not reproduced; only a controlled-vocabulary projection is retained.
SRC-128,Benchmarking and Defending Against Indirect Prompt Injection Attacks on Large Language Models,https://arxiv.org/abs/2312.14197,B,PRIMARY_ABSTRACT_INSPECTED,abstract,retrieval=true;generation=true;evaluation=true;benchmark=true;security=true;prompt_injection=true;empirical_result=true,"Controlled projection: retrieval=true, generation=true, evaluation=true, benchmark=true, security=true, prompt_injection=true, empirical_result=true",2026-08-15,Primary-source text is not reproduced; only a controlled-vocabulary projection is retained.
SRC-129,The Instruction Hierarchy: Training LLMs to Prioritize Privileged Instructions,https://arxiv.org/abs/2404.13208,B,PRIMARY_ABSTRACT_INSPECTED,abstract,retrieval=true;generation=true;hierarchical=true;security=true;prompt_injection=true,"Controlled projection: retrieval=true, generation=true, hierarchical=true, security=true, prompt_injection=true",2026-08-15,Primary-source text is not reproduced; only a controlled-vocabulary projection is retained.
SRC-130,Model Cards for Model Reporting,https://arxiv.org/abs/1810.03993,B,PRIMARY_ABSTRACT_INSPECTED,abstract,retrieval=true;model_documentation=true;evaluation=true;benchmark=true,"Controlled projection: retrieval=true, model_documentation=true, evaluation=true, benchmark=true",2026-08-15,Primary-source text is not reproduced; only a controlled-vocabulary projection is retained.
SRC-131,The Tail at Scale,https://research.google/pubs/the-tail-at-scale/,B,PRIMARY_PAGE_INSPECTED,primary_page,retrieval=true;latency=true;fault_tolerance=true;empirical_result=true,"Controlled projection: retrieval=true, latency=true, fault_tolerance=true, empirical_result=true",2026-08-15,Primary-source text is not reproduced; only a controlled-vocabulary projection is retained.
SRC-132,Efficient Memory Management for Large Language Model Serving with PagedAttention,https://arxiv.org/abs/2309.06180,B,PRIMARY_ABSTRACT_INSPECTED,abstract,retrieval=true;generation=true;evaluation=true;latency=true;empirical_result=true,"Controlled projection: retrieval=true, generation=true, evaluation=true, latency=true, empirical_result=true",2026-08-15,Primary-source text is not reproduced; only a controlled-vocabulary projection is retained.
SRC-133,FrugalGPT: How to Use Large Language Models While Reducing Cost and Improving Performance,https://arxiv.org/abs/2305.05176,B,PRIMARY_ABSTRACT_INSPECTED,abstract,retrieval=true;generation=true;cost=true;empirical_result=true,"Controlled projection: retrieval=true, generation=true, cost=true, empirical_result=true",2026-08-15,Primary-source text is not reproduced; only a controlled-vocabulary projection is retained.
SRC-134,RouteLLM: Learning to Route LLMs with Preference Data,https://arxiv.org/abs/2406.18665,B,PRIMARY_ABSTRACT_INSPECTED,abstract,retrieval=true;generation=true;evaluation=true;benchmark=true;cost=true,"Controlled projection: retrieval=true, generation=true, evaluation=true, benchmark=true, cost=true",2026-08-15,Primary-source text is not reproduced; only a controlled-vocabulary projection is retained.
SRC-135,Failing Loudly: An Empirical Study of Methods for Detecting Dataset Shift,https://arxiv.org/abs/1810.11953,B,PRIMARY_ABSTRACT_INSPECTED,abstract,retrieval=true;dataset_shift=true;dimension_contract=true,"Controlled projection: retrieval=true, dataset_shift=true, dimension_contract=true",2026-08-15,Primary-source text is not reproduced; only a controlled-vocabulary projection is retained.
SRC-136,Towards Trustworthy Retrieval Augmented Generation for Large Language Models: A Survey,https://arxiv.org/abs/2502.06872,B,PRIMARY_ABSTRACT_INSPECTED,abstract,rag=true;retrieval=true;generation=true;external_knowledge=true;hallucination=true;temporal_freshness=true;security=true;privacy=true;empirical_result=true,"Controlled projection: rag=true, retrieval=true, generation=true, external_knowledge=true, hallucination=true, temporal_freshness=true, security=true, privacy=true, empirical_result=true",2026-08-15,Primary-source text is not reproduced; only a controlled-vocabulary projection is retained.
SRC-137,Fairness and Abstraction in Sociotechnical Systems,https://doi.org/10.1145/3287560.3287598,A,PRIMARY_PAGE_INSPECTED,primary_page,,No controlled atom recognized,2026-08-15,Primary-source text is not reproduced; only a controlled-vocabulary projection is retained.
SRC-138,On the Dangers of Stochastic Parrots,https://dl.acm.org/doi/10.1145/3442188.3445922,A,PRIMARY_PAGE_INSPECTED,primary_page,,No controlled atom recognized,2026-08-15,Primary-source text is not reproduced; only a controlled-vocabulary projection is retained.
SRC-139,Retrieval-Augmented Generation for Large Language Models: A Survey,https://arxiv.org/abs/2312.10997,B,PRIMARY_ABSTRACT_INSPECTED,abstract,rag=true;retrieval=true;generation=true;knowledge_intensive=true;hallucination=true;temporal_freshness=true;evaluation=true;benchmark=true;modular=true;empirical_result=true,"Controlled projection: rag=true, retrieval=true, generation=true, knowledge_intensive=true, hallucination=true, temporal_freshness=true, evaluation=true, benchmark=true, modular=true, empirical_result=true",2026-08-15,Primary-source text is not reproduced; only a controlled-vocabulary projection is retained.
SRC-140,Modular RAG: Transforming RAG Systems into LEGO-like Reconfigurable Frameworks,https://arxiv.org/abs/2407.21059,B,PRIMARY_ABSTRACT_INSPECTED,abstract,rag=true;retrieval=true;generation=true;knowledge_intensive=true;modular=true,"Controlled projection: rag=true, retrieval=true, generation=true, knowledge_intensive=true, modular=true",2026-08-15,Primary-source text is not reproduced; only a controlled-vocabulary projection is retained.
SRC-141,Leveraging Passage Retrieval with Generative Models for Open Domain Question Answering,https://arxiv.org/abs/2007.01282,B,PRIMARY_ABSTRACT_INSPECTED,abstract,retrieval=true;generation=true;external_knowledge=true;open_domain_qa=true;evidence_support=true;evaluation=true;benchmark=true;empirical_result=true,"Controlled projection: retrieval=true, generation=true, external_knowledge=true, open_domain_qa=true, evidence_support=true, evaluation=true, benchmark=true, empirical_result=true",2026-08-15,Primary-source text is not reproduced; only a controlled-vocabulary projection is retained.
SRC-142,REALM: Retrieval-Augmented Language Model Pre-Training,https://arxiv.org/abs/2002.08909,B,PRIMARY_ABSTRACT_INSPECTED,abstract,rag=true;retrieval=true;generation=true;open_domain_qa=true;evaluation=true;benchmark=true;modular=true;empirical_result=true,"Controlled projection: rag=true, retrieval=true, generation=true, open_domain_qa=true, evaluation=true, benchmark=true, modular=true, empirical_result=true",2026-08-15,Primary-source text is not reproduced; only a controlled-vocabulary projection is retained.
SRC-143,Improving language models by retrieving from trillions of tokens,https://arxiv.org/abs/2112.04426,B,PRIMARY_ABSTRACT_INSPECTED,abstract,retrieval=true;generation=true;knowledge_intensive=true;scalability=true,"Controlled projection: retrieval=true, generation=true, knowledge_intensive=true, scalability=true",2026-08-15,Primary-source text is not reproduced; only a controlled-vocabulary projection is retained.
SRC-144,Open-Domain Question Answering Goes Conversational via Question Rewriting,https://arxiv.org/abs/2010.04898,B,PRIMARY_ABSTRACT_INSPECTED,abstract,retrieval=true;open_domain_qa=true;query_rewrite=true;evaluation=true;benchmark=true;empirical_result=true,"Controlled projection: retrieval=true, open_domain_qa=true, query_rewrite=true, evaluation=true, benchmark=true, empirical_result=true",2026-08-15,Primary-source text is not reproduced; only a controlled-vocabulary projection is retained.
SRC-145,CONQRR: Conversational Query Rewriting for Retrieval with Reinforcement Learning,https://arxiv.org/abs/2112.08558,B,PRIMARY_ABSTRACT_INSPECTED,abstract,retrieval=true;query_rewrite=true;empirical_result=true,"Controlled projection: retrieval=true, query_rewrite=true, empirical_result=true",2026-08-15,Primary-source text is not reproduced; only a controlled-vocabulary projection is retained.
SRC-146,Few-Shot Conversational Dense Retrieval,https://arxiv.org/abs/2105.04166,B,PRIMARY_ABSTRACT_INSPECTED,abstract,retrieval=true;dense=true;similarity=dot_product;learned=true;query_rewrite=true;recall_metric=true;empirical_result=true,"Controlled projection: retrieval=true, dense=true, similarity=dot_product, learned=true, query_rewrite=true, recall_metric=true, empirical_result=true",2026-08-15,Primary-source text is not reproduced; only a controlled-vocabulary projection is retained.
SRC-147,Federated Retrieval Augmented Generation for Multi-Product Question Answering,https://aclanthology.org/2025.coling-industry.33/,A,PRIMARY_ABSTRACT_INSPECTED,abstract,rag=true;retrieval=true;generation=true;hallucination=true;verification=true;evaluation=true;benchmark=true;recall_metric=true;cost=true;empirical_result=true,"Controlled projection: rag=true, retrieval=true, generation=true, hallucination=true, verification=true, evaluation=true, benchmark=true, recall_metric=true, cost=true, empirical_result=true",2026-08-15,Primary-source text is not reproduced; only a controlled-vocabulary projection is retained.
SRC-148,"MoR: Better Handling Diverse Queries with a Mixture of Sparse, Dense, and Human Retrievers",https://aclanthology.org/2025.emnlp-main.601/,A,PRIMARY_ABSTRACT_INSPECTED,abstract,rag=true;retrieval=true;generation=true;verification=true;dense=true;lexical=true;tf_saturation=true;length_normalization=true;modular=true;empirical_result=true,"Controlled projection: rag=true, retrieval=true, generation=true, verification=true, dense=true, lexical=true, tf_saturation=true, length_normalization=true, modular=true, empirical_result=true",2026-08-15,Primary-source text is not reproduced; only a controlled-vocabulary projection is retained.
SRC-149,R^3AG: Retriever Routing for Retrieval-Augmented Generation,https://aclanthology.org/2026.acl-long.939/,A,PRIMARY_PAGE_INSPECTED,primary_page,rag=true;retrieval=true;generation=true;knowledge_intensive=true;verification=true;adaptive_strategy=true;dimension_contract=true,"Controlled projection: rag=true, retrieval=true, generation=true, knowledge_intensive=true, verification=true, adaptive_strategy=true, dimension_contract=true",2026-08-15,Primary-source text is not reproduced; only a controlled-vocabulary projection is retained.
SRC-150,RAT-SQL: Relation-Aware Schema Encoding and Linking for Text-to-SQL Parsers,https://arxiv.org/abs/1911.04942,B,PRIMARY_PAGE_INSPECTED,primary_page,text_to_sql=true,Controlled projection: text_to_sql=true,2026-08-15,Primary-source text is not reproduced; only a controlled-vocabulary projection is retained.
SRC-151,DIN-SQL: Decomposed In-Context Learning of Text-to-SQL with Self-Correction,https://arxiv.org/abs/2304.11015,B,PRIMARY_ABSTRACT_INSPECTED,abstract,retrieval=true;generation=true;evaluation=true;benchmark=true;text_to_sql=true;empirical_result=true,"Controlled projection: retrieval=true, generation=true, evaluation=true, benchmark=true, text_to_sql=true, empirical_result=true",2026-08-15,Primary-source text is not reproduced; only a controlled-vocabulary projection is retained.
SRC-152,RULER: What's the Real Context Size of Your Long-Context Language Models?,https://arxiv.org/abs/2404.06654,B,PRIMARY_ABSTRACT_INSPECTED,abstract,retrieval=true;generation=true;multi_hop=true;long_context=true;evaluation=true;benchmark=true;empirical_result=true,"Controlled projection: retrieval=true, generation=true, multi_hop=true, long_context=true, evaluation=true, benchmark=true, empirical_result=true",2026-08-15,Primary-source text is not reproduced; only a controlled-vocabulary projection is retained.
SRC-153,"LongBench: A Bilingual, Multitask Benchmark for Long Context Understanding",https://aclanthology.org/2024.acl-long.172/,A,PRIMARY_PAGE_INSPECTED,primary_page,retrieval=true;generation=true;verification=true;long_context=true;evaluation=true;benchmark=true;empirical_result=true,"Controlled projection: retrieval=true, generation=true, verification=true, long_context=true, evaluation=true, benchmark=true, empirical_result=true",2026-08-15,Primary-source text is not reproduced; only a controlled-vocabulary projection is retained.
SRC-154,RAPTOR: Recursive Abstractive Processing for Tree-Organized Retrieval,https://proceedings.iclr.cc/paper_files/paper/2024/hash/8a2acd174940dbca361a6398a4f9df91-Abstract-Conference.html,A,PRIMARY_PAGE_INSPECTED,primary_page,rag=true;retrieval=true;generation=true;verification=true;hierarchical=true;multi_hop=true;evaluation=true;benchmark=true;ab_testing=true;empirical_result=true;generated_summaries=true;provenance_required=true,"Controlled projection: rag=true, retrieval=true, generation=true, verification=true, hierarchical=true, multi_hop=true, evaluation=true, benchmark=true, ab_testing=true, empirical_result=true, generated_summaries=true, provenance_required=true",2026-08-15,Primary-source text is not reproduced; only a controlled-vocabulary projection is retained.
SRC-155,TreeRAG: Unleashing the Power of Hierarchical Storage for Enhanced Knowledge Retrieval in Long Documents,https://aclanthology.org/2025.findings-acl.20/,A,PRIMARY_ABSTRACT_INSPECTED,abstract,rag=true;retrieval=true;generation=true;verification=true;chunking=true;hierarchical=true;empirical_result=true;tree_search=true,"Controlled projection: rag=true, retrieval=true, generation=true, verification=true, chunking=true, hierarchical=true, empirical_result=true, tree_search=true",2026-08-15,Primary-source text is not reproduced; only a controlled-vocabulary projection is retained.
SRC-156,ZoomRAG: Hierarchical Random-walk Zooming across Multi-scale Information Graphs for Fast and Accurate RAG,https://aclanthology.org/2026.findings-acl.1643/,A,PRIMARY_PAGE_INSPECTED,primary_page,rag=true;retrieval=true;verification=true;hierarchical=true;graph=true;coarse_to_fine=true,"Controlled projection: rag=true, retrieval=true, verification=true, hierarchical=true, graph=true, coarse_to_fine=true",2026-08-15,Primary-source text is not reproduced; only a controlled-vocabulary projection is retained.
SRC-157,From Local to Global: A Graph RAG Approach to Query-Focused Summarization,https://arxiv.org/abs/2404.16130,B,PRIMARY_ABSTRACT_INSPECTED,abstract,rag=true;retrieval=true;generation=true;external_knowledge=true;graph=true;diversity=true;empirical_result=true,"Controlled projection: rag=true, retrieval=true, generation=true, external_knowledge=true, graph=true, diversity=true, empirical_result=true",2026-08-15,Primary-source text is not reproduced; only a controlled-vocabulary projection is retained.
SRC-158,G-Retriever: Retrieval-Augmented Generation for Textual Graph Understanding and Question Answering,https://proceedings.neurips.cc/paper_files/paper/2024/file/efaf1c9726648c8ba363a5c927440529-Paper-Conference.pdf,A,PRIMARY_PAGE_INSPECTED,primary_page,rag=true;retrieval=true;generation=true;hallucination=true;graph=true;evaluation=true;benchmark=true;empirical_result=true;subgraph_retrieval=true,"Controlled projection: rag=true, retrieval=true, generation=true, hallucination=true, graph=true, evaluation=true, benchmark=true, empirical_result=true, subgraph_retrieval=true",2026-08-15,Primary-source text is not reproduced; only a controlled-vocabulary projection is retained.
SRC-159,HippoRAG: Neurobiologically Inspired Long-Term Memory for Large Language Models,https://proceedings.neurips.cc/paper_files/paper/2024/hash/6ddc001d07ca4f319af96a3024f6dbd1-Abstract-Conference.html,A,PRIMARY_PAGE_INSPECTED,primary_page,generation=true;graph=true;multi_hop=true,"Controlled projection: generation=true, graph=true, multi_hop=true",2026-08-15,Primary-source text is not reproduced; only a controlled-vocabulary projection is retained.
SRC-160,KnowGPT: Knowledge Graph based Prompting for Large Language Models,https://proceedings.neurips.cc/paper_files/paper/2024/hash/0b8705a611ed1ce19cdb759031078705-Abstract-Conference.html,A,PRIMARY_PAGE_INSPECTED,primary_page,rag=true;retrieval=true;generation=true;hallucination=true;verification=true;graph=true;subgraph_retrieval=true;evaluation=true;benchmark=true;cost=true;empirical_result=true,"Controlled projection: rag=true, retrieval=true, generation=true, hallucination=true, verification=true, graph=true, subgraph_retrieval=true, evaluation=true, benchmark=true, cost=true, empirical_result=true",2026-08-15,Primary-source text is not reproduced; only a controlled-vocabulary projection is retained.
SRC-161,ColPali: Efficient Document Retrieval with Vision Language Models,https://proceedings.iclr.cc/paper_files/paper/2025/file/99e9e141aafc314f76b0ca3dd66898b3-Paper-Conference.pdf,A,PRIMARY_PAGE_INSPECTED,primary_page,rag=true;retrieval=true;generation=true;layout=true;ocr=true;chunking=true;multimodal=true;dense=true;multi_vector=true;late_interaction=true;evaluation=true;benchmark=true;embedding_model=true;empirical_result=true,"Controlled projection: rag=true, retrieval=true, generation=true, layout=true, ocr=true, chunking=true, multimodal=true, dense=true, multi_vector=true, late_interaction=true, evaluation=true, benchmark=true, embedding_model=true, empirical_result=true",2026-08-15,Primary-source text is not reproduced; only a controlled-vocabulary projection is retained.
SRC-162,"Self-RAG: Learning to Retrieve, Generate, and Critique through Self-Reflection",https://arxiv.org/abs/2310.11511,B,PRIMARY_PAGE_INSPECTED,primary_page,rag=true;retrieval=true;generation=true;self_reflection=true,"Controlled projection: rag=true, retrieval=true, generation=true, self_reflection=true",2026-08-15,Primary-source text is not reproduced; only a controlled-vocabulary projection is retained.
SRC-163,Toolformer: Language Models Can Teach Themselves to Use Tools,https://arxiv.org/abs/2302.04761,B,PRIMARY_ABSTRACT_INSPECTED,abstract,retrieval=true;generation=true;tool_use=true;empirical_result=true,"Controlled projection: retrieval=true, generation=true, tool_use=true, empirical_result=true",2026-08-15,Primary-source text is not reproduced; only a controlled-vocabulary projection is retained.
SRC-164,ConvGQR: Generative Query Reformulation for Conversational Search,https://aclanthology.org/2023.acl-long.274/,A,PRIMARY_ABSTRACT_INSPECTED,abstract,retrieval=true;generation=true;verification=true;query_rewrite=true;empirical_result=true,"Controlled projection: retrieval=true, generation=true, verification=true, query_rewrite=true, empirical_result=true",2026-08-15,Primary-source text is not reproduced; only a controlled-vocabulary projection is retained.
SRC-165,IterCQR: Iterative Conversational Query Reformulation with Retrieval Guidance,https://aclanthology.org/2024.naacl-long.449/,A,PRIMARY_PAGE_INSPECTED,primary_page,retrieval=true;query_rewrite=true,"Controlled projection: retrieval=true, query_rewrite=true",2026-08-15,Primary-source text is not reproduced; only a controlled-vocabulary projection is retained.
SRC-166,Adaptive-RAG: Learning to Adapt Retrieval-Augmented Large Language Models through Question Complexity,https://aclanthology.org/2024.naacl-long.389/,A,PRIMARY_ABSTRACT_INSPECTED,abstract,rag=true;retrieval=true;generation=true;external_knowledge=true;parametric_memory=true;open_domain_qa=true;verification=true;multi_hop=true;adaptive_strategy=true;bedrock_kb=true,"Controlled projection: rag=true, retrieval=true, generation=true, external_knowledge=true, parametric_memory=true, open_domain_qa=true, verification=true, multi_hop=true, adaptive_strategy=true, bedrock_kb=true",2026-08-15,Primary-source text is not reproduced; only a controlled-vocabulary projection is retained.
SRC-167,When and How to Augment Your Input: Question Routing Helps Balance the Accuracy and Efficiency of Large Language Models,https://aclanthology.org/2025.findings-naacl.200/,A,PRIMARY_PAGE_INSPECTED,primary_page,retrieval=true;generation=true;parametric_memory=true;verification=true;adaptive_strategy=true;latency=true,"Controlled projection: retrieval=true, generation=true, parametric_memory=true, verification=true, adaptive_strategy=true, latency=true",2026-08-15,Primary-source text is not reproduced; only a controlled-vocabulary projection is retained.
SRC-168,Spider: A Large-Scale Human-Labeled Dataset for Complex and Cross-Domain Semantic Parsing and Text-to-SQL Task,https://aclanthology.org/D18-1425/,A,PRIMARY_PAGE_INSPECTED,primary_page,benchmark=true;text_to_sql=true,"Controlled projection: benchmark=true, text_to_sql=true",2026-08-15,Primary-source text is not reproduced; only a controlled-vocabulary projection is retained.
SRC-169,RAT-SQL: Relation-Aware Schema Encoding and Linking for Text-to-SQL Parsers,https://aclanthology.org/2020.acl-main.677/,A,PRIMARY_ABSTRACT_INSPECTED,abstract,verification=true;lexical=true;text_to_sql=true;empirical_result=true,"Controlled projection: verification=true, lexical=true, text_to_sql=true, empirical_result=true",2026-08-15,Primary-source text is not reproduced; only a controlled-vocabulary projection is retained.
SRC-170,Retrieval meets Long Context Large Language Models,https://openreview.net/forum?id=xw5nxFWMlo,B,PRIMARY_PAGE_INSPECTED,primary_page,retrieval=true;generation=true;verification=true;long_context=true,"Controlled projection: retrieval=true, generation=true, verification=true, long_context=true",2026-08-15,Primary-source text is not reproduced; only a controlled-vocabulary projection is retained.
SRC-171,Lost in the Middle: How Language Models Use Long Contexts,https://aclanthology.org/2024.tacl-1.9/,A,PRIMARY_ABSTRACT_INSPECTED,abstract,retrieval=true;generation=true;verification=true;long_context=true;evaluation=true,"Controlled projection: retrieval=true, generation=true, verification=true, long_context=true, evaluation=true",2026-08-15,Primary-source text is not reproduced; only a controlled-vocabulary projection is retained.
SRC-172,From Isolated Conversations to Hierarchical Schemas: Dynamic Tree Memory Representation for LLMs,https://proceedings.iclr.cc/paper_files/paper/2025/file/0382cb76309820f71c6eacd47b36ce71-Paper-Conference.pdf,A,PRIMARY_PAGE_INSPECTED,primary_page,retrieval=true;generation=true;external_knowledge=true;hierarchical=true;evaluation=true;benchmark=true;empirical_result=true,"Controlled projection: retrieval=true, generation=true, external_knowledge=true, hierarchical=true, evaluation=true, benchmark=true, empirical_result=true",2026-08-15,Primary-source text is not reproduced; only a controlled-vocabulary projection is retained.
SRC-173,Unifying Multimodal Retrieval via Document Screenshot Embedding,https://aclanthology.org/2024.emnlp-main.373/,A,PRIMARY_PAGE_INSPECTED,primary_page,retrieval=true;multimodal=true,"Controlled projection: retrieval=true, multimodal=true",2026-08-15,Primary-source text is not reproduced; only a controlled-vocabulary projection is retained.
SRC-174,ReAct: Synergizing Reasoning and Acting in Language Models,https://openreview.net/forum?id=WE_vluYUL-X,B,PRIMARY_PAGE_INSPECTED,primary_page,generation=true;verification=true;tool_use=true,"Controlled projection: generation=true, verification=true, tool_use=true",2026-08-15,Primary-source text is not reproduced; only a controlled-vocabulary projection is retained.
SRC-175,Interleaving Retrieval with Chain-of-Thought Reasoning for Knowledge-Intensive Multi-Step Questions,https://aclanthology.org/2023.acl-long.557/,A,PRIMARY_ABSTRACT_INSPECTED,abstract,retrieval=true;generation=true;external_knowledge=true;knowledge_intensive=true;hallucination=true;verification=true;temporal_freshness=true;iterative=true;multi_hop=true;empirical_result=true,"Controlled projection: retrieval=true, generation=true, external_knowledge=true, knowledge_intensive=true, hallucination=true, verification=true, temporal_freshness=true, iterative=true, multi_hop=true, empirical_result=true",2026-08-15,Primary-source text is not reproduced; only a controlled-vocabulary projection is retained.
SRC-176,Retrieval Augmented Language Model Pre-Training,https://proceedings.mlr.press/v119/guu20a.html,A,PRIMARY_PAGE_INSPECTED,primary_page,rag=true;retrieval=true;generation=true;open_domain_qa=true;evaluation=true;benchmark=true;modular=true;empirical_result=true,"Controlled projection: rag=true, retrieval=true, generation=true, open_domain_qa=true, evaluation=true, benchmark=true, modular=true, empirical_result=true",2026-08-15,Primary-source text is not reproduced; only a controlled-vocabulary projection is retained.
SRC-177,Improving Language Models by Retrieving from Trillions of Tokens,https://proceedings.mlr.press/v162/borgeaud22a.html,A,PRIMARY_PAGE_INSPECTED,primary_page,retrieval=true;generation=true;scalability=true,"Controlled projection: retrieval=true, generation=true, scalability=true",2026-08-15,Primary-source text is not reproduced; only a controlled-vocabulary projection is retained.
SRC-178,RetrieveAndGenerate API Reference,https://docs.aws.amazon.com/bedrock/latest/APIReference/API_agent-runtime_RetrieveAndGenerate.html,A,OFFICIAL_SPEC_PAGE_INSPECTED,official_spec_page,retrieval=true;generation=true;external_knowledge=true;citation=true;bedrock_kb=true;retrieve_and_generate=true,"Controlled projection: retrieval=true, generation=true, external_knowledge=true, citation=true, bedrock_kb=true, retrieve_and_generate=true",2026-08-15,Primary-source text is not reproduced; only a controlled-vocabulary projection is retained.
SRC-179,S3 VectorsとKnowledge Basesの制約,https://docs.aws.amazon.com/AmazonS3/latest/userguide/s3-vectors-bedrock-kb.html,A,OFFICIAL_SPEC_PAGE_INSPECTED,official_spec_page,external_knowledge=true;bedrock_kb=true;s3_vectors=true,"Controlled projection: external_knowledge=true, bedrock_kb=true, s3_vectors=true",2026-08-15,Primary-source text is not reproduced; only a controlled-vocabulary projection is retained.
SRC-180,対応embedding model,https://docs.aws.amazon.com/bedrock/latest/userguide/knowledge-base-supported.html,A,OFFICIAL_SPEC_PAGE_INSPECTED,official_spec_page,external_knowledge=true;bedrock_kb=true;embedding_model=true,"Controlled projection: external_knowledge=true, bedrock_kb=true, embedding_model=true",2026-08-15,Primary-source text is not reproduced; only a controlled-vocabulary projection is retained.
SRC-181,Titan Text Embeddings V2のrequest,https://docs.aws.amazon.com/bedrock/latest/userguide/model-parameters-titan-embed-text.html,A,OFFICIAL_SPEC_PAGE_INSPECTED,official_spec_page,generation=true;multimodal=true;bedrock_kb=true;embedding_model=true;dimension_contract=true,"Controlled projection: generation=true, multimodal=true, bedrock_kb=true, embedding_model=true, dimension_contract=true",2026-08-15,Primary-source text is not reproduced; only a controlled-vocabulary projection is retained.
SRC-182,Cohere Embed v3,https://docs.aws.amazon.com/bedrock/latest/userguide/model-parameters-embed-v3.html,A,OFFICIAL_SPEC_PAGE_INSPECTED,official_spec_page,retrieval=true;generation=true;bedrock_kb=true;embedding_model=true,"Controlled projection: retrieval=true, generation=true, bedrock_kb=true, embedding_model=true",2026-08-15,Primary-source text is not reproduced; only a controlled-vocabulary projection is retained.
SRC-183,S3 Vector indexの設定,https://docs.aws.amazon.com/AmazonS3/latest/userguide/s3-vectors-create-index.html,A,OFFICIAL_SPEC_PAGE_INSPECTED,official_spec_page,s3_vectors=true,Controlled projection: s3_vectors=true,2026-08-15,Primary-source text is not reproduced; only a controlled-vocabulary projection is retained.
SRC-184,高度な文書解析,https://docs.aws.amazon.com/bedrock/latest/userguide/kb-advanced-parsing.html,A,OFFICIAL_SPEC_PAGE_INSPECTED,official_spec_page,retrieval=true;external_knowledge=true;attribution=true;chunking=true;multimodal=true;cost=true;bedrock_kb=true,"Controlled projection: retrieval=true, external_knowledge=true, attribution=true, chunking=true, multimodal=true, cost=true, bedrock_kb=true",2026-08-15,Primary-source text is not reproduced; only a controlled-vocabulary projection is retained.
SRC-185,custom transformation Lambda,https://docs.aws.amazon.com/bedrock/latest/userguide/kb-custom-transformation.html,A,OFFICIAL_SPEC_PAGE_INSPECTED,official_spec_page,external_knowledge=true;chunking=true;bedrock_kb=true,"Controlled projection: external_knowledge=true, chunking=true, bedrock_kb=true",2026-08-15,Primary-source text is not reproduced; only a controlled-vocabulary projection is retained.
SRC-186,Knowledge Basesのchunking,https://docs.aws.amazon.com/bedrock/latest/userguide/kb-chunking.html,A,OFFICIAL_SPEC_PAGE_INSPECTED,official_spec_page,retrieval=true;external_knowledge=true;citation=true;chunking=true;hierarchical=true;multimodal=true;dense=true;recall_metric=true;cost=true;bedrock_kb=true;s3_vectors=true;embedding_model=true;empirical_result=true,"Controlled projection: retrieval=true, external_knowledge=true, citation=true, chunking=true, hierarchical=true, multimodal=true, dense=true, recall_metric=true, cost=true, bedrock_kb=true, s3_vectors=true, embedding_model=true, empirical_result=true",2026-08-15,Primary-source text is not reproduced; only a controlled-vocabulary projection is retained.
SRC-187,KnowledgeBaseVectorSearchConfiguration API,https://docs.aws.amazon.com/bedrock/latest/APIReference/API_KnowledgeBaseVectorSearchConfiguration.html,A,OFFICIAL_SPEC_PAGE_INSPECTED,official_spec_page,retrieval=true;external_knowledge=true;bedrock_kb=true,"Controlled projection: retrieval=true, external_knowledge=true, bedrock_kb=true",2026-08-15,Primary-source text is not reproduced; only a controlled-vocabulary projection is retained.
SRC-188,RetrievalFilter API,https://docs.aws.amazon.com/bedrock/latest/APIReference/API_agent-runtime_RetrievalFilter.html,A,OFFICIAL_SPEC_PAGE_INSPECTED,official_spec_page,retrieval=true;external_knowledge=true;bedrock_kb=true;metadata_filter=true,"Controlled projection: retrieval=true, external_knowledge=true, bedrock_kb=true, metadata_filter=true",2026-08-15,Primary-source text is not reproduced; only a controlled-vocabulary projection is retained.
SRC-189,S3 Vectorsのmetadata filter,https://docs.aws.amazon.com/AmazonS3/latest/userguide/s3-vectors-metadata-filtering.html,A,OFFICIAL_SPEC_PAGE_INSPECTED,official_spec_page,retrieval=true;lexical=true;evaluation=true;s3_vectors=true;metadata_filter=true,"Controlled projection: retrieval=true, lexical=true, evaluation=true, s3_vectors=true, metadata_filter=true",2026-08-15,Primary-source text is not reproduced; only a controlled-vocabulary projection is retained.
SRC-190,Bedrock reranker,https://docs.aws.amazon.com/bedrock/latest/userguide/rerank-use.html,A,OFFICIAL_SPEC_PAGE_INSPECTED,official_spec_page,retrieval=true;external_knowledge=true;rerank=true;bedrock_kb=true,"Controlled projection: retrieval=true, external_knowledge=true, rerank=true, bedrock_kb=true",2026-08-15,Primary-source text is not reproduced; only a controlled-vocabulary projection is retained.
SRC-191,対応状況,https://docs.aws.amazon.com/bedrock/latest/userguide/structured-output.html,A,OFFICIAL_SPEC_PAGE_INSPECTED,official_spec_page,citation=true;latency=true;cost=true;fault_tolerance=true;tool_use=true;structured_output=true;bedrock_kb=true,"Controlled projection: citation=true, latency=true, cost=true, fault_tolerance=true, tool_use=true, structured_output=true, bedrock_kb=true",2026-08-15,Primary-source text is not reproduced; only a controlled-vocabulary projection is retained.
SRC-192,Knowledge BaseのRAG評価,https://docs.aws.amazon.com/bedrock/latest/userguide/evaluation-kb.html,A,OFFICIAL_SPEC_PAGE_INSPECTED,official_spec_page,rag=true;external_knowledge=true;evaluation=true;bedrock_kb=true,"Controlled projection: rag=true, external_knowledge=true, evaluation=true, bedrock_kb=true",2026-08-15,Primary-source text is not reproduced; only a controlled-vocabulary projection is retained.
SRC-193,Multimodal Knowledge Base,https://docs.aws.amazon.com/bedrock/latest/userguide/kb-multimodal.html,A,OFFICIAL_SPEC_PAGE_INSPECTED,official_spec_page,retrieval=true;generation=true;external_knowledge=true;temporal_freshness=true;ocr=true;multimodal=true;dense=true;recall_metric=true;bedrock_kb=true;retrieve_and_generate=true;embedding_model=true,"Controlled projection: retrieval=true, generation=true, external_knowledge=true, temporal_freshness=true, ocr=true, multimodal=true, dense=true, recall_metric=true, bedrock_kb=true, retrieve_and_generate=true, embedding_model=true",2026-08-15,Primary-source text is not reproduced; only a controlled-vocabulary projection is retained.
SRC-195,Language Models as Knowledge Bases?,https://arxiv.org/abs/1909.01066,B,PRIMARY_ABSTRACT_INSPECTED,abstract,parametric_memory=true;open_domain_qa=true;evaluation=true;benchmark=true;empirical_result=true,"Controlled projection: parametric_memory=true, open_domain_qa=true, evaluation=true, benchmark=true, empirical_result=true",2026-08-15,Primary-source text is not reproduced; only a controlled-vocabulary projection is retained.
SRC-196,Knowledge Bases for Amazon Bedrock,https://docs.aws.amazon.com/bedrock/latest/userguide/knowledge-base.html,A,OFFICIAL_SPEC_PAGE_INSPECTED,official_spec_page,rag=true;retrieval=true;generation=true;external_knowledge=true;citation=true;authorization=true;multimodal=true;rerank=true;bedrock_kb=true,"Controlled projection: rag=true, retrieval=true, generation=true, external_knowledge=true, citation=true, authorization=true, multimodal=true, rerank=true, bedrock_kb=true",2026-08-17,Primary-source text is not reproduced; only a controlled-vocabulary projection is retained.
SRC-197,Set up a vector index for your Knowledge Base,https://docs.aws.amazon.com/bedrock/latest/userguide/knowledge-base-setup.html,A,OFFICIAL_SPEC_PAGE_INSPECTED,official_spec_page,retrieval=true;external_knowledge=true;dense=true;s3_vectors=true;opensearch=true;aurora_pg=true;metadata_filter=true;embedding_model=true;dimension_contract=true;bedrock_kb=true,"Controlled projection: retrieval=true, external_knowledge=true, dense=true, s3_vectors=true, opensearch=true, aurora_pg=true, metadata_filter=true, embedding_model=true, dimension_contract=true, bedrock_kb=true",2026-08-17,Primary-source text is not reproduced; only a controlled-vocabulary projection is retained.
SRC-198,AgenticRetrieveStream API Reference,https://docs.aws.amazon.com/bedrock/latest/APIReference/API_agent-runtime_AgenticRetrieveStream.html,A,OFFICIAL_SPEC_PAGE_INSPECTED,official_spec_page,retrieval=true;generation=true;external_knowledge=true;citation=true;authorization=true;verification=true;rerank=true;guardrails=true;bedrock_kb=true,"Controlled projection: retrieval=true, generation=true, external_knowledge=true, citation=true, authorization=true, verification=true, rerank=true, guardrails=true, bedrock_kb=true",2026-08-17,Primary-source text is not reproduced; only a controlled-vocabulary projection is retained.
SRC-199,document history,https://docs.aws.amazon.com/bedrock/latest/userguide/bedrock-ug-doc-history.html,A,OFFICIAL_SPEC_PAGE_INSPECTED,official_spec_page,retrieval=true;generation=true;external_knowledge=true;bedrock_kb=true,"Controlled projection: retrieval=true, generation=true, external_knowledge=true, bedrock_kb=true",2026-08-17,Primary-source text is not reproduced; only a controlled-vocabulary projection is retained.
