sentence_id,paragraph_id,unit_id,chapter,file,line_start,line_end,sentence,claim_type,evidence_required,classification_reason,concrete_technologies,source_ids,source_urls,mapping_basis,source_count,coverage_status,semantic_review_status,review_note
SENT-0051,PAR-0031,FILE-INTRO,1,docs/1.RAGとは何か/1.4.RAGが向くケース.md,14,14,| 技術調査 | 論文、設計資料、コード文書 | 複数資料を検索し、出典付きで整理します |,empirical_or_research_claim,yes,研究結果・定量値・提案内容を記述,,,,,0,uncovered,machine_mapped_requires_human_confirmation,Lean 4は台帳整合性を証明する。資料が当該センテンスを意味的に十分支持するかは人手レビュー境界。
SENT-0075,PAR-0045,1.7.1,1,docs/1.RAGとは何か/1.7.RAG研究の流れ.md,5,5,RAGは、情報検索と自然言語生成の研究を組み合わせた方式です。,empirical_or_research_claim,yes,研究結果・定量値・提案内容を記述,,,,,0,uncovered,machine_mapped_requires_human_confirmation,Lean 4は台帳整合性を証明する。資料が当該センテンスを意味的に十分支持するかは人手レビュー境界。
SENT-0076,PAR-0045,1.7.1,1,docs/1.RAGとは何か/1.7.RAG研究の流れ.md,6,6,本書の第1章から第8章では、査読付き研究で繰り返し評価され、一般的なRAGにも適用できる次の知識を基礎にします。,empirical_or_research_claim,yes,研究結果・定量値・提案内容を記述,,,,,0,uncovered,machine_mapped_requires_human_confirmation,Lean 4は台帳整合性を証明する。資料が当該センテンスを意味的に十分支持するかは人手レビュー境界。
SENT-0084,PAR-0052,1.7.1,1,docs/1.RAGとは何か/1.7.RAG研究の流れ.md,16,16,例えば、BEIRは検索方式の優劣がデータセットによって変わることを示しています。,empirical_or_research_claim,yes,研究結果・定量値・提案内容を記述,,,,,0,uncovered,machine_mapped_requires_human_confirmation,Lean 4は台帳整合性を証明する。資料が当該センテンスを意味的に十分支持するかは人手レビュー境界。
SENT-0087,PAR-0053,1.7.2,1,docs/1.RAGとは何か/1.7.RAG研究の流れ.md,22,22,掲載対象は、代表研究に一定の引用実績があり、複数の独立した査読付き研究で効果または課題が報告されている技術に限定します。,empirical_or_research_claim,yes,研究結果・定量値・提案内容を記述,,,,,0,uncovered,machine_mapped_requires_human_confirmation,Lean 4は台帳整合性を証明する。資料が当該センテンスを意味的に十分支持するかは人手レビュー境界。
SENT-0106,PAR-0065,INTRO-1,1,docs/1.RAGとは何か/序文.md,19,19,研究名や個別手法は、この五つのどこを改善するかに対応付けて読めば十分です。,empirical_or_research_claim,yes,研究結果・定量値・提案内容を記述,,,,,0,uncovered,machine_mapped_requires_human_confirmation,Lean 4は台帳整合性を証明する。資料が当該センテンスを意味的に十分支持するかは人手レビュー境界。
SENT-0111,PAR-0067,10.1.1,10,docs/10.AWSで設計・実装する/10.1.構成方式を選ぶ.md,9,9,| 検索前処理 | 文書取得、parse、chunk、embedding、索引更新、削除反映 | query正規化、書き換え、filter生成 | Amazon S3、Bedrock Knowledge Bases、data source、parser、embedding model、S3 VectorsまたはOpenSearch Serverless、Lambda | index、検索query、ACL filter |,official_product_contract,yes,AWS製品・APIの外部検証可能な仕様を記述,,,,,0,uncovered,machine_mapped_requires_human_confirmation,Lean 4は台帳整合性を証明する。資料が当該センテンスを意味的に十分支持するかは人手レビュー境界。
SENT-0112,PAR-0067,10.1.1,10,docs/10.AWSで設計・実装する/10.1.構成方式を選ぶ.md,10,10,| 検索 | 評価queryの再実行、候補数・検索方式の比較 | dense、sparse、hybrid、agentic retrievalで候補取得 | Retrieve、AgenticRetrieveStream、S3 Vectors、OpenSearch Serverless、Lambda、Step Functions | 出典付き候補集合 |,official_product_contract,yes,AWS製品・APIの外部検証可能な仕様を記述,,,,,0,uncovered,machine_mapped_requires_human_confirmation,Lean 4は台帳整合性を証明する。資料が当該センテンスを意味的に十分支持するかは人手レビュー境界。
SENT-0114,PAR-0067,10.1.1,10,docs/10.AWSで設計・実装する/10.1.構成方式を選ぶ.md,12,12,| 生成 | 固定Evidence Setによるprompt・model回帰評価 | 根拠付き回答、回答保留、citation検査 | Bedrock Converse、RetrieveAndGenerate、Guardrails、Lambda | 回答または回答保留、trace |,official_product_contract,yes,AWS製品・APIの外部検証可能な仕様を記述,,,,,0,uncovered,machine_mapped_requires_human_confirmation,Lean 4は台帳整合性を証明する。資料が当該センテンスを意味的に十分支持するかは人手レビュー境界。
SENT-0119,PAR-0071,10.1.1,10,docs/10.AWSで設計・実装する/10.1.構成方式を選ぶ.md,24,24,| 埋め込み・索引 | embedding model ID、次元、vector store、index、field mapping、distance metric |,general_technical_claim,yes,技術の性質・機構を説明する外部検証可能な記述,,,,,0,uncovered,machine_mapped_requires_human_confirmation,Lean 4は台帳整合性を証明する。資料が当該センテンスを意味的に十分支持するかは人手レビュー境界。
SENT-0127,PAR-0075,10.1.2,10,docs/10.AWSで設計・実装する/10.1.構成方式を選ぶ.md,40,40,| Managed Knowledge Base | connector、索引、権限反映、rankingの運用を委ねたい | index schemaや独自検索器を直接制御する必要がある |,general_technical_claim,yes,技術の性質・機構を説明する外部検証可能な記述,,,,,0,uncovered,machine_mapped_requires_human_confirmation,Lean 4は台帳整合性を証明する。資料が当該センテンスを意味的に十分支持するかは人手レビュー境界。
SENT-0132,PAR-0075,10.1.2,10,docs/10.AWSで設計・実装する/10.1.構成方式を選ぶ.md,45,45,| OpenSearch Serverless | dense・sparse・hybrid、filter、facetを同じ基盤で扱う | relational transactionや既存DB境界を優先する |,official_product_contract,yes,AWS製品・APIの外部検証可能な仕様を記述,,,,,0,uncovered,machine_mapped_requires_human_confirmation,Lean 4は台帳整合性を証明する。資料が当該センテンスを意味的に十分支持するかは人手レビュー境界。
SENT-0134,PAR-0075,10.1.2,10,docs/10.AWSで設計・実装する/10.1.構成方式を選ぶ.md,47,47,| RetrieveAndGenerate | カスタマーマネージド型で標準の検索・引用・生成で足りる | Evidence Set、独自reranking、矛盾処理が必要 |,official_product_contract,yes,AWS製品・APIの外部検証可能な仕様を記述,,,,,0,uncovered,machine_mapped_requires_human_confirmation,Lean 4は台帳整合性を証明する。資料が当該センテンスを意味的に十分支持するかは人手レビュー境界。
SENT-0135,PAR-0075,10.1.2,10,docs/10.AWSで設計・実装する/10.1.構成方式を選ぶ.md,48,48,| Retrieve → rerank → Converse | 検索と生成を別々に評価し、独自の根拠整形を入れる | Managed Knowledge Baseのagenticな探索に委ねたい |,official_product_contract,yes,AWS製品・APIの外部検証可能な仕様を記述,,,,,0,uncovered,machine_mapped_requires_human_confirmation,Lean 4は台帳整合性を証明する。資料が当該センテンスを意味的に十分支持するかは人手レビュー境界。
SENT-0136,PAR-0075,10.1.2,10,docs/10.AWSで設計・実装する/10.1.構成方式を選ぶ.md,49,49,| AgenticRetrieveStream | Managed Knowledge Baseで複数stepの探索や生成を利用する | step、cost、latency、独自制御が要件を満たさない |,official_product_contract,yes,AWS製品・APIの外部検証可能な仕様を記述,,,,,0,uncovered,machine_mapped_requires_human_confirmation,Lean 4は台帳整合性を証明する。資料が当該センテンスを意味的に十分支持するかは人手レビュー境界。
SENT-0138,PAR-0077,10.1.3,10,docs/10.AWSで設計・実装する/10.1.構成方式を選ぶ.md,55,55,Knowledge Basesの前後へ独自処理を入れる場合は、処理時間、状態管理、並列度、実行環境の自由度から実行リソースを選びます。,official_product_contract,yes,AWS製品・APIの外部検証可能な仕様を記述,,,,,0,uncovered,machine_mapped_requires_human_confirmation,Lean 4は台帳整合性を証明する。資料が当該センテンスを意味的に十分支持するかは人手レビュー境界。
SENT-0140,PAR-0078,10.1.3,10,docs/10.AWSで設計・実装する/10.1.構成方式を選ぶ.md,59,59,| AWS Lambda | query変換、metadata filter、軽量な重複排除、citation検査 | 短時間、stateless、event駆動で完結する |,general_technical_claim,yes,技術の性質・機構を説明する外部検証可能な記述,,,,,0,uncovered,machine_mapped_requires_human_confirmation,Lean 4は台帳整合性を証明する。資料が当該センテンスを意味的に十分支持するかは人手レビュー境界。
SENT-0141,PAR-0078,10.1.3,10,docs/10.AWSで設計・実装する/10.1.構成方式を選ぶ.md,60,60,| AWS Step Functions | 複数retriever、再試行、分岐、並列実行、timeout管理 | workflowの状態と失敗経路を明示したい |,empirical_or_research_claim,yes,研究結果・定量値・提案内容を記述,,,,,0,uncovered,machine_mapped_requires_human_confirmation,Lean 4は台帳整合性を証明する。資料が当該センテンスを意味的に十分支持するかは人手レビュー境界。
SENT-0143,PAR-0078,10.1.3,10,docs/10.AWSで設計・実装する/10.1.構成方式を選ぶ.md,62,62,| Knowledge Basesのmanaged processing | 標準parse、chunk、embedding、sync | 独自変換より運用削減を優先し、評価で品質を確認できる |,official_product_contract,yes,AWS製品・APIの外部検証可能な仕様を記述,,,,,0,uncovered,machine_mapped_requires_human_confirmation,Lean 4は台帳整合性を証明する。資料が当該センテンスを意味的に十分支持するかは人手レビュー境界。
SENT-0146,PAR-0080,10.1.4,10,docs/10.AWSで設計・実装する/10.1.構成方式を選ぶ.md,68,68,標準的な文書RAGは、Amazon S3（Amazon Simple Storage Service）に置いた資料をAmazon Bedrock Knowledge Basesで取り込み、embedding、vector storeへの登録、RetrieveまたはRetrieveAndGenerateまでを構成できます。,official_product_contract,yes,AWS製品・APIの外部検証可能な仕様を記述,,,,,0,uncovered,machine_mapped_requires_human_confirmation,Lean 4は台帳整合性を証明する。資料が当該センテンスを意味的に十分支持するかは人手レビュー境界。
SENT-0149,PAR-0081,10.1.4,10,docs/10.AWSで設計・実装する/10.1.構成方式を選ぶ.md,70,70,構築作業が減る一方、vector store固有のindex設定や検索器の組み合わせを直接制御する範囲は狭くなります。,general_technical_claim,yes,技術の性質・機構を説明する外部検証可能な記述,,,,,0,uncovered,machine_mapped_requires_human_confirmation,Lean 4は台帳整合性を証明する。資料が当該センテンスを意味的に十分支持するかは人手レビュー境界。
SENT-0153,PAR-0083,10.1.4,10,docs/10.AWSで設計・実装する/10.1.構成方式を選ぶ.md,76,76,| カスタマーマネージド型 | Retrieve | RetrieveAndGenerate、またはRetrieve → 検索後処理 → Converse | 一体型と分離型を要件に応じて選びます |,official_product_contract,yes,AWS製品・APIの外部検証可能な仕様を記述,,,,,0,uncovered,machine_mapped_requires_human_confirmation,Lean 4は台帳整合性を証明する。資料が当該センテンスを意味的に十分支持するかは人手レビュー境界。
SENT-0159,PAR-0086,10.1.4,10,docs/10.AWSで設計・実装する/10.1.構成方式を選ぶ.md,83,83,RetrieveAndGenerateは検索と引用付き生成を短く接続できます。,official_product_contract,yes,AWS製品・APIの外部検証可能な仕様を記述,,,,,0,uncovered,machine_mapped_requires_human_confirmation,Lean 4は台帳整合性を証明する。資料が当該センテンスを意味的に十分支持するかは人手レビュー境界。
SENT-0163,PAR-0088,10.1.5,10,docs/10.AWSで設計・実装する/10.1.構成方式を選ぶ.md,89,89,Amazon S3 Vectorsは、float32の密ベクトルによるsemantic searchとmetadata filterを提供します。,official_product_contract,yes,AWS製品・APIの外部検証可能な仕様を記述,,,,,0,uncovered,machine_mapped_requires_human_confirmation,Lean 4は台帳整合性を証明する。資料が当該センテンスを意味的に十分支持するかは人手レビュー境界。
SENT-0176,PAR-0094,10.1.5,10,docs/10.AWSで設計・実装する/10.1.構成方式を選ぶ.md,97,97,Knowledge Basesのhybrid searchについては、AWSのユーザーガイドと一部のAPI Referenceで対応storeの記述が一致しない差異を想定し、実装時は採用するAPIの公式仕様と実行結果を一致させます。,official_product_contract,yes,AWS製品・APIの外部検証可能な仕様を記述,,,,,0,uncovered,machine_mapped_requires_human_confirmation,Lean 4は台帳整合性を証明する。資料が当該センテンスを意味的に十分支持するかは人手レビュー境界。
SENT-0179,PAR-0095,10.1.6,10,docs/10.AWSで設計・実装する/10.1.構成方式を選ぶ.md,101,101,カスタマーマネージド型の開始構成は、S3 data source → Knowledge Bases → S3 VectorsまたはOpenSearch Serverless → Retrieve → Converseとします。,official_product_contract,yes,AWS製品・APIの外部検証可能な仕様を記述,,,,,0,uncovered,machine_mapped_requires_human_confirmation,Lean 4は台帳整合性を証明する。資料が当該センテンスを意味的に十分支持するかは人手レビュー境界。
SENT-0180,PAR-0095,10.1.6,10,docs/10.AWSで設計・実装する/10.1.構成方式を選ぶ.md,101,101,Managed Knowledge Baseの開始構成は、S3またはnative connector → Managed Knowledge Base → Retrieve → Converseとします。,official_product_contract,yes,AWS製品・APIの外部検証可能な仕様を記述,,,,,0,uncovered,machine_mapped_requires_human_confirmation,Lean 4は台帳整合性を証明する。資料が当該センテンスを意味的に十分支持するかは人手レビュー境界。
SENT-0182,PAR-0096,10.1.6,10,docs/10.AWSで設計・実装する/10.1.構成方式を選ぶ.md,103,103,S3 Vectorsはsemantic searchだけで要件を満たすかを確認する基準になります。,official_product_contract,yes,AWS製品・APIの外部検証可能な仕様を記述,,,,,0,uncovered,machine_mapped_requires_human_confirmation,Lean 4は台帳整合性を証明する。資料が当該センテンスを意味的に十分支持するかは人手レビュー境界。
SENT-0186,PAR-0097,10.1.6,10,docs/10.AWSで設計・実装する/10.1.構成方式を選ぶ.md,107,107,| 低頻度更新の社内文書をsemantic検索する | S3 → Knowledge Bases → S3 Vectors → Retrieve → Converse | metadata filter、削除反映、固有名詞のRecall |,official_product_contract,yes,AWS製品・APIの外部検証可能な仕様を記述,,,,,0,uncovered,machine_mapped_requires_human_confirmation,Lean 4は台帳整合性を証明する。資料が当該センテンスを意味的に十分支持するかは人手レビュー境界。
SENT-0187,PAR-0097,10.1.6,10,docs/10.AWSで設計・実装する/10.1.構成方式を選ぶ.md,108,108,| 製品コードと自然文の両方で探す | S3 → Knowledge Bases → OpenSearch Serverless → HYBRID Retrieve | field mapping、対象regionの疎通、語彙一致の改善 |,official_product_contract,yes,AWS製品・APIの外部検証可能な仕様を記述,,,,,0,uncovered,machine_mapped_requires_human_confirmation,Lean 4は台帳整合性を証明する。資料が当該センテンスを意味的に十分支持するかは人手レビュー境界。
SENT-0188,PAR-0097,10.1.6,10,docs/10.AWSで設計・実装する/10.1.構成方式を選ぶ.md,109,109,| 版・矛盾・ACLを独自に検査する | Retrieve → LambdaでEvidence Set作成 → Converse → citation検査 | latency、監査trace、回答保留条件 |,official_product_contract,yes,AWS製品・APIの外部検証可能な仕様を記述,,,,,0,uncovered,machine_mapped_requires_human_confirmation,Lean 4は台帳整合性を証明する。資料が当該センテンスを意味的に十分支持するかは人手レビュー境界。
SENT-0189,PAR-0097,10.1.6,10,docs/10.AWSで設計・実装する/10.1.構成方式を選ぶ.md,110,110,| 質問を分解して複数stepで探索する | Managed Knowledge Base → AgenticRetrieveStream | step上限、cost、latency、fallback、provenance |,official_product_contract,yes,AWS製品・APIの外部検証可能な仕様を記述,,,,,0,uncovered,machine_mapped_requires_human_confirmation,Lean 4は台帳整合性を証明する。資料が当該センテンスを意味的に十分支持するかは人手レビュー境界。
SENT-0200,PAR-0101,10.2.2,10,docs/10.AWSで設計・実装する/10.2.Embeddingとvector indexを設定する.md,14,14,Cohere Embed Multilingual v3は1024次元を使います。,official_product_contract,yes,AWS製品・APIの外部検証可能な仕様を記述,,,,,0,uncovered,machine_mapped_requires_human_confirmation,Lean 4は台帳整合性を証明する。資料が当該センテンスを意味的に十分支持するかは人手レビュー境界。
SENT-0225,PAR-0110,10.3.2,10,docs/10.AWSで設計・実装する/10.3.取り込み経路を構成する.md,13,13,一方、第3章の300〜800 tokenと10〜20%の重なりは、本書が比較実験を始めるために示す候補範囲です。,empirical_or_research_claim,yes,研究結果・定量値・提案内容を記述,,,,,0,uncovered,machine_mapped_requires_human_confirmation,Lean 4は台帳整合性を証明する。資料が当該センテンスを意味的に十分支持するかは人手レビュー境界。
SENT-0257,PAR-0120,10.4.2,10,docs/10.AWSで設計・実装する/10.4.検索経路を構成する.md,38,38,Bedrock Knowledge BasesでS3 Vectorsを使う構成はsemantic searchとmetadata filterに対応し、hybrid searchには対応しません。,official_product_contract,yes,AWS製品・APIの外部検証可能な仕様を記述,,,,,0,uncovered,machine_mapped_requires_human_confirmation,Lean 4は台帳整合性を証明する。資料が当該センテンスを意味的に十分支持するかは人手レビュー境界。
SENT-0290,PAR-0134,10.5.1,10,docs/10.AWSで設計・実装する/10.5.根拠整形と生成を接続する.md,11,11,| カスタマーマネージド型 | RetrieveAndGenerate | Retrieve → 検索後処理 → Converse |,official_product_contract,yes,AWS製品・APIの外部検証可能な仕様を記述,,,,,0,uncovered,machine_mapped_requires_human_confirmation,Lean 4は台帳整合性を証明する。資料が当該センテンスを意味的に十分支持するかは人手レビュー境界。
SENT-0291,PAR-0134,10.5.1,10,docs/10.AWSで設計・実装する/10.5.根拠整形と生成を接続する.md,12,12,| Managed Knowledge Base | AgenticRetrieveStream(generateResponse=true)、またはRetrieve → Converse | RetrieveまたはAgenticRetrieveStream(generateResponse=false) → 検索後処理 → Converse |,official_product_contract,yes,AWS製品・APIの外部検証可能な仕様を記述,,,,,0,uncovered,machine_mapped_requires_human_confirmation,Lean 4は台帳整合性を証明する。資料が当該センテンスを意味的に十分支持するかは人手レビュー境界。
SENT-0292,PAR-0135,10.5.1,10,docs/10.AWSで設計・実装する/10.5.根拠整形と生成を接続する.md,14,14,分離型では、Retrieveのtext、location、metadata、scoreを受け取り、citation_id、chunk_id、document_id、version、source_uri、retrieval_rank、textへ正規化します。,general_technical_claim,yes,技術の性質・機構を説明する外部検証可能な記述,,,,,0,uncovered,machine_mapped_requires_human_confirmation,Lean 4は台帳整合性を証明する。資料が当該センテンスを意味的に十分支持するかは人手レビュー境界。
SENT-0302,PAR-0139,10.5.3,10,docs/10.AWSで設計・実装する/10.5.根拠整形と生成を接続する.md,26,26,生成後ゲートでは、未知のcitation ID、citationのない検証可能な主張、取得本文に支持されない主張を別々に検出し、一件でも該当すれば公開候補から外します。,general_technical_claim,yes,技術の性質・機構を説明する外部検証可能な記述,,,,,0,uncovered,machine_mapped_requires_human_confirmation,Lean 4は台帳整合性を証明する。資料が当該センテンスを意味的に十分支持するかは人手レビュー境界。
SENT-0316,PAR-0148,10.6.2,10,docs/10.AWSで設計・実装する/10.6.評価と運用を接続する.md,18,18,詳細な候補とcitationはアプリケーションtraceへ分け、同じtrace IDで結び付けます。,general_technical_claim,yes,技術の性質・機構を説明する外部検証可能な記述,,,,,0,uncovered,machine_mapped_requires_human_confirmation,Lean 4は台帳整合性を証明する。資料が当該センテンスを意味的に十分支持するかは人手レビュー境界。
SENT-0327,PAR-0153,10.7.1,10,docs/10.AWSで設計・実装する/10.7.構成パターン.md,9,9,S3 Vectorsはdense semantic search専用とし、固有名詞の取りこぼしが許容範囲かを確認します。,official_product_contract,yes,AWS製品・APIの外部検証可能な仕様を記述,,,,,0,uncovered,machine_mapped_requires_human_confirmation,Lean 4は台帳整合性を証明する。資料が当該センテンスを意味的に十分支持するかは人手レビュー境界。
SENT-0337,PAR-0158,10.7.3,10,docs/10.AWSで設計・実装する/10.7.構成パターン.md,23,23,dense検索器と疎検索器には同じchunk_id、version、filter metadata、ACLを登録し、追加・更新・削除イベントを両方へ同じ順序で反映します。,general_technical_claim,yes,技術の性質・機構を説明する外部検証可能な記述,,,,,0,uncovered,machine_mapped_requires_human_confirmation,Lean 4は台帳整合性を証明する。資料が当該センテンスを意味的に十分支持するかは人手レビュー境界。
SENT-0347,PAR-0162,10.7.5,10,docs/10.AWSで設計・実装する/10.7.構成パターン.md,35,35,S3 → Bedrock Data Automationまたはmultimodal embedding → Knowledge Bases → Retrieve → Converse,official_product_contract,yes,AWS製品・APIの外部検証可能な仕様を記述,,,,,0,uncovered,machine_mapped_requires_human_confirmation,Lean 4は台帳整合性を証明する。資料が当該センテンスを意味的に十分支持するかは人手レビュー境界。
SENT-0352,PAR-0165,10.7.6,10,docs/10.AWSで設計・実装する/10.7.構成パターン.md,42,42,検索・生成: RetrieveのmanagedSearchConfigurationで検索してConverseへ渡すか、AgenticRetrieveStream(generateResponse=true)で探索から回答生成までを行います。,official_product_contract,yes,AWS製品・APIの外部検証可能な仕様を記述,,,,,0,uncovered,machine_mapped_requires_human_confirmation,Lean 4は台帳整合性を証明する。資料が当該センテンスを意味的に十分支持するかは人手レビュー境界。
SENT-0381,PAR-0174,FILE-INTRO,11,docs/11.用語・評価指標・参考文献/11.1.用語集.md,13,13,| 疎検索 | Sparse retrieval | キーワード検索、語彙検索 | 語や文字列の一致を主な手掛かりにする検索です | [4.3.](../4.質問に合う根拠を探す/4.3.Sparse retrieval.md) |,general_technical_claim,yes,技術の性質・機構を説明する外部検証可能な記述,,,,,0,uncovered,machine_mapped_requires_human_confirmation,Lean 4は台帳整合性を証明する。資料が当該センテンスを意味的に十分支持するかは人手レビュー境界。
SENT-0382,PAR-0174,FILE-INTRO,11,docs/11.用語・評価指標・参考文献/11.1.用語集.md,14,14,| 密検索 | Dense retrieval | 意味検索、vector検索 | 質問と文書の埋め込みの近さで候補を探す検索です | [4.4.](../4.質問に合う根拠を探す/4.4.Dense retrieval.md) |,general_technical_claim,yes,技術の性質・機構を説明する外部検証可能な記述,,,,,0,uncovered,machine_mapped_requires_human_confirmation,Lean 4は台帳整合性を証明する。資料が当該センテンスを意味的に十分支持するかは人手レビュー境界。
SENT-0383,PAR-0174,FILE-INTRO,11,docs/11.用語・評価指標・参考文献/11.1.用語集.md,15,15,| ハイブリッド検索 | Hybrid retrieval | hybrid search | 疎検索と密検索など複数の候補一覧を統合する検索です | [4.5.](../4.質問に合う根拠を探す/4.5.Hybrid retrieval.md) |,general_technical_claim,yes,技術の性質・機構を説明する外部検証可能な記述,,,,,0,uncovered,machine_mapped_requires_human_confirmation,Lean 4は台帳整合性を証明する。資料が当該センテンスを意味的に十分支持するかは人手レビュー境界。
SENT-0385,PAR-0174,FILE-INTRO,11,docs/11.用語・評価指標・参考文献/11.1.用語集.md,17,17,| 再順位付け | Reranking | 再ランキング | 少数の候補を本文も使って精密に並べ直す処理です | [5.3.](../5.根拠を選別・整形する/5.3.Reranking.md) |,general_technical_claim,yes,技術の性質・機構を説明する外部検証可能な記述,,,,,0,uncovered,machine_mapped_requires_human_confirmation,Lean 4は台帳整合性を証明する。資料が当該センテンスを意味的に十分支持するかは人手レビュー境界。
SENT-0386,PAR-0174,FILE-INTRO,11,docs/11.用語・評価指標・参考文献/11.1.用語集.md,18,18,| チャンク | Chunk | 検索単位 | 原文から作る検索・生成・引用の処理単位です | [3.4.](../3.回答に使う資料を準備する/3.4.Chunking設計.md) |,general_technical_claim,yes,技術の性質・機構を説明する外部検証可能な記述,,,,,0,uncovered,machine_mapped_requires_human_confirmation,Lean 4は台帳整合性を証明する。資料が当該センテンスを意味的に十分支持するかは人手レビュー境界。
SENT-0387,PAR-0174,FILE-INTRO,11,docs/11.用語・評価指標・参考文献/11.1.用語集.md,19,19,| 埋め込み | Embedding | vector表現 | textやimageを比較可能な数値vectorへ写した表現です | [3.6.](../3.回答に使う資料を準備する/3.6.Embedding設計.md) |,general_technical_claim,yes,技術の性質・機構を説明する外部検証可能な記述,,,,,0,uncovered,machine_mapped_requires_human_confirmation,Lean 4は台帳整合性を証明する。資料が当該センテンスを意味的に十分支持するかは人手レビュー境界。
SENT-0392,PAR-0174,FILE-INTRO,11,docs/11.用語・評価指標・参考文献/11.1.用語集.md,24,24,| 引用 | Citation | citation ID | 主張から根拠の文書・位置へ戻る対応です | [6.4.](../6.根拠に基づいて回答する/6.4.Citation設計.md) |,general_technical_claim,yes,技術の性質・機構を説明する外部検証可能な記述,,,,,0,uncovered,machine_mapped_requires_human_confirmation,Lean 4は台帳整合性を証明する。資料が当該センテンスを意味的に十分支持するかは人手レビュー境界。
SENT-0398,PAR-0174,FILE-INTRO,11,docs/11.用語・評価指標・参考文献/11.1.用語集.md,30,30,| 近似最近傍探索 | Approximate Nearest Neighbor、ANN | ANN検索 | 完全探索を近似して大量vectorから近い候補を探す方式です | [3.7.](../3.回答に使う資料を準備する/3.7.Index構築とライフサイクル.md) |,general_technical_claim,yes,技術の性質・機構を説明する外部検証可能な記述,,,,,0,uncovered,machine_mapped_requires_human_confirmation,Lean 4は台帳整合性を証明する。資料が当該センテンスを意味的に十分支持するかは人手レビュー境界。
SENT-0401,PAR-0174,FILE-INTRO,11,docs/11.用語・評価指標・参考文献/11.1.用語集.md,33,33,| 固定評価データ | Fixed evaluation dataset | golden dataset | 変更前後を同じ条件で比較する質問・正解・制約の集合です | [7.2.](../7.品質を評価し改善する/7.2.評価データセット.md) |,empirical_or_research_claim,yes,研究結果・定量値・提案内容を記述,,,,,0,uncovered,machine_mapped_requires_human_confirmation,Lean 4は台帳整合性を証明する。資料が当該センテンスを意味的に十分支持するかは人手レビュー境界。
SENT-0402,PAR-0174,FILE-INTRO,11,docs/11.用語・評価指標・参考文献/11.1.用語集.md,34,34,| スライス | Evaluation slice | 部分集合 | 質問形式、文書種別、riskなど意味のある条件で分けた評価集合です | [7.1.](../7.品質を評価し改善する/7.1.評価設計の全体像.md) |,empirical_or_research_claim,yes,研究結果・定量値・提案内容を記述,,,,,0,uncovered,machine_mapped_requires_human_confirmation,Lean 4は台帳整合性を証明する。資料が当該センテンスを意味的に十分支持するかは人手レビュー境界。
SENT-0403,PAR-0174,FILE-INTRO,11,docs/11.用語・評価指標・参考文献/11.1.用語集.md,35,35,| 公開条件 | Release gate | go/no-go条件 | 品質、安全性、遅延、費用を含む公開前の合格条件です | [7.1.](../7.品質を評価し改善する/7.1.評価設計の全体像.md) |,empirical_or_research_claim,yes,研究結果・定量値・提案内容を記述,,,,,0,uncovered,machine_mapped_requires_human_confirmation,Lean 4は台帳整合性を証明する。資料が当該センテンスを意味的に十分支持するかは人手レビュー境界。
SENT-0408,PAR-0177,FILE-INTRO,11,docs/11.用語・評価指標・参考文献/11.2.評価指標の対応表.md,9,9,| 取り込み成功率 | 検索前処理 | 取り込み対象文書 | なし | index公開前 | [7.3.](../7.品質を評価し改善する/7.3.Pre-retrieval・Batch評価.md) |,empirical_or_research_claim,yes,研究結果・定量値・提案内容を記述,,,,,0,uncovered,machine_mapped_requires_human_confirmation,Lean 4は台帳整合性を証明する。資料が当該センテンスを意味的に十分支持するかは人手レビュー境界。
SENT-0409,PAR-0177,FILE-INTRO,11,docs/11.用語・評価指標・参考文献/11.2.評価指標の対応表.md,10,10,| metadata完全率 | 検索前処理 | 必須属性の総数 | なし | index公開前 | [7.3.](../7.品質を評価し改善する/7.3.Pre-retrieval・Batch評価.md) |,empirical_or_research_claim,yes,研究結果・定量値・提案内容を記述,,,,,0,uncovered,machine_mapped_requires_human_confirmation,Lean 4は台帳整合性を証明する。資料が当該センテンスを意味的に十分支持するかは人手レビュー境界。
SENT-0410,PAR-0177,FILE-INTRO,11,docs/11.用語・評価指標・参考文献/11.2.評価指標の対応表.md,11,11,| 更新反映時間 | 検索前処理 | 更新イベント | なし | 情報源更新から検索可能まで | [7.3.](../7.品質を評価し改善する/7.3.Pre-retrieval・Batch評価.md) |,empirical_or_research_claim,yes,研究結果・定量値・提案内容を記述,,,,,0,uncovered,machine_mapped_requires_human_confirmation,Lean 4は台帳整合性を証明する。資料が当該センテンスを意味的に十分支持するかは人手レビュー境界。
SENT-0411,PAR-0177,FILE-INTRO,11,docs/11.用語・評価指標・参考文献/11.2.評価指標の対応表.md,12,12,| Recall@k | 検索 | 質問ごとの正解根拠数 | あり | 初段検索または統合直後 | [7.1.](../7.品質を評価し改善する/7.1.評価設計の全体像.md) |,empirical_or_research_claim,yes,研究結果・定量値・提案内容を記述,,,,,0,uncovered,machine_mapped_requires_human_confirmation,Lean 4は台帳整合性を証明する。資料が当該センテンスを意味的に十分支持するかは人手レビュー境界。
SENT-0412,PAR-0177,FILE-INTRO,11,docs/11.用語・評価指標・参考文献/11.2.評価指標の対応表.md,13,13,| 全根拠回収率 | 検索 | 複数根拠が必要な質問数 | あり | 初段検索または統合直後 | [7.4.](../7.品質を評価し改善する/7.4.Retrieval評価.md) |,empirical_or_research_claim,yes,研究結果・定量値・提案内容を記述,,,,,0,uncovered,machine_mapped_requires_human_confirmation,Lean 4は台帳整合性を証明する。資料が当該センテンスを意味的に十分支持するかは人手レビュー境界。
SENT-0413,PAR-0177,FILE-INTRO,11,docs/11.用語・評価指標・参考文献/11.2.評価指標の対応表.md,14,14,| Precision@k | 検索・検索後処理 | 上位k件 | あり | 対象処理の直後 | [7.1.](../7.品質を評価し改善する/7.1.評価設計の全体像.md) |,empirical_or_research_claim,yes,研究結果・定量値・提案内容を記述,,,,,0,uncovered,machine_mapped_requires_human_confirmation,Lean 4は台帳整合性を証明する。資料が当該センテンスを意味的に十分支持するかは人手レビュー境界。
SENT-0414,PAR-0177,FILE-INTRO,11,docs/11.用語・評価指標・参考文献/11.2.評価指標の対応表.md,15,15,| MRR | 検索・検索後処理 | 評価質問数 | あり | 対象順位一覧の直後 | [7.4.](../7.品質を評価し改善する/7.4.Retrieval評価.md) |,empirical_or_research_claim,yes,研究結果・定量値・提案内容を記述,,,,,0,uncovered,machine_mapped_requires_human_confirmation,Lean 4は台帳整合性を証明する。資料が当該センテンスを意味的に十分支持するかは人手レビュー境界。
SENT-0415,PAR-0177,FILE-INTRO,11,docs/11.用語・評価指標・参考文献/11.2.評価指標の対応表.md,16,16,| nDCG@k | 検索・検索後処理 | 質問ごとの理想DCG | あり | 対象順位一覧の直後 | [7.4.](../7.品質を評価し改善する/7.4.Retrieval評価.md) |,empirical_or_research_claim,yes,研究結果・定量値・提案内容を記述,,,,,0,uncovered,machine_mapped_requires_human_confirmation,Lean 4は台帳整合性を証明する。資料が当該センテンスを意味的に十分支持するかは人手レビュー境界。
SENT-0416,PAR-0177,FILE-INTRO,11,docs/11.用語・評価指標・参考文献/11.2.評価指標の対応表.md,17,17,| 正解根拠保持率 | 検索後処理 | 処理前に存在した正解根拠数 | 任意 | filter・rerank・圧縮の各直後 | [7.5.](../7.品質を評価し改善する/7.5.Post-retrieval・Evidence評価.md) |,empirical_or_research_claim,yes,研究結果・定量値・提案内容を記述,,,,,0,uncovered,machine_mapped_requires_human_confirmation,Lean 4は台帳整合性を証明する。資料が当該センテンスを意味的に十分支持するかは人手レビュー境界。
SENT-0417,PAR-0177,FILE-INTRO,11,docs/11.用語・評価指標・参考文献/11.2.評価指標の対応表.md,18,18,| 重複率 | 検索後処理 | 候補またはEvidence Set件数 | 任意 | 重複排除の前後 | [7.5.](../7.品質を評価し改善する/7.5.Post-retrieval・Evidence評価.md) |,empirical_or_research_claim,yes,研究結果・定量値・提案内容を記述,,,,,0,uncovered,machine_mapped_requires_human_confirmation,Lean 4は台帳整合性を証明する。資料が当該センテンスを意味的に十分支持するかは人手レビュー境界。
SENT-0418,PAR-0177,FILE-INTRO,11,docs/11.用語・評価指標・参考文献/11.2.評価指標の対応表.md,19,19,| 正解span保持率 | 検索後処理 | 正解原文span数 | なし | 圧縮またはcontext作成後 | [7.5.](../7.品質を評価し改善する/7.5.Post-retrieval・Evidence評価.md) |,empirical_or_research_claim,yes,研究結果・定量値・提案内容を記述,,,,,0,uncovered,machine_mapped_requires_human_confirmation,Lean 4は台帳整合性を証明する。資料が当該センテンスを意味的に十分支持するかは人手レビュー境界。
SENT-0419,PAR-0177,FILE-INTRO,11,docs/11.用語・評価指標・参考文献/11.2.評価指標の対応表.md,20,20,| 根拠忠実性 | 生成 | 検証可能なclaim数 | なし | 生成後 | [7.6.](../7.品質を評価し改善する/7.6.Generation評価.md) |,empirical_or_research_claim,yes,研究結果・定量値・提案内容を記述,,,,,0,uncovered,machine_mapped_requires_human_confirmation,Lean 4は台帳整合性を証明する。資料が当該センテンスを意味的に十分支持するかは人手レビュー境界。
SENT-0420,PAR-0177,FILE-INTRO,11,docs/11.用語・評価指標・参考文献/11.2.評価指標の対応表.md,21,21,| 引用の正しさ | 生成 | 付与された引用数 | なし | 生成後 | [6.4.](../6.根拠に基づいて回答する/6.4.Citation設計.md) |,general_technical_claim,yes,技術の性質・機構を説明する外部検証可能な記述,,,,,0,uncovered,machine_mapped_requires_human_confirmation,Lean 4は台帳整合性を証明する。資料が当該センテンスを意味的に十分支持するかは人手レビュー境界。
SENT-0421,PAR-0177,FILE-INTRO,11,docs/11.用語・評価指標・参考文献/11.2.評価指標の対応表.md,22,22,| 引用の網羅性 | 生成 | 根拠を必要とするclaim数 | なし | 生成後 | [6.4.](../6.根拠に基づいて回答する/6.4.Citation設計.md) |,general_technical_claim,yes,技術の性質・機構を説明する外部検証可能な記述,,,,,0,uncovered,machine_mapped_requires_human_confirmation,Lean 4は台帳整合性を証明する。資料が当該センテンスを意味的に十分支持するかは人手レビュー境界。
SENT-0422,PAR-0177,FILE-INTRO,11,docs/11.用語・評価指標・参考文献/11.2.評価指標の対応表.md,23,23,| 支持なし主張率 | 生成 | 検証可能なclaim数 | なし | 生成後検証 | [7.6.](../7.品質を評価し改善する/7.6.Generation評価.md) |,empirical_or_research_claim,yes,研究結果・定量値・提案内容を記述,,,,,0,uncovered,machine_mapped_requires_human_confirmation,Lean 4は台帳整合性を証明する。資料が当該センテンスを意味的に十分支持するかは人手レビュー境界。
SENT-0423,PAR-0177,FILE-INTRO,11,docs/11.用語・評価指標・参考文献/11.2.評価指標の対応表.md,24,24,| 適切な回答保留率 | 生成・E2E | 回答不能な評価質問数 | なし | 生成後 | [7.7.](../7.品質を評価し改善する/7.7.End-to-end評価.md) |,empirical_or_research_claim,yes,研究結果・定量値・提案内容を記述,,,,,0,uncovered,machine_mapped_requires_human_confirmation,Lean 4は台帳整合性を証明する。資料が当該センテンスを意味的に十分支持するかは人手レビュー境界。
SENT-0424,PAR-0177,FILE-INTRO,11,docs/11.用語・評価指標・参考文献/11.2.評価指標の対応表.md,25,25,| 過剰回答保留率 | 生成・E2E | 回答可能な評価質問数 | なし | 生成後 | [7.7.](../7.品質を評価し改善する/7.7.End-to-end評価.md) |,empirical_or_research_claim,yes,研究結果・定量値・提案内容を記述,,,,,0,uncovered,machine_mapped_requires_human_confirmation,Lean 4は台帳整合性を証明する。資料が当該センテンスを意味的に十分支持するかは人手レビュー境界。
SENT-0425,PAR-0177,FILE-INTRO,11,docs/11.用語・評価指標・参考文献/11.2.評価指標の対応表.md,26,26,| 形式準拠率 | 生成・E2E | 全回答数 | なし | schema検証後 | [7.6.](../7.品質を評価し改善する/7.6.Generation評価.md) |,empirical_or_research_claim,yes,研究結果・定量値・提案内容を記述,,,,,0,uncovered,machine_mapped_requires_human_confirmation,Lean 4は台帳整合性を証明する。資料が当該センテンスを意味的に十分支持するかは人手レビュー境界。
SENT-0426,PAR-0177,FILE-INTRO,11,docs/11.用語・評価指標・参考文献/11.2.評価指標の対応表.md,27,27,| タスク完了率 | E2E | 評価タスク数 | なし | 利用者の業務終了時 | [7.7.](../7.品質を評価し改善する/7.7.End-to-end評価.md) |,empirical_or_research_claim,yes,研究結果・定量値・提案内容を記述,,,,,0,uncovered,machine_mapped_requires_human_confirmation,Lean 4は台帳整合性を証明する。資料が当該センテンスを意味的に十分支持するかは人手レビュー境界。
SENT-0435,PAR-0180,11.3.1,11,docs/11.用語・評価指標・参考文献/11.3.主要参考文献.md,7,7,"Salton, G. and Buckley, C. (1988). Term-weighting approaches in automatic text retrieval.",externally_cited_claim,yes,センテンス内に外部一次資料への明示リンク,,,,direct_inline,0,uncovered,machine_mapped_requires_human_confirmation,Lean 4は台帳整合性を証明する。資料が当該センテンスを意味的に十分支持するかは人手レビュー境界。
SENT-0551,PAR-0241,2.2.2,2,docs/2.アーキテクチャ/2.2.検索前処理の概要.md,20,20,語彙一致が必要な識別子、意味検索（密検索、Dense retrieval）が適する言い換え、メタデータへ適用する条件を分けることで、後続の検索方式を選べます。,general_technical_claim,yes,技術の性質・機構を説明する外部検証可能な記述,,,,,0,uncovered,machine_mapped_requires_human_confirmation,Lean 4は台帳整合性を証明する。資料が当該センテンスを意味的に十分支持するかは人手レビュー境界。
SENT-0552,PAR-0241,2.2.2,2,docs/2.アーキテクチャ/2.2.検索前処理の概要.md,20,20,以後、本文では「密検索」を標準表記とします。,general_technical_claim,yes,技術の性質・機構を説明する外部検証可能な記述,,,,,0,uncovered,machine_mapped_requires_human_confirmation,Lean 4は台帳整合性を証明する。資料が当該センテンスを意味的に十分支持するかは人手レビュー境界。
SENT-0559,PAR-0244,2.3.1,2,docs/2.アーキテクチャ/2.3.検索の概要.md,10,10,ハイブリッド検索は両方の候補を統合し、どちらか一方だけでは回収しにくい質問へ対応します。,general_technical_claim,yes,技術の性質・機構を説明する外部検証可能な記述,,,,,0,uncovered,machine_mapped_requires_human_confirmation,Lean 4は台帳整合性を証明する。資料が当該センテンスを意味的に十分支持するかは人手レビュー境界。
SENT-0561,PAR-0245,2.3.1,2,docs/2.アーキテクチャ/2.3.検索の概要.md,13,13,検索方式ごとの候補、順位、スコア、フィルター前後の件数を記録すると、語彙、埋め込み、条件、索引のどこを調整すべきか判断できます。,general_technical_claim,yes,技術の性質・機構を説明する外部検証可能な記述,,,,,0,uncovered,machine_mapped_requires_human_confirmation,Lean 4は台帳整合性を証明する。資料が当該センテンスを意味的に十分支持するかは人手レビュー境界。
SENT-0570,PAR-0250,2.4.1,2,docs/2.アーキテクチャ/2.4.検索後処理の概要.md,8,8,検索器ごとに異なる候補形式を共通の項目へそろえ、同じ内容の複製と近接チャンクをまとめます。,general_technical_claim,yes,技術の性質・機構を説明する外部検証可能な記述,,,,,0,uncovered,machine_mapped_requires_human_confirmation,Lean 4は台帳整合性を証明する。資料が当該センテンスを意味的に十分支持するかは人手レビュー境界。
SENT-0601,PAR-0264,2.6.2,2,docs/2.アーキテクチャ/2.6.評価の概要.md,27,27,方式の採否では、品質、応答時間、費用、安全性を同じ評価runで測り、一指標の改善とシステム全体の回帰を分けて判定します。,empirical_or_research_claim,yes,研究結果・定量値・提案内容を記述,,,,,0,uncovered,machine_mapped_requires_human_confirmation,Lean 4は台帳整合性を証明する。資料が当該センテンスを意味的に十分支持するかは人手レビュー境界。
SENT-0607,PAR-0267,2.7.1,2,docs/2.アーキテクチャ/2.7.非機能と運用の概要.md,9,9,間接プロンプトインジェクションは、検索された文書などの外部データに埋め込まれた命令を、LLM統合アプリが指示として処理してしまう攻撃です。,general_technical_claim,yes,技術の性質・機構を説明する外部検証可能な記述,,,,,0,uncovered,machine_mapped_requires_human_confirmation,Lean 4は台帳整合性を証明する。資料が当該センテンスを意味的に十分支持するかは人手レビュー境界。
SENT-0623,PAR-0274,2.7.3,2,docs/2.アーキテクチャ/2.7.非機能と運用の概要.md,36,36,候補数、reranking件数、context量を減らしたとき、遅延、費用、Recall、Evidence sufficiency、citation correctnessがどう変化するかを対象データで測定します。,general_technical_claim,yes,技術の性質・機構を説明する外部検証可能な記述,,,,,0,uncovered,machine_mapped_requires_human_confirmation,Lean 4は台帳整合性を証明する。資料が当該センテンスを意味的に十分支持するかは人手レビュー境界。
SENT-0796,PAR-0351,3.2.3,3,docs/3.回答に使う資料を準備する/3.2.Ingestion設計.md,76,76,一方で、必要な再処理を省くと、古いチャンク、ベクトル、ACLが残ります。,general_technical_claim,yes,技術の性質・機構を説明する外部検証可能な記述,,,,,0,uncovered,machine_mapped_requires_human_confirmation,Lean 4は台帳整合性を証明する。資料が当該センテンスを意味的に十分支持するかは人手レビュー境界。
SENT-0821,PAR-0359,3.2.4,3,docs/3.回答に使う資料を準備する/3.2.Ingestion設計.md,112,112,情報源API、OCR（Optical Character Recognition、光学文字認識）、埋め込みサービス、ベクトルストアは、それぞれ異なる処理能力と利用上限を持ちます。,general_technical_claim,yes,技術の性質・機構を説明する外部検証可能な記述,,,,,0,uncovered,machine_mapped_requires_human_confirmation,Lean 4は台帳整合性を証明する。資料が当該センテンスを意味的に十分支持するかは人手レビュー境界。
SENT-0855,PAR-0372,3.2.7,3,docs/3.回答に使う資料を準備する/3.2.Ingestion設計.md,165,165,段階ごとのトレースへ、スナップショット、処理版、エラーコードを付けると、取得遅延、OCR混雑、埋め込みの利用上限を区別できます。,general_technical_claim,yes,技術の性質・機構を説明する外部検証可能な記述,,,,,0,uncovered,machine_mapped_requires_human_confirmation,Lean 4は台帳整合性を証明する。資料が当該センテンスを意味的に十分支持するかは人手レビュー境界。
SENT-0940,PAR-0404,3.3.5,3,docs/3.回答に使う資料を準備する/3.3.文書解析と正規化.md,124,124,論文で報告された一つの指標だけで選ばず、文書クラスごとに文字、構造、表、位置、費用を比較します。,empirical_or_research_claim,yes,研究結果・定量値・提案内容を記述,,,,,0,uncovered,machine_mapped_requires_human_confirmation,Lean 4は台帳整合性を証明する。資料が当該センテンスを意味的に十分支持するかは人手レビュー境界。
SENT-0968,PAR-0418,3.4.1,3,docs/3.回答に使う資料を準備する/3.4.Chunking設計.md,22,22,実装と再現が容易で、構造ベースや意味ベースの方法による改善を測る基準です。,empirical_or_research_claim,yes,研究結果・定量値・提案内容を記述,,,,,0,uncovered,machine_mapped_requires_human_confirmation,Lean 4は台帳整合性を証明する。資料が当該センテンスを意味的に十分支持するかは人手レビュー境界。
SENT-0969,PAR-0419,3.4.1,3,docs/3.回答に使う資料を準備する/3.4.Chunking設計.md,24,24,300〜800 tokenと10〜20% overlapは初期候補に限り、採用値は対象文書の正解span分断率、Recall、重複率で決めます。,empirical_or_research_claim,yes,研究結果・定量値・提案内容を記述,,,,,0,uncovered,machine_mapped_requires_human_confirmation,Lean 4は台帳整合性を証明する。資料が当該センテンスを意味的に十分支持するかは人手レビュー境界。
SENT-1013,PAR-0436,3.4.4,3,docs/3.回答に使う資料を準備する/3.4.Chunking設計.md,91,91,親子構造では、小さい子チャンクを検索し、周囲の文脈を持つ親チャンクをLLMへ渡します。,general_technical_claim,yes,技術の性質・機構を説明する外部検証可能な記述,,,,,0,uncovered,machine_mapped_requires_human_confirmation,Lean 4は台帳整合性を証明する。資料が当該センテンスを意味的に十分支持するかは人手レビュー境界。
SENT-1017,PAR-0437,3.4.4,3,docs/3.回答に使う資料を準備する/3.4.Chunking設計.md,96,96,親チャンクの上限は、無関係span率、入力token数、正解span利用率を測り、長文中で根拠利用率が下がる直前に設定します。,general_technical_claim,yes,技術の性質・機構を説明する外部検証可能な記述,,,,,0,uncovered,machine_mapped_requires_human_confirmation,Lean 4は台帳整合性を証明する。資料が当該センテンスを意味的に十分支持するかは人手レビュー境界。
SENT-1025,PAR-0442,3.4.4,3,docs/3.回答に使う資料を準備する/3.4.Chunking設計.md,110,110,アルゴリズム図A1 代表的なチャンク方式の分割位置と返却単位,general_technical_claim,yes,技術の性質・機構を説明する外部検証可能な記述,,,,,0,uncovered,machine_mapped_requires_human_confirmation,Lean 4は台帳整合性を証明する。資料が当該センテンスを意味的に十分支持するかは人手レビュー境界。
SENT-1026,PAR-0443,3.4.4,3,docs/3.回答に使う資料を準備する/3.4.Chunking設計.md,112,112,図3-2は、同じ原文を固定長、段落境界、意味境界、親子チャンクで分けた結果を、上から下へ比較しています。,general_technical_claim,yes,技術の性質・機構を説明する外部検証可能な記述,,,,,0,uncovered,machine_mapped_requires_human_confirmation,Lean 4は台帳整合性を証明する。資料が当該センテンスを意味的に十分支持するかは人手レビュー境界。
SENT-1030,PAR-0446,3.4.4,3,docs/3.回答に使う資料を準備する/3.4.Chunking設計.md,121,121,通常の方法では、文書を分割してから各チャンクを独立に埋め込みます。,general_technical_claim,yes,技術の性質・機構を説明する外部検証可能な記述,,,,,0,uncovered,machine_mapped_requires_human_confirmation,Lean 4は台帳整合性を証明する。資料が当該センテンスを意味的に十分支持するかは人手レビュー境界。
SENT-1040,PAR-0450,3.4.5,3,docs/3.回答に使う資料を準備する/3.4.Chunking設計.md,137,137,ページ、見出し経路、有効期間、ACL、情報源の権威性を文書からチャンクへ継承します。,general_technical_claim,yes,技術の性質・機構を説明する外部検証可能な記述,,,,,0,uncovered,machine_mapped_requires_human_confirmation,Lean 4は台帳整合性を証明する。資料が当該センテンスを意味的に十分支持するかは人手レビュー境界。
SENT-1044,PAR-0451,3.4.5,3,docs/3.回答に使う資料を準備する/3.4.Chunking設計.md,142,142,新しいチャンクを同じIDへ黙って上書きすると、過去の回答が別の原文を指す可能性があります。,general_technical_claim,yes,技術の性質・機構を説明する外部検証可能な記述,,,,,0,uncovered,machine_mapped_requires_human_confirmation,Lean 4は台帳整合性を証明する。資料が当該センテンスを意味的に十分支持するかは人手レビュー境界。
SENT-1064,PAR-0465,3.4.6,3,docs/3.回答に使う資料を準備する/3.4.Chunking設計.md,171,171,大きな親チャンクの中へ必要根拠が埋もれています。,general_technical_claim,yes,技術の性質・機構を説明する外部検証可能な記述,,,,,0,uncovered,machine_mapped_requires_human_confirmation,Lean 4は台帳整合性を証明する。資料が当該センテンスを意味的に十分支持するかは人手レビュー境界。
SENT-1145,PAR-0504,3.5.4,3,docs/3.回答に使う資料を準備する/3.5.Metadata・Provenance・ACL設計.md,105,105,原則として、文書のACLをすべての子チャンクへ継承します。,general_technical_claim,yes,技術の性質・機構を説明する外部検証可能な記述,,,,,0,uncovered,machine_mapped_requires_human_confirmation,Lean 4は台帳整合性を証明する。資料が当該センテンスを意味的に十分支持するかは人手レビュー境界。
SENT-1151,PAR-0506,3.5.4,3,docs/3.回答に使う資料を準備する/3.5.Metadata・Provenance・ACL設計.md,113,113,ACLが不明なチャンクは、既定で拒否します。,general_technical_claim,yes,技術の性質・機構を説明する外部検証可能な記述,,,,,0,uncovered,machine_mapped_requires_human_confirmation,Lean 4は台帳整合性を証明する。資料が当該センテンスを意味的に十分支持するかは人手レビュー境界。
SENT-1155,PAR-0507,3.5.4,3,docs/3.回答に使う資料を準備する/3.5.Metadata・Provenance・ACL設計.md,118,118,その範囲を必須フィルターとして検索器へ渡します。,general_technical_claim,yes,技術の性質・機構を説明する外部検証可能な記述,,,,,0,uncovered,machine_mapped_requires_human_confirmation,Lean 4は台帳整合性を証明する。資料が当該センテンスを意味的に十分支持するかは人手レビュー境界。
SENT-1158,PAR-0508,3.5.4,3,docs/3.回答に使う資料を準備する/3.5.Metadata・Provenance・ACL設計.md,122,122,事前展開は検索を速くできますが、権限剥奪時に多くのチャンクを更新する必要があります。,general_technical_claim,yes,技術の性質・機構を説明する外部検証可能な記述,,,,,0,uncovered,machine_mapped_requires_human_confirmation,Lean 4は台帳整合性を証明する。資料が当該センテンスを意味的に十分支持するかは人手レビュー境界。
SENT-1199,PAR-0529,FILE-INTRO,3,docs/3.回答に使う資料を準備する/3.6.Embedding設計.md,3,3,埋め込みは、質問と文書を数値ベクトルへ変換し、意味的に近い候補を検索するために利用します。,general_technical_claim,yes,技術の性質・機構を説明する外部検証可能な記述,,,,,0,uncovered,machine_mapped_requires_human_confirmation,Lean 4は台帳整合性を証明する。資料が当該センテンスを意味的に十分支持するかは人手レビュー境界。
SENT-1203,PAR-0530,3.6.1,3,docs/3.回答に使う資料を準備する/3.6.Embedding設計.md,10,10,検索では、質問のベクトルに近いチャンクを候補として取得します。,general_technical_claim,yes,技術の性質・機構を説明する外部検証可能な記述,,,,,0,uncovered,machine_mapped_requires_human_confirmation,Lean 4は台帳整合性を証明する。資料が当該センテンスを意味的に十分支持するかは人手レビュー境界。
SENT-1214,PAR-0536,3.6.1,3,docs/3.回答に使う資料を準備する/3.6.Embedding設計.md,29,29,二塔型エンコーダー（bi-encoder / dual-encoder）は、質問と文書を独立して埋め込みます。,general_technical_claim,yes,技術の性質・機構を説明する外部検証可能な記述,,,,,0,uncovered,machine_mapped_requires_human_confirmation,Lean 4は台帳整合性を証明する。資料が当該センテンスを意味的に十分支持するかは人手レビュー境界。
SENT-1215,PAR-0536,3.6.1,3,docs/3.回答に使う資料を準備する/3.6.Embedding設計.md,30,30,文書側のベクトルを質問前に計算して保存できるため、大量の文書から高速に検索できます。,general_technical_claim,yes,技術の性質・機構を説明する外部検証可能な記述,,,,,0,uncovered,machine_mapped_requires_human_confirmation,Lean 4は台帳整合性を証明する。資料が当該センテンスを意味的に十分支持するかは人手レビュー境界。
SENT-1222,PAR-0539,3.6.2,3,docs/3.回答に使う資料を準備する/3.6.Embedding設計.md,42,42,代表的な比較方法には、コサイン類似度、内積、ユークリッド距離があります。,general_technical_claim,yes,技術の性質・機構を説明する外部検証可能な記述,,,,,0,uncovered,machine_mapped_requires_human_confirmation,Lean 4は台帳整合性を証明する。資料が当該センテンスを意味的に十分支持するかは人手レビュー境界。
SENT-1224,PAR-0540,3.6.2,3,docs/3.回答に使う資料を準備する/3.6.Embedding設計.md,45,45,埋め込みモデルが想定する正規化と距離尺度を、文書登録時と質問時で一致させます。,general_technical_claim,yes,技術の性質・機構を説明する外部検証可能な記述,,,,,0,uncovered,machine_mapped_requires_human_confirmation,Lean 4は台帳整合性を証明する。資料が当該センテンスを意味的に十分支持するかは人手レビュー境界。
SENT-1238,PAR-0549,3.6.3,3,docs/3.回答に使う資料を準備する/3.6.Embedding設計.md,67,67,MTEB（Massive Text Embedding Benchmark）は、同ベンチマークが評価したタスク、言語、モデルの範囲で、埋め込みモデル間の順位が一様でない結果を報告しています。,empirical_or_research_claim,yes,研究結果・定量値・提案内容を記述,,,,,0,uncovered,machine_mapped_requires_human_confirmation,Lean 4は台帳整合性を証明する。資料が当該センテンスを意味的に十分支持するかは人手レビュー境界。
SENT-1254,PAR-0554,3.6.4,3,docs/3.回答に使う資料を準備する/3.6.Embedding設計.md,90,90,『利用できます』と『利用できません』のような否定差が単一ベクトルで近くなる頻度と検索順位への影響を、否定対を含む対象データで測定します。,general_technical_claim,yes,技術の性質・機構を説明する外部検証可能な記述,,,,,0,uncovered,machine_mapped_requires_human_confirmation,Lean 4は台帳整合性を証明する。資料が当該センテンスを意味的に十分支持するかは人手レビュー境界。
SENT-1264,PAR-0558,3.6.4,3,docs/3.回答に使う資料を準備する/3.6.Embedding設計.md,104,104,埋め込みモデルとチャンキングは相互に影響します。,general_technical_claim,yes,技術の性質・機構を説明する外部検証可能な記述,,,,,0,uncovered,machine_mapped_requires_human_confirmation,Lean 4は台帳整合性を証明する。資料が当該センテンスを意味的に十分支持するかは人手レビュー境界。
SENT-1266,PAR-0559,3.6.4,3,docs/3.回答に使う資料を準備する/3.6.Embedding設計.md,107,107,本文へ付けると検索表現が自己完結しやすくなる一方、同じ見出しが多数のチャンクへ繰り返され、類似度を支配する可能性があります。,general_technical_claim,yes,技術の性質・機構を説明する外部検証可能な記述,,,,,0,uncovered,machine_mapped_requires_human_confirmation,Lean 4は台帳整合性を証明する。資料が当該センテンスを意味的に十分支持するかは人手レビュー境界。
SENT-1271,PAR-0562,3.6.5,3,docs/3.回答に使う資料を準備する/3.6.Embedding設計.md,117,117,embedding dimensionを変える実験では、Recallに加えてvector保存量、memory、転送byte、ANN p95 latencyを同時に記録します。,empirical_or_research_claim,yes,研究結果・定量値・提案内容を記述,,,,,0,uncovered,machine_mapped_requires_human_confirmation,Lean 4は台帳整合性を証明する。資料が当該センテンスを意味的に十分支持するかは人手レビュー境界。
SENT-1284,PAR-0566,3.6.5,3,docs/3.回答に使う資料を準備する/3.6.Embedding設計.md,134,134,ACLやメタデータだけの変更は、ベクトルキャッシュとは別にインデックスへ反映します。,general_technical_claim,yes,技術の性質・機構を説明する外部検証可能な記述,,,,,0,uncovered,machine_mapped_requires_human_confirmation,Lean 4は台帳整合性を証明する。資料が当該センテンスを意味的に十分支持するかは人手レビュー境界。
SENT-1285,PAR-0567,3.6.5,3,docs/3.回答に使う資料を準備する/3.6.Embedding設計.md,136,136,失敗したチャンクを隔離し、文書・チャンク・ベクトルの件数を照合します。,general_technical_claim,yes,技術の性質・機構を説明する外部検証可能な記述,,,,,0,uncovered,machine_mapped_requires_human_confirmation,Lean 4は台帳整合性を証明する。資料が当該センテンスを意味的に十分支持するかは人手レビュー境界。
SENT-1291,PAR-0569,3.6.6,3,docs/3.回答に使う資料を準備する/3.6.Embedding設計.md,146,146,新モデルの文書ベクトルは別インデックスへ全件生成し、対応する質問エンコーダーと組み合わせます。,general_technical_claim,yes,技術の性質・機構を説明する外部検証可能な記述,,,,,0,uncovered,machine_mapped_requires_human_confirmation,Lean 4は台帳整合性を証明する。資料が当該センテンスを意味的に十分支持するかは人手レビュー境界。
SENT-1293,PAR-0570,3.6.6,3,docs/3.回答に使う資料を準備する/3.6.Embedding設計.md,149,149,一般ベンチマークと業務の正解集合で新旧を比較します。,empirical_or_research_claim,yes,研究結果・定量値・提案内容を記述,,,,,0,uncovered,machine_mapped_requires_human_confirmation,Lean 4は台帳整合性を証明する。資料が当該センテンスを意味的に十分支持するかは人手レビュー境界。
SENT-1298,PAR-0571,3.6.6,3,docs/3.回答に使う資料を準備する/3.6.Embedding設計.md,155,155,再埋め込みは単なる一括ジョブではなく、検索結果を変えるリリースです。,general_technical_claim,yes,技術の性質・機構を説明する外部検証可能な記述,,,,,0,uncovered,machine_mapped_requires_human_confirmation,Lean 4は台帳整合性を証明する。資料が当該センテンスを意味的に十分支持するかは人手レビュー境界。
SENT-1301,PAR-0573,3.7.1,3,docs/3.回答に使う資料を準備する/3.7.Index構築とライフサイクル.md,8,8,キーワード検索では、語から文書へ対応する転置インデックスを利用します。,general_technical_claim,yes,技術の性質・機構を説明する外部検証可能な記述,,,,,0,uncovered,machine_mapped_requires_human_confirmation,Lean 4は台帳整合性を証明する。資料が当該センテンスを意味的に十分支持するかは人手レビュー境界。
SENT-1302,PAR-0573,3.7.1,3,docs/3.回答に使う資料を準備する/3.7.Index構築とライフサイクル.md,9,9,意味検索では、埋め込みベクトルから近い候補を探すために、完全探索または近似最近傍探索（ANN）のデータ構造を利用します。,general_technical_claim,yes,技術の性質・機構を説明する外部検証可能な記述,,,,,0,uncovered,machine_mapped_requires_human_confirmation,Lean 4は台帳整合性を証明する。資料が当該センテンスを意味的に十分支持するかは人手レビュー境界。
SENT-1303,PAR-0573,3.7.1,3,docs/3.回答に使う資料を準備する/3.7.Index構築とライフサイクル.md,10,10,ハイブリッド検索では、二つのインデックスが同じ文書版とチャンクIDを参照する必要があります。,general_technical_claim,yes,技術の性質・機構を説明する外部検証可能な記述,,,,,0,uncovered,machine_mapped_requires_human_confirmation,Lean 4は台帳整合性を証明する。資料が当該センテンスを意味的に十分支持するかは人手レビュー境界。
SENT-1311,PAR-0576,3.7.1,3,docs/3.回答に使う資料を準備する/3.7.Index構築とライフサイクル.md,21,21,計算量はベクトル数に比例するため、規模と要求数が増えると応答時間と計算資源が増えます。,general_technical_claim,yes,技術の性質・機構を説明する外部検証可能な記述,,,,,0,uncovered,machine_mapped_requires_human_confirmation,Lean 4は台帳整合性を証明する。資料が当該センテンスを意味的に十分支持するかは人手レビュー境界。
SENT-1312,PAR-0577,3.7.1,3,docs/3.回答に使う資料を準備する/3.7.Index構築とライフサイクル.md,23,23,ANNは、探索範囲を絞り、真の近傍を一部見落とす可能性と引き換えに検索を高速化します。,general_technical_claim,yes,技術の性質・機構を説明する外部検証可能な記述,,,,,0,uncovered,machine_mapped_requires_human_confirmation,Lean 4は台帳整合性を証明する。資料が当該センテンスを意味的に十分支持するかは人手レビュー境界。
SENT-1361,PAR-0597,3.7.4,3,docs/3.回答に使う資料を準備する/3.7.Index構築とライフサイクル.md,95,95,次元数、正規化、距離尺度、ANN設定,general_technical_claim,yes,技術の性質・機構を説明する外部検証可能な記述,,,,,0,uncovered,machine_mapped_requires_human_confirmation,Lean 4は台帳整合性を証明する。資料が当該センテンスを意味的に十分支持するかは人手レビュー境界。
SENT-1372,PAR-0604,3.7.5,3,docs/3.回答に使う資料を準備する/3.7.Index構築とライフサイクル.md,112,112,文書・チャンク・ベクトル件数、代表的な近傍、ACLの否定試験、正解質問を検査してから公開します。,general_technical_claim,yes,技術の性質・機構を説明する外部検証可能な記述,,,,,0,uncovered,machine_mapped_requires_human_confirmation,Lean 4は台帳整合性を証明する。資料が当該センテンスを意味的に十分支持するかは人手レビュー境界。
SENT-1377,PAR-0606,3.7.5,3,docs/3.回答に使う資料を準備する/3.7.Index構築とライフサイクル.md,119,119,変更種別に応じて、チャンク再生成、再埋め込み、メタデータ更新、削除を実行します。,general_technical_claim,yes,技術の性質・機構を説明する外部検証可能な記述,,,,,0,uncovered,machine_mapped_requires_human_confirmation,Lean 4は台帳整合性を証明する。資料が当該センテンスを意味的に十分支持するかは人手レビュー境界。
SENT-1381,PAR-0608,3.7.5,3,docs/3.回答に使う資料を準備する/3.7.Index構築とライフサイクル.md,125,125,情報源の更新から検索可能になるまでの時間、削除済みだが検索できる件数、ANN再現率、応答時間を監視します。,general_technical_claim,yes,技術の性質・機構を説明する外部検証可能な記述,,,,,0,uncovered,machine_mapped_requires_human_confirmation,Lean 4は台帳整合性を証明する。資料が当該センテンスを意味的に十分支持するかは人手レビュー境界。
SENT-1405,PAR-0618,3.7.7,3,docs/3.回答に使う資料を準備する/3.7.Index構築とライフサイクル.md,163,163,N はベクトル数、d は次元数、b は一要素当たりのバイト数です。,general_technical_claim,yes,技術の性質・機構を説明する外部検証可能な記述,,,,,0,uncovered,machine_mapped_requires_human_confirmation,Lean 4は台帳整合性を証明する。資料が当該センテンスを意味的に十分支持するかは人手レビュー境界。
SENT-1408,PAR-0620,3.7.7,3,docs/3.回答に使う資料を準備する/3.7.Index構築とライフサイクル.md,168,168,文書数、ベクトル分布、メタデータ、ACLの選択率を本番の見込みに合わせます。,general_technical_claim,yes,技術の性質・機構を説明する外部検証可能な記述,,,,,0,uncovered,machine_mapped_requires_human_confirmation,Lean 4は台帳整合性を証明する。資料が当該センテンスを意味的に十分支持するかは人手レビュー境界。
SENT-1417,PAR-0626,3.7.7,3,docs/3.回答に使う資料を準備する/3.7.Index構築とライフサイクル.md,180,180,インデックス容量、稼働版、鮮度、取り込み失敗、埋め込みエラーを監視します。,general_technical_claim,yes,技術の性質・機構を説明する外部検証可能な記述,,,,,0,uncovered,machine_mapped_requires_human_confirmation,Lean 4は台帳整合性を証明する。資料が当該センテンスを意味的に十分支持するかは人手レビュー境界。
SENT-1423,PAR-0628,3.7.7,3,docs/3.回答に使う資料を準備する/3.7.Index構築とライフサイクル.md,188,188,情報源、parser、embedding、ANN、filterの各段階に独立したversionと品質指標を置き、異常発生時に最初の変化点を特定します。,general_technical_claim,yes,技術の性質・機構を説明する外部検証可能な記述,,,,,0,uncovered,machine_mapped_requires_human_confirmation,Lean 4は台帳整合性を証明する。資料が当該センテンスを意味的に十分支持するかは人手レビュー境界。
SENT-1444,PAR-0638,FILE-INTRO,3,docs/3.回答に使う資料を準備する/3.9.既存の全文検索からRAGへ移行する.md,3,3,移行の目的はベクトル検索への置換ではなく、既存の語彙一致、認可、監視を保ちながら、根拠付き回答を安全に追加することです。,general_technical_claim,yes,技術の性質・機構を説明する外部検証可能な記述,,,,,0,uncovered,machine_mapped_requires_human_confirmation,Lean 4は台帳整合性を証明する。資料が当該センテンスを意味的に十分支持するかは人手レビュー境界。
SENT-1461,PAR-0648,3.9.1,3,docs/3.回答に使う資料を準備する/3.9.既存の全文検索からRAGへ移行する.md,27,27,| 認可 | 検索前filterと監査規則 | 生成前の再検査とcitation検査 |,general_technical_claim,yes,技術の性質・機構を説明する外部検証可能な記述,,,,,0,uncovered,machine_mapped_requires_human_confirmation,Lean 4は台帳整合性を証明する。資料が当該センテンスを意味的に十分支持するかは人手レビュー境界。
SENT-1473,PAR-0652,3.9.3,3,docs/3.回答に使う資料を準備する/3.9.既存の全文検索からRAGへ移行する.md,40,40,新経路の結果は画面へ出さず、候補ID、順位、適用filter、処理時間、timeout、構成版だけを比較ログへ残します。,empirical_or_research_claim,yes,研究結果・定量値・提案内容を記述,,,,,0,uncovered,machine_mapped_requires_human_confirmation,Lean 4は台帳整合性を証明する。資料が当該センテンスを意味的に十分支持するかは人手レビュー境界。
SENT-1476,PAR-0653,3.9.3,3,docs/3.回答に使う資料を準備する/3.9.既存の全文検索からRAGへ移行する.md,42,42,一度に複数の変更を混ぜると改善原因が分からないため、analyzerの移植、chunking、embedding、fusion、生成を段階的に有効化します。,empirical_or_research_claim,yes,研究結果・定量値・提案内容を記述,,,,,0,uncovered,machine_mapped_requires_human_confirmation,Lean 4は台帳整合性を証明する。資料が当該センテンスを意味的に十分支持するかは人手レビュー境界。
SENT-1482,PAR-0656,3.9.4,3,docs/3.回答に使う資料を準備する/3.9.既存の全文検索からRAGへ移行する.md,50,50,全体と重要スライスでRecall@kとnDCG@kが合格しています。,general_technical_claim,yes,技術の性質・機構を説明する外部検証可能な記述,,,,,0,uncovered,machine_mapped_requires_human_confirmation,Lean 4は台帳整合性を証明する。資料が当該センテンスを意味的に十分支持するかは人手レビュー境界。
SENT-1495,PAR-0664,INTRO-3,3,docs/3.回答に使う資料を準備する/序文.md,5,5,この章を読むと決められること：正本、解析、分割、メタデータ、埋め込み、索引の版契約と公開条件を決められます。,general_technical_claim,yes,技術の性質・機構を説明する外部検証可能な記述,,,,,0,uncovered,machine_mapped_requires_human_confirmation,Lean 4は台帳整合性を証明する。資料が当該センテンスを意味的に十分支持するかは人手レビュー境界。
SENT-1498,PAR-0666,INTRO-3,3,docs/3.回答に使う資料を準備する/序文.md,9,9,資料準備の成果物は、本文に加えて、文書のID（Identifier、識別子）、チャンクID、出典位置、版、時点、権限属性、変換履歴を持つ検索可能な知識です。,general_technical_claim,yes,技術の性質・機構を説明する外部検証可能な記述,,,,,0,uncovered,machine_mapped_requires_human_confirmation,Lean 4は台帳整合性を証明する。資料が当該センテンスを意味的に十分支持するかは人手レビュー境界。
SENT-1520,PAR-0681,4.1.1,4,docs/4.質問に合う根拠を探す/4.1.Query理解と検索計画.md,28,28,許可された検索器、データベース、外部情報源,general_technical_claim,yes,技術の性質・機構を説明する外部検証可能な記述,,,,,0,uncovered,machine_mapped_requires_human_confirmation,Lean 4は台帳整合性を証明する。資料が当該センテンスを意味的に十分支持するかは人手レビュー境界。
SENT-1588,PAR-0712,4.1.5,4,docs/4.質問に合う根拠を探す/4.1.Query理解と検索計画.md,135,135,検索器ごとの候補数と全体候補上限,general_technical_claim,yes,技術の性質・機構を説明する外部検証可能な記述,,,,,0,uncovered,machine_mapped_requires_human_confirmation,Lean 4は台帳整合性を証明する。資料が当該センテンスを意味的に十分支持するかは人手レビュー境界。
SENT-1589,PAR-0713,4.1.5,4,docs/4.質問に合う根拠を探す/4.1.Query理解と検索計画.md,136,136,再順位付けする件数,general_technical_claim,yes,技術の性質・機構を説明する外部検証可能な記述,,,,,0,uncovered,machine_mapped_requires_human_confirmation,Lean 4は台帳整合性を証明する。資料が当該センテンスを意味的に十分支持するかは人手レビュー境界。
SENT-1616,PAR-0727,4.2.1,4,docs/4.質問に合う根拠を探す/4.2.Query変換.md,18,18,質問の書き換えは、元質問の意味を保ちながら、検索に必要な対象と条件を明示した検索文へ書き換えます。,empirical_or_research_claim,yes,研究結果・定量値・提案内容を記述,,,,,0,uncovered,machine_mapped_requires_human_confirmation,Lean 4は台帳整合性を証明する。資料が当該センテンスを意味的に十分支持するかは人手レビュー境界。
SENT-1617,PAR-0727,4.2.1,4,docs/4.質問に合う根拠を探す/4.2.Query変換.md,19,19,文章を読みやすくすることではなく、検索器が利用できる語と条件を明示することが目的です。,general_technical_claim,yes,技術の性質・機構を説明する外部検証可能な記述,,,,,0,uncovered,machine_mapped_requires_human_confirmation,Lean 4は台帳整合性を証明する。資料が当該センテンスを意味的に十分支持するかは人手レビュー境界。
SENT-1645,PAR-0739,4.2.2,4,docs/4.質問に合う根拠を探す/4.2.Query変換.md,61,61,まず検索文ごとの候補を整理し、その後に重複をまとめた全候補（和集合）を作るか、順位統合を行います。,general_technical_claim,yes,技術の性質・機構を説明する外部検証可能な記述,,,,,0,uncovered,machine_mapped_requires_human_confirmation,Lean 4は台帳整合性を証明する。資料が当該センテンスを意味的に十分支持するかは人手レビュー境界。
SENT-1703,PAR-0767,FILE-INTRO,4,docs/4.質問に合う根拠を探す/4.3.Sparse retrieval.md,3,3,queryと資料の語・文字列一致を主信号として候補を順位付けする経路を、疎検索と定義します。,general_technical_claim,yes,技術の性質・機構を説明する外部検証可能な記述,,,,,0,uncovered,machine_mapped_requires_human_confirmation,Lean 4は台帳整合性を証明する。資料が当該センテンスを意味的に十分支持するかは人手レビュー境界。
SENT-1705,PAR-0768,4.3.1,4,docs/4.質問に合う根拠を探す/4.3.Sparse retrieval.md,8,8,疎検索の廃止は方式の新旧で決めず、識別子・条文番号sliceのRecallと運用費用を密検索と比較して判断します。,general_technical_claim,yes,技術の性質・機構を説明する外部検証可能な記述,,,,,0,uncovered,machine_mapped_requires_human_confirmation,Lean 4は台帳整合性を証明する。資料が当該センテンスを意味的に十分支持するかは人手レビュー境界。
SENT-1710,PAR-0770,4.3.1,4,docs/4.質問に合う根拠を探す/4.3.Sparse retrieval.md,15,15,転置インデックスは、語から、その語が現れる文書やチャンクへ逆引きするデータ構造です。,general_technical_claim,yes,技術の性質・機構を説明する外部検証可能な記述,,,,,0,uncovered,machine_mapped_requires_human_confirmation,Lean 4は台帳整合性を証明する。資料が当該センテンスを意味的に十分支持するかは人手レビュー境界。
SENT-1716,PAR-0773,4.3.1,4,docs/4.質問に合う根拠を探す/4.3.Sparse retrieval.md,25,25,アルゴリズム図A3 転置インデックスからBoolean条件で候補を得る流れ,general_technical_claim,yes,技術の性質・機構を説明する外部検証可能な記述,,,,,0,uncovered,machine_mapped_requires_human_confirmation,Lean 4は台帳整合性を証明する。資料が当該センテンスを意味的に十分支持するかは人手レビュー境界。
SENT-1734,PAR-0781,4.3.3,4,docs/4.質問に合う根拠を探す/4.3.Sparse retrieval.md,55,55,Term-weighting approaches in automatic text retrievalは、語の出現頻度、collection内の希少性、文書長補正を組み合わせ、同研究の複数collectionで単純一致数との検索差を比較しています。,externally_cited_claim,yes,センテンス内に外部一次資料への明示リンク,,,,direct_inline,0,uncovered,machine_mapped_requires_human_confirmation,Lean 4は台帳整合性を証明する。資料が当該センテンスを意味的に十分支持するかは人手レビュー境界。
SENT-1747,PAR-0786,4.3.3,4,docs/4.質問に合う根拠を探す/4.3.Sparse retrieval.md,73,73,最適値は、チャンク長の分布、質問、検索エンジンの実装によって変わります。,general_technical_claim,yes,技術の性質・機構を説明する外部検証可能な記述,,,,,0,uncovered,machine_mapped_requires_human_confirmation,Lean 4は台帳整合性を証明する。資料が当該センテンスを意味的に十分支持するかは人手レビュー境界。
SENT-1750,PAR-0787,4.3.3,4,docs/4.質問に合う根拠を探す/4.3.Sparse retrieval.md,76,76,同じ文書から作ったチャンクを両方へ分けると、評価対象の内容が開発側へ漏れるためです。,general_technical_claim,yes,技術の性質・機構を説明する外部検証可能な記述,,,,,0,uncovered,machine_mapped_requires_human_confirmation,Lean 4は台帳整合性を証明する。資料が当該センテンスを意味的に十分支持するかは人手レビュー境界。
SENT-1790,PAR-0805,4.3.5,4,docs/4.質問に合う根拠を探す/4.3.Sparse retrieval.md,135,135,学習型疎検索は、学習済みモデルが語彙ごとの重みや展開語を予測し、疎な検索表現を作ります。,general_technical_claim,yes,技術の性質・機構を説明する外部検証可能な記述,,,,,0,uncovered,machine_mapped_requires_human_confirmation,Lean 4は台帳整合性を証明する。資料が当該センテンスを意味的に十分支持するかは人手レビュー境界。
SENT-1798,PAR-0808,4.3.5,4,docs/4.質問に合う根拠を探す/4.3.Sparse retrieval.md,146,146,展開語が増えると転置インデックスの容量と検索処理量が増えます。,general_technical_claim,yes,技術の性質・機構を説明する外部検証可能な記述,,,,,0,uncovered,machine_mapped_requires_human_confirmation,Lean 4は台帳整合性を証明する。資料が当該センテンスを意味的に十分支持するかは人手レビュー境界。
SENT-1801,PAR-0809,FILE-INTRO,4,docs/4.質問に合う根拠を探す/4.4.Dense retrieval.md,3,3,密検索（Dense retrieval）は、質問と文書を埋め込みベクトルへ変換し、語が一致しなくても意味的に近い候補を検索します。,general_technical_claim,yes,技術の性質・機構を説明する外部検証可能な記述,,,,,0,uncovered,machine_mapped_requires_human_confirmation,Lean 4は台帳整合性を証明する。資料が当該センテンスを意味的に十分支持するかは人手レビュー境界。
SENT-1806,PAR-0811,4.4.1,4,docs/4.質問に合う根拠を探す/4.4.Dense retrieval.md,12,12,図3-3は、文章を埋め込みベクトルへ変換し、質問に近い関連文書と遠い無関係文書を二次元の模式図で示しています。,general_technical_claim,yes,技術の性質・機構を説明する外部検証可能な記述,,,,,0,uncovered,machine_mapped_requires_human_confirmation,Lean 4は台帳整合性を証明する。資料が当該センテンスを意味的に十分支持するかは人手レビュー境界。
SENT-1807,PAR-0811,4.4.1,4,docs/4.質問に合う根拠を探す/4.4.Dense retrieval.md,13,13,本節の図4-5は、そのベクトル空間を使って質問と文書を別々に符号化し、近い候補を取得する処理の流れに焦点を当てます。,general_technical_claim,yes,技術の性質・機構を説明する外部検証可能な記述,,,,,0,uncovered,machine_mapped_requires_human_confirmation,Lean 4は台帳整合性を証明する。資料が当該センテンスを意味的に十分支持するかは人手レビュー境界。
SENT-1812,PAR-0814,4.4.1,4,docs/4.質問に合う根拠を探す/4.4.Dense retrieval.md,21,21,二塔型符号化器（Bi-encoder）は、質問と文書を別々にベクトルへ変換します。,general_technical_claim,yes,技術の性質・機構を説明する外部検証可能な記述,,,,,0,uncovered,machine_mapped_requires_human_confirmation,Lean 4は台帳整合性を証明する。資料が当該センテンスを意味的に十分支持するかは人手レビュー境界。
SENT-1813,PAR-0814,4.4.1,4,docs/4.質問に合う根拠を探す/4.4.Dense retrieval.md,22,22,文書ベクトルを事前に計算してインデックスへ保存し、質問時には質問ベクトルだけを作って近傍検索できます。,general_technical_claim,yes,技術の性質・機構を説明する外部検証可能な記述,,,,,0,uncovered,machine_mapped_requires_human_confirmation,Lean 4は台帳整合性を証明する。資料が当該センテンスを意味的に十分支持するかは人手レビュー境界。
SENT-1826,PAR-0822,4.4.2,4,docs/4.質問に合う根拠を探す/4.4.Dense retrieval.md,47,47,旧版と新版、言い換えた同じ根拠、同一文書の隣接チャンクを誤って負例にすると、必要な近傍を遠ざけます。,general_technical_claim,yes,技術の性質・機構を説明する外部検証可能な記述,,,,,0,uncovered,machine_mapped_requires_human_confirmation,Lean 4は台帳整合性を証明する。資料が当該センテンスを意味的に十分支持するかは人手レビュー境界。
SENT-1841,PAR-0827,4.4.3,4,docs/4.質問に合う根拠を探す/4.4.Dense retrieval.md,69,69,同じモデルでも、接頭辞、文字列を処理単位へ分ける機能（トークン化器）、最大長、切り捨て、正規化が違えば順位が変わります。,general_technical_claim,yes,技術の性質・機構を説明する外部検証可能な記述,,,,,0,uncovered,machine_mapped_requires_human_confirmation,Lean 4は台帳整合性を証明する。資料が当該センテンスを意味的に十分支持するかは人手レビュー境界。
SENT-1842,PAR-0828,4.4.3,4,docs/4.質問に合う根拠を探す/4.4.Dense retrieval.md,71,71,モデルID、モデルの版、質問・文書接頭辞、トークン化器、最大長、正規化、距離尺度を一つの版契約にします。,general_technical_claim,yes,技術の性質・機構を説明する外部検証可能な記述,,,,,0,uncovered,machine_mapped_requires_human_confirmation,Lean 4は台帳整合性を証明する。資料が当該センテンスを意味的に十分支持するかは人手レビュー境界。
SENT-1847,PAR-0830,4.4.3,4,docs/4.質問に合う根拠を探す/4.4.Dense retrieval.md,78,78,代表的な比較方法は、コサイン類似度、内積、ユークリッド距離です。,general_technical_claim,yes,技術の性質・機構を説明する外部検証可能な記述,,,,,0,uncovered,machine_mapped_requires_human_confirmation,Lean 4は台帳整合性を証明する。資料が当該センテンスを意味的に十分支持するかは人手レビュー境界。
SENT-1848,PAR-0830,4.4.3,4,docs/4.質問に合う根拠を探す/4.4.Dense retrieval.md,79,79,コサイン類似度は方向、内積は方向と大きさ、ユークリッド距離は点間の距離を利用します。,general_technical_claim,yes,技術の性質・機構を説明する外部検証可能な記述,,,,,0,uncovered,machine_mapped_requires_human_confirmation,Lean 4は台帳整合性を証明する。資料が当該センテンスを意味的に十分支持するかは人手レビュー境界。
SENT-1855,PAR-0833,4.4.3,4,docs/4.質問に合う根拠を探す/4.4.Dense retrieval.md,89,89,アルゴリズム図A5は、三つの尺度が同じベクトルを異なる観点で比べることを示します。,general_technical_claim,yes,技術の性質・機構を説明する外部検証可能な記述,,,,,0,uncovered,machine_mapped_requires_human_confirmation,Lean 4は台帳整合性を証明する。資料が当該センテンスを意味的に十分支持するかは人手レビュー境界。
SENT-1857,PAR-0835,4.4.3,4,docs/4.質問に合う根拠を探す/4.4.Dense retrieval.md,94,94,アルゴリズム図A5 コサイン類似度・内積・L2距離が比較する対象,general_technical_claim,yes,技術の性質・機構を説明する外部検証可能な記述,,,,,0,uncovered,machine_mapped_requires_human_confirmation,Lean 4は台帳整合性を証明する。資料が当該センテンスを意味的に十分支持するかは人手レビュー境界。
SENT-1859,PAR-0836,4.4.4,4,docs/4.質問に合う根拠を探す/4.4.Dense retrieval.md,99,99,文書数が増えると計算量が大きくなるため、ANN検索で探索範囲を絞ります。,general_technical_claim,yes,技術の性質・機構を説明する外部検証可能な記述,,,,,0,uncovered,machine_mapped_requires_human_confirmation,Lean 4は台帳整合性を証明する。資料が当該センテンスを意味的に十分支持するかは人手レビュー境界。
SENT-1860,PAR-0837,4.4.4,4,docs/4.質問に合う根拠を探す/4.4.Dense retrieval.md,101,101,アルゴリズム図A6は、exact k-NNが全件を比較するのに対し、ANNが索引で候補を絞ってから一部を比較する違いを示します。,general_technical_claim,yes,技術の性質・機構を説明する外部検証可能な記述,,,,,0,uncovered,machine_mapped_requires_human_confirmation,Lean 4は台帳整合性を証明する。資料が当該センテンスを意味的に十分支持するかは人手レビュー境界。
SENT-1862,PAR-0839,4.4.4,4,docs/4.質問に合う根拠を探す/4.4.Dense retrieval.md,106,106,アルゴリズム図A6 exact k-NNとANNの探索範囲の違い,general_technical_claim,yes,技術の性質・機構を説明する外部検証可能な記述,,,,,0,uncovered,machine_mapped_requires_human_confirmation,Lean 4は台帳整合性を証明する。資料が当該センテンスを意味的に十分支持するかは人手レビュー境界。
SENT-1872,PAR-0845,4.4.4,4,docs/4.質問に合う根拠を探す/4.4.Dense retrieval.md,123,123,ANN検索は近似であるため、候補数を増やすだけでなく、一部の質問について完全探索と結果を比べる必要があります。,general_technical_claim,yes,技術の性質・機構を説明する外部検証可能な記述,,,,,0,uncovered,machine_mapped_requires_human_confirmation,Lean 4は台帳整合性を証明する。資料が当該センテンスを意味的に十分支持するかは人手レビュー境界。
SENT-1889,PAR-0852,4.4.5,4,docs/4.質問に合う根拠を探す/4.4.Dense retrieval.md,149,149,単一ベクトルより保存容量と質問時の計算量が増えます。,general_technical_claim,yes,技術の性質・機構を説明する外部検証可能な記述,,,,,0,uncovered,machine_mapped_requires_human_confirmation,Lean 4は台帳整合性を証明する。資料が当該センテンスを意味的に十分支持するかは人手レビュー境界。
SENT-1895,PAR-0855,4.4.5,4,docs/4.質問に合う根拠を探す/4.4.Dense retrieval.md,158,158,複数ベクトルの結果を文書候補へまとめる方法によって順位が変わります。,general_technical_claim,yes,技術の性質・機構を説明する外部検証可能な記述,,,,,0,uncovered,machine_mapped_requires_human_confirmation,Lean 4は台帳整合性を証明する。資料が当該センテンスを意味的に十分支持するかは人手レビュー境界。
SENT-1905,PAR-0859,FILE-INTRO,4,docs/4.質問に合う根拠を探す/4.5.Hybrid retrieval.md,3,3,疎検索と密検索など複数のretrieverが返す候補を、定義済みの統合規則で一つの順位へまとめる処理をhybrid retrievalとします。,general_technical_claim,yes,技術の性質・機構を説明する外部検証可能な記述,,,,,0,uncovered,machine_mapped_requires_human_confirmation,Lean 4は台帳整合性を証明する。資料が当該センテンスを意味的に十分支持するかは人手レビュー境界。
SENT-1912,PAR-0862,4.5.1,4,docs/4.質問に合う根拠を探す/4.5.Hybrid retrieval.md,15,15,この論文の評価結果を適用できる範囲は、論文が用いたTREC文書集合と質問集合です。,empirical_or_research_claim,yes,研究結果・定量値・提案内容を記述,,,,,0,uncovered,machine_mapped_requires_human_confirmation,Lean 4は台帳整合性を証明する。資料が当該センテンスを意味的に十分支持するかは人手レビュー境界。
SENT-1920,PAR-0866,4.5.1,4,docs/4.質問に合う根拠を探す/4.5.Hybrid retrieval.md,25,25,各検索器を独立して実行し、候補と順位を得ます。,general_technical_claim,yes,技術の性質・機構を説明する外部検証可能な記述,,,,,0,uncovered,machine_mapped_requires_human_confirmation,Lean 4は台帳整合性を証明する。資料が当該センテンスを意味的に十分支持するかは人手レビュー境界。
SENT-1924,PAR-0870,4.5.1,4,docs/4.質問に合う根拠を探す/4.5.Hybrid retrieval.md,29,29,統合候補を必要に応じて再順位付けします。,general_technical_claim,yes,技術の性質・機構を説明する外部検証可能な記述,,,,,0,uncovered,machine_mapped_requires_human_confirmation,Lean 4は台帳整合性を証明する。資料が当該センテンスを意味的に十分支持するかは人手レビュー境界。
SENT-1927,PAR-0872,4.5.2,4,docs/4.質問に合う根拠を探す/4.5.Hybrid retrieval.md,36,36,製品、地域、言語、鮮度などは、利用者が明示したか、モデルが推定したかによって扱いを変えます。,empirical_or_research_claim,yes,研究結果・定量値・提案内容を記述,,,,,0,uncovered,machine_mapped_requires_human_confirmation,Lean 4は台帳整合性を証明する。資料が当該センテンスを意味的に十分支持するかは人手レビュー境界。
SENT-1936,PAR-0875,4.5.3,4,docs/4.質問に合う根拠を探す/4.5.Hybrid retrieval.md,50,50,どの検索器が候補の取得に役立ったかを分析できるよう、発見元を保持します。,general_technical_claim,yes,技術の性質・機構を説明する外部検証可能な記述,,,,,0,uncovered,machine_mapped_requires_human_confirmation,Lean 4は台帳整合性を証明する。資料が当該センテンスを意味的に十分支持するかは人手レビュー境界。
SENT-1947,PAR-0880,4.5.4,4,docs/4.質問に合う根拠を探す/4.5.Hybrid retrieval.md,68,68,検索器間だけでなく、複数の検索文の間の統合にも利用できます。,general_technical_claim,yes,技術の性質・機構を説明する外部検証可能な記述,,,,,0,uncovered,machine_mapped_requires_human_confirmation,Lean 4は台帳整合性を証明する。資料が当該センテンスを意味的に十分支持するかは人手レビュー境界。
SENT-1950,PAR-0881,4.5.4,4,docs/4.質問に合う根拠を探す/4.5.Hybrid retrieval.md,71,71,各検索器が返す深度を先に固定し、同じdocument_id、版、chunk_idの候補を一件へまとめてから寄与を合計します。,general_technical_claim,yes,技術の性質・機構を説明する外部検証可能な記述,,,,,0,uncovered,machine_mapped_requires_human_confirmation,Lean 4は台帳整合性を証明する。資料が当該センテンスを意味的に十分支持するかは人手レビュー境界。
SENT-1953,PAR-0882,4.5.4,4,docs/4.質問に合う根拠を探す/4.5.Hybrid retrieval.md,73,73,たとえば、疎検索がA、B、C、密検索がC、A、Dの順で返し、k=60なら、統合スコアは次のとおりです。,general_technical_claim,yes,技術の性質・機構を説明する外部検証可能な記述,,,,,0,uncovered,machine_mapped_requires_human_confirmation,Lean 4は台帳整合性を証明する。資料が当該センテンスを意味的に十分支持するかは人手レビュー境界。
SENT-1965,PAR-0885,4.5.4,4,docs/4.質問に合う根拠を探す/4.5.Hybrid retrieval.md,87,87,図中の「再ランキング」は本文の「再順位付け」と同じ処理です。,general_technical_claim,yes,技術の性質・機構を説明する外部検証可能な記述,,,,,0,uncovered,machine_mapped_requires_human_confirmation,Lean 4は台帳整合性を証明する。資料が当該センテンスを意味的に十分支持するかは人手レビュー境界。
SENT-1978,PAR-0893,4.5.4,4,docs/4.質問に合う根拠を探す/4.5.Hybrid retrieval.md,110,110,検索モデル、インデックス、文書集合が変わるとスコア分布も変わります。,general_technical_claim,yes,技術の性質・機構を説明する外部検証可能な記述,,,,,0,uncovered,machine_mapped_requires_human_confirmation,Lean 4は台帳整合性を証明する。資料が当該センテンスを意味的に十分支持するかは人手レビュー境界。
SENT-1983,PAR-0895,4.5.4,4,docs/4.質問に合う根拠を探す/4.5.Hybrid retrieval.md,117,117,経路の振り分け処理が誤ると、正しい検索器の候補を減らす可能性があります。,general_technical_claim,yes,技術の性質・機構を説明する外部検証可能な記述,,,,,0,uncovered,machine_mapped_requires_human_confirmation,Lean 4は台帳整合性を証明する。資料が当該センテンスを意味的に十分支持するかは人手レビュー境界。
SENT-1987,PAR-0897,4.5.5,4,docs/4.質問に合う根拠を探す/4.5.Hybrid retrieval.md,125,125,三つの検索文を二つの検索器へ送ると、六つの順位一覧が生まれます。,general_technical_claim,yes,技術の性質・機構を説明する外部検証可能な記述,,,,,0,uncovered,machine_mapped_requires_human_confirmation,Lean 4は台帳整合性を証明する。資料が当該センテンスを意味的に十分支持するかは人手レビュー境界。
SENT-1991,PAR-0899,4.5.5,4,docs/4.質問に合う根拠を探す/4.5.Hybrid retrieval.md,131,131,検索文数、検索器数、各候補数の積を処理予算として監視します。,general_technical_claim,yes,技術の性質・機構を説明する外部検証可能な記述,,,,,0,uncovered,machine_mapped_requires_human_confirmation,Lean 4は台帳整合性を証明する。資料が当該センテンスを意味的に十分支持するかは人手レビュー境界。
SENT-1993,PAR-0900,4.5.6,4,docs/4.質問に合う根拠を探す/4.5.Hybrid retrieval.md,136,136,複数の順位一覧を候補IDで結合し、統合scoreと最終rankを付ける処理を順位統合と定義します。,general_technical_claim,yes,技術の性質・機構を説明する外部検証可能な記述,,,,,0,uncovered,machine_mapped_requires_human_confirmation,Lean 4は台帳整合性を証明する。資料が当該センテンスを意味的に十分支持するかは人手レビュー境界。
SENT-1995,PAR-0900,4.5.6,4,docs/4.質問に合う根拠を探す/4.5.Hybrid retrieval.md,138,138,再順位付けは、質問と各候補を同時に入力し、候補間の順序をより精密に見直します。,general_technical_claim,yes,技術の性質・機構を説明する外部検証可能な記述,,,,,0,uncovered,machine_mapped_requires_human_confirmation,Lean 4は台帳整合性を証明する。資料が当該センテンスを意味的に十分支持するかは人手レビュー境界。
SENT-2007,PAR-0906,4.6.1,4,docs/4.質問に合う根拠を探す/4.6.Retrieval-time filtering.md,14,14,filterでeligible candidateが少なくなると、filter付きANNがgold candidateを探索できずRecallを落とす場合があります。,general_technical_claim,yes,技術の性質・機構を説明する外部検証可能な記述,,,,,0,uncovered,machine_mapped_requires_human_confirmation,Lean 4は台帳整合性を証明する。資料が当該センテンスを意味的に十分支持するかは人手レビュー境界。
SENT-2013,PAR-0908,4.6.1,4,docs/4.質問に合う根拠を探す/4.6.Retrieval-time filtering.md,22,22,条件付きANNは認可済み候補内の探索にだけ使い、認可ruleはidentityとpolicy storeで別に決定します。,general_technical_claim,yes,技術の性質・機構を説明する外部検証可能な記述,,,,,0,uncovered,machine_mapped_requires_human_confirmation,Lean 4は台帳整合性を証明する。資料が当該センテンスを意味的に十分支持するかは人手レビュー境界。
SENT-2033,PAR-0916,4.6.3,4,docs/4.質問に合う根拠を探す/4.6.Retrieval-time filtering.md,54,54,小さい認可済み集合に対するANNは完全探索をbaselineにし、filter選択率ごとのRecall低下を監視します。,general_technical_claim,yes,技術の性質・機構を説明する外部検証可能な記述,,,,,0,uncovered,machine_mapped_requires_human_confirmation,Lean 4は台帳整合性を証明する。資料が当該センテンスを意味的に十分支持するかは人手レビュー境界。
SENT-2047,PAR-0922,4.6.4,4,docs/4.質問に合う根拠を探す/4.6.Retrieval-time filtering.md,75,75,検索器ごとの検索文、フィルター、候補数,general_technical_claim,yes,技術の性質・機構を説明する外部検証可能な記述,,,,,0,uncovered,machine_mapped_requires_human_confirmation,Lean 4は台帳整合性を証明する。資料が当該センテンスを意味的に十分支持するかは人手レビュー境界。
SENT-2051,PAR-0926,4.6.4,4,docs/4.質問に合う根拠を探す/4.6.Retrieval-time filtering.md,79,79,統合後順位と再順位付け前後の順位,general_technical_claim,yes,技術の性質・機構を説明する外部検証可能な記述,,,,,0,uncovered,machine_mapped_requires_human_confirmation,Lean 4は台帳整合性を証明する。資料が当該センテンスを意味的に十分支持するかは人手レビュー境界。
SENT-2089,PAR-0943,INTRO-4,4,docs/4.質問に合う根拠を探す/序文.md,5,5,この章を読むと決められること：質問をどう解釈し、どの検索器、filter、統合方式で候補を集めるかを決められます。,general_technical_claim,yes,技術の性質・機構を説明する外部検証可能な記述,,,,,0,uncovered,machine_mapped_requires_human_confirmation,Lean 4は台帳整合性を証明する。資料が当該センテンスを意味的に十分支持するかは人手レビュー境界。
SENT-2130,PAR-0961,5.1.2,5,docs/5.根拠を選別・整形する/5.1.Candidate正規化と絞り込み.md,54,54,filter対象が全体の1%となる条件を含め、通常のANNグラフが条件外の近傍をたどって必要件数を満たせない頻度を、filter選択率ごとに測定します。,empirical_or_research_claim,yes,研究結果・定量値・提案内容を記述,,,,,0,uncovered,machine_mapped_requires_human_confirmation,Lean 4は台帳整合性を証明する。資料が当該センテンスを意味的に十分支持するかは人手レビュー境界。
SENT-2134,PAR-0963,5.1.2,5,docs/5.根拠を選別・整形する/5.1.Candidate正規化と絞り込み.md,60,60,検索深度、候補を必要数より多めに取得する方法、条件に対応したANN検索、インデックス分割、完全探索への代替を検討します。,general_technical_claim,yes,技術の性質・機構を説明する外部検証可能な記述,,,,,0,uncovered,machine_mapped_requires_human_confirmation,Lean 4は台帳整合性を証明する。資料が当該センテンスを意味的に十分支持するかは人手レビュー境界。
SENT-2192,PAR-0991,5.2.2,5,docs/5.根拠を選別・整形する/5.2.重複排除とDiversity.md,42,42,コサイン類似度だけで自動的に重複削除せず、出典IDと文面一致も併用し、閾値近傍の候補は確認対象にします。,general_technical_claim,yes,技術の性質・機構を説明する外部検証可能な記述,,,,,0,uncovered,machine_mapped_requires_human_confirmation,Lean 4は台帳整合性を証明する。資料が当該センテンスを意味的に十分支持するかは人手レビュー境界。
SENT-2201,PAR-0995,5.2.2,5,docs/5.根拠を選別・整形する/5.2.重複排除とDiversity.md,55,55,親子検索では、複数の子チャンクが同じ親へ展開された時点で、その親を一件にまとめます。,general_technical_claim,yes,技術の性質・機構を説明する外部検証可能な記述,,,,,0,uncovered,machine_mapped_requires_human_confirmation,Lean 4は台帳整合性を証明する。資料が当該センテンスを意味的に十分支持するかは人手レビュー境界。
SENT-2226,PAR-1006,5.2.5,5,docs/5.根拠を選別・整形する/5.2.重複排除とDiversity.md,97,97,代表chunkへ統合した後も全source_idと原文spanを保持し、citationで各出所へ戻れるようにします。,general_technical_claim,yes,技術の性質・機構を説明する外部検証可能な記述,,,,,0,uncovered,machine_mapped_requires_human_confirmation,Lean 4は台帳整合性を証明する。資料が当該センテンスを意味的に十分支持するかは人手レビュー境界。
SENT-2236,PAR-1010,5.3.1,5,docs/5.根拠を選別・整形する/5.3.Reranking.md,8,8,順位統合（Rank fusion）は、複数の検索器や検索文が返した順位一覧を統合します。,general_technical_claim,yes,技術の性質・機構を説明する外部検証可能な記述,,,,,0,uncovered,machine_mapped_requires_human_confirmation,Lean 4は台帳整合性を証明する。資料が当該センテンスを意味的に十分支持するかは人手レビュー境界。
SENT-2237,PAR-1010,5.3.1,5,docs/5.根拠を選別・整形する/5.3.Reranking.md,9,9,再順位付けは、質問と候補本文を改めて読み、関連性を再判定します。,general_technical_claim,yes,技術の性質・機構を説明する外部検証可能な記述,,,,,0,uncovered,machine_mapped_requires_human_confirmation,Lean 4は台帳整合性を証明する。資料が当該センテンスを意味的に十分支持するかは人手レビュー境界。
SENT-2249,PAR-1015,5.3.1,5,docs/5.根拠を選別・整形する/5.3.Reranking.md,26,26,日本語、専門用語、長文を含む業務の正解集合で、順位品質と、要求の95%が収まる応答時間（95パーセンタイル）を測ります。,empirical_or_research_claim,yes,研究結果・定量値・提案内容を記述,,,,,0,uncovered,machine_mapped_requires_human_confirmation,Lean 4は台帳整合性を証明する。資料が当該センテンスを意味的に十分支持するかは人手レビュー境界。
SENT-2252,PAR-1016,5.3.1,5,docs/5.根拠を選別・整形する/5.3.Reranking.md,30,30,どの方式でも、第一段階の候補に入らなかった根拠は再順位付けだけでは回復できません。,general_technical_claim,yes,技術の性質・機構を説明する外部検証可能な記述,,,,,0,uncovered,machine_mapped_requires_human_confirmation,Lean 4は台帳整合性を証明する。資料が当該センテンスを意味的に十分支持するかは人手レビュー境界。
SENT-2253,PAR-1018,5.3.1,5,docs/5.根拠を選別・整形する/5.3.Reranking.md,34,34,アルゴリズム図A9 候補取得と再順位付けで用いるモデルの違い,general_technical_claim,yes,技術の性質・機構を説明する外部検証可能な記述,,,,,0,uncovered,machine_mapped_requires_human_confirmation,Lean 4は台帳整合性を証明する。資料が当該センテンスを意味的に十分支持するかは人手レビュー境界。
SENT-2254,PAR-1019,5.3.2,5,docs/5.根拠を選別・整形する/5.3.Reranking.md,38,38,再順位付けの判定方法は、候補を比較する単位で分けられます。,general_technical_claim,yes,技術の性質・機構を説明する外部検証可能な記述,,,,,0,uncovered,machine_mapped_requires_human_confirmation,Lean 4は台帳整合性を証明する。資料が当該センテンスを意味的に十分支持するかは人手レビュー境界。
SENT-2272,PAR-1028,5.3.2,5,docs/5.根拠を選別・整形する/5.3.Reranking.md,62,62,一方で、候補本文に埋め込まれた命令によってLLMを誤操作するプロンプトインジェクションの影響も受けます。,general_technical_claim,yes,技術の性質・機構を説明する外部検証可能な記述,,,,,0,uncovered,machine_mapped_requires_human_confirmation,Lean 4は台帳整合性を証明する。資料が当該センテンスを意味的に十分支持するかは人手レビュー境界。
SENT-2284,PAR-1034,5.3.3,5,docs/5.根拠を選別・整形する/5.3.Reranking.md,82,82,候補取得 N件 → 結果統合 → 必須フィルターの再確認 → 再順位付け → K件選択,general_technical_claim,yes,技術の性質・機構を説明する外部検証可能な記述,,,,,0,uncovered,machine_mapped_requires_human_confirmation,Lean 4は台帳整合性を証明する。資料が当該センテンスを意味的に十分支持するかは人手レビュー境界。
SENT-2285,PAR-1035,5.3.3,5,docs/5.根拠を選別・整形する/5.3.Reranking.md,84,84,ここで、Nは最初に取得する候補数、Kは再順位付け後に残す件数です。,general_technical_claim,yes,技術の性質・機構を説明する外部検証可能な記述,,,,,0,uncovered,machine_mapped_requires_human_confirmation,Lean 4は台帳整合性を証明する。資料が当該センテンスを意味的に十分支持するかは人手レビュー境界。
SENT-2290,PAR-1036,5.3.3,5,docs/5.根拠を選別・整形する/5.3.Reranking.md,90,90,一時保存の識別子には質問、候補本文の版、再順位付け器の版を含めます。,general_technical_claim,yes,技術の性質・機構を説明する外部検証可能な記述,,,,,0,uncovered,machine_mapped_requires_human_confirmation,Lean 4は台帳整合性を証明する。資料が当該センテンスを意味的に十分支持するかは人手レビュー境界。
SENT-2307,PAR-1044,5.3.4,5,docs/5.根拠を選別・整形する/5.3.Reranking.md,117,117,再順位付け前後の正解順位,general_technical_claim,yes,技術の性質・機構を説明する外部検証可能な記述,,,,,0,uncovered,machine_mapped_requires_human_confirmation,Lean 4は台帳整合性を証明する。資料が当該センテンスを意味的に十分支持するかは人手レビュー境界。
SENT-2329,PAR-1057,5.4.2,5,docs/5.根拠を選別・整形する/5.4.Context compression.md,27,27,要約型圧縮は、長いチャンクまたは複数文書を生成モデルで短い文章へ変換します。,general_technical_claim,yes,技術の性質・機構を説明する外部検証可能な記述,,,,,0,uncovered,machine_mapped_requires_human_confirmation,Lean 4は台帳整合性を証明する。資料が当該センテンスを意味的に十分支持するかは人手レビュー境界。
SENT-2348,PAR-1065,5.4.2,5,docs/5.根拠を選別・整形する/5.4.Context compression.md,54,54,圧縮結果は質問に依存します。,empirical_or_research_claim,yes,研究結果・定量値・提案内容を記述,,,,,0,uncovered,machine_mapped_requires_human_confirmation,Lean 4は台帳整合性を証明する。資料が当該センテンスを意味的に十分支持するかは人手レビュー境界。
SENT-2361,PAR-1070,5.4.3,5,docs/5.根拠を選別・整形する/5.4.Context compression.md,74,74,圧縮項目へ、文書・チャンクID、ページ、原文範囲、圧縮器版を付けます。,general_technical_claim,yes,技術の性質・機構を説明する外部検証可能な記述,,,,,0,uncovered,machine_mapped_requires_human_confirmation,Lean 4は台帳整合性を証明する。資料が当該センテンスを意味的に十分支持するかは人手レビュー境界。
SENT-2377,PAR-1076,FILE-INTRO,5,docs/5.根拠を選別・整形する/5.5.Evidence Set設計.md,5,5,本節では、Evidence unitの粒度、根拠の役割、citation payload、十分性、後段へ渡すschemaを定めます。,general_technical_claim,yes,技術の性質・機構を説明する外部検証可能な記述,,,,,0,uncovered,machine_mapped_requires_human_confirmation,Lean 4は台帳整合性を証明する。資料が当該センテンスを意味的に十分支持するかは人手レビュー境界。
SENT-2461,PAR-1117,5.6.4,5,docs/5.根拠を選別・整形する/5.6.Context packing.md,76,76,token上限超過時は末尾を文字数で切らず、文、表、code block、citation IDの境界単位で削減します。,general_technical_claim,yes,技術の性質・機構を説明する外部検証可能な記述,,,,,0,uncovered,machine_mapped_requires_human_confirmation,Lean 4は台帳整合性を証明する。資料が当該センテンスを意味的に十分支持するかは人手レビュー境界。
SENT-2592,PAR-1179,6.1.2,6,docs/6.根拠に基づいて回答する/6.1.Grounded prompt.md,30,30,各項目には、引用ID、文書・チャンクID、文書名、ページ、節、版、有効日、根拠の役割を付けます。,general_technical_claim,yes,技術の性質・機構を説明する外部検証可能な記述,,,,,0,uncovered,machine_mapped_requires_human_confirmation,Lean 4は台帳整合性を証明する。資料が当該センテンスを意味的に十分支持するかは人手レビュー境界。
SENT-2636,PAR-1199,6.2.3,6,docs/6.根拠に基づいて回答する/6.2.回答形式設計.md,19,19,完全回答と部分回答では、各claimにEvidence Set内のcitation IDを一件以上付けます。,general_technical_claim,yes,技術の性質・機構を説明する外部検証可能な記述,,,,,0,uncovered,machine_mapped_requires_human_confirmation,Lean 4は台帳整合性を証明する。資料が当該センテンスを意味的に十分支持するかは人手レビュー境界。
SENT-2637,PAR-1200,6.2.3,6,docs/6.根拠に基づいて回答する/6.2.回答形式設計.md,95,95,schema検証だけでは、citation IDが実在するか、claimを根拠が支持するか、必要な論点を覆ったかは分かりません。,general_technical_claim,yes,技術の性質・機構を説明する外部検証可能な記述,,,,,0,uncovered,machine_mapped_requires_human_confirmation,Lean 4は台帳整合性を証明する。資料が当該センテンスを意味的に十分支持するかは人手レビュー境界。
SENT-2691,PAR-1222,FILE-INTRO,6,docs/6.根拠に基づいて回答する/6.4.Citation設計.md,3,3,Citationは、回答中のclaimを、回答時に利用した原文へ戻すための契約です。,general_technical_claim,yes,技術の性質・機構を説明する外部検証可能な記述,,,,,0,uncovered,machine_mapped_requires_human_confirmation,Lean 4は台帳整合性を証明する。資料が当該センテンスを意味的に十分支持するかは人手レビュー境界。
SENT-2693,PAR-1223,FILE-INTRO,6,docs/6.根拠に基づいて回答する/6.4.Citation設計.md,5,5,本節ではcitation ID、sourceと引用範囲、correctnessとcompleteness、UI（User Interface、利用者インターフェース）表示、監査記録を一体として設計します。,general_technical_claim,yes,技術の性質・機構を説明する外部検証可能な記述,,,,,0,uncovered,machine_mapped_requires_human_confirmation,Lean 4は台帳整合性を証明する。資料が当該センテンスを意味的に十分支持するかは人手レビュー境界。
SENT-2757,PAR-1253,6.5.2,6,docs/6.根拠に基づいて回答する/6.5.複数根拠の統合.md,32,32,回答の各段落またはclaimについて、採用したEvidence unitとcitationを対応付けます。,general_technical_claim,yes,技術の性質・機構を説明する外部検証可能な記述,,,,,0,uncovered,machine_mapped_requires_human_confirmation,Lean 4は台帳整合性を証明する。資料が当該センテンスを意味的に十分支持するかは人手レビュー境界。
SENT-2872,PAR-1305,7.1.1,7,docs/7.品質を評価し改善する/7.1.評価設計の全体像.md,9,9,文書を取得できたか、正解箇所を含むチャンクを取得できたか、回答中の主張を根拠が支えているか、利用者が業務を完了できたかは、それぞれ別の評価です。,general_technical_claim,yes,技術の性質・機構を説明する外部検証可能な記述,,,,,0,uncovered,machine_mapped_requires_human_confirmation,Lean 4は台帳整合性を証明する。資料が当該センテンスを意味的に十分支持するかは人手レビュー境界。
SENT-2878,PAR-1308,7.1.1,7,docs/7.品質を評価し改善する/7.1.評価設計の全体像.md,19,19,| チャンク | 検索用に分割した文章 | 回答に必要な段落を含むか |,general_technical_claim,yes,技術の性質・機構を説明する外部検証可能な記述,,,,,0,uncovered,machine_mapped_requires_human_confirmation,Lean 4は台帳整合性を証明する。資料が当該センテンスを意味的に十分支持するかは人手レビュー境界。
SENT-2894,PAR-1316,7.1.2,7,docs/7.品質を評価し改善する/7.1.評価設計の全体像.md,42,42,埋め込み生成とインデックス登録の失敗件数,general_technical_claim,yes,技術の性質・機構を説明する外部検証可能な記述,,,,,0,uncovered,machine_mapped_requires_human_confirmation,Lean 4は台帳整合性を証明する。資料が当該センテンスを意味的に十分支持するかは人手レビュー境界。
SENT-2900,PAR-1320,7.1.2,7,docs/7.品質を評価し改善する/7.1.評価設計の全体像.md,50,50,これまで「検索再現率」「必要根拠の回収率」と表現した値は、ここで定義するRecall@k系の指標です。,general_technical_claim,yes,技術の性質・機構を説明する外部検証可能な記述,,,,,0,uncovered,machine_mapped_requires_human_confirmation,Lean 4は台帳整合性を証明する。資料が当該センテンスを意味的に十分支持するかは人手レビュー境界。
SENT-2906,PAR-1323,7.1.2,7,docs/7.品質を評価し改善する/7.1.評価設計の全体像.md,60,60,| Recall@k | 正解集合のうち上位k件で回収した割合 | 根拠の取りこぼし確認 |,general_technical_claim,yes,技術の性質・機構を説明する外部検証可能な記述,,,,,0,uncovered,machine_mapped_requires_human_confirmation,Lean 4は台帳整合性を証明する。資料が当該センテンスを意味的に十分支持するかは人手レビュー境界。
SENT-2908,PAR-1323,7.1.2,7,docs/7.品質を評価し改善する/7.1.評価設計の全体像.md,62,62,| MRR（Mean Reciprocal Rank、平均逆順位） | 最初の正解順位の逆数の平均 | 最初の有用な根拠までの近さ |,general_technical_claim,yes,技術の性質・機構を説明する外部検証可能な記述,,,,,0,uncovered,machine_mapped_requires_human_confirmation,Lean 4は台帳整合性を証明する。資料が当該センテンスを意味的に十分支持するかは人手レビュー境界。
SENT-2952,PAR-1347,7.1.4,7,docs/7.品質を評価し改善する/7.1.評価設計の全体像.md,125,125,結果を見た後だけ都合のよい切り分けを増やすと、偶然の差を改善と誤認しやすくなります。,empirical_or_research_claim,yes,研究結果・定量値・提案内容を記述,,,,,0,uncovered,machine_mapped_requires_human_confirmation,Lean 4は台帳整合性を証明する。資料が当該センテンスを意味的に十分支持するかは人手レビュー境界。
SENT-2969,PAR-1355,7.1.5,7,docs/7.品質を評価し改善する/7.1.評価設計の全体像.md,152,152,評価表は行ごとに独立した受入条件として読み、改善目標だけでなく品質、安全性、性能、費用の必須条件をすべて満たした場合に合格とします。,empirical_or_research_claim,yes,研究結果・定量値・提案内容を記述,,,,,0,uncovered,machine_mapped_requires_human_confirmation,Lean 4は台帳整合性を証明する。資料が当該センテンスを意味的に十分支持するかは人手レビュー境界。
SENT-2982,PAR-1360,FILE-INTRO,7,docs/7.品質を評価し改善する/7.10.改善ループ.md,3,3,評価結果は、scoreの順位表ではなく、どのlayerをどの順序で直すかを決める材料です。,empirical_or_research_claim,yes,研究結果・定量値・提案内容を記述,,,,,0,uncovered,machine_mapped_requires_human_confirmation,Lean 4は台帳整合性を証明する。資料が当該センテンスを意味的に十分支持するかは人手レビュー境界。
SENT-2987,PAR-1362,7.10.1,7,docs/7.品質を評価し改善する/7.10.改善ループ.md,9,9,構成要素を一つずつ外して効果を比べる実験を、アブレーションと呼びます。,empirical_or_research_claim,yes,研究結果・定量値・提案内容を記述,,,,,0,uncovered,machine_mapped_requires_human_confirmation,Lean 4は台帳整合性を証明する。資料が当該センテンスを意味的に十分支持するかは人手レビュー境界。
SENT-2988,PAR-1362,7.10.1,7,docs/7.品質を評価し改善する/7.10.改善ループ.md,10,10,改善実験では解析器、chunking、embedding、retriever、reranker、promptの変更を一度に一項目へ限定し、改善または悪化の原因を追跡します。,empirical_or_research_claim,yes,研究結果・定量値・提案内容を記述,,,,,0,uncovered,machine_mapped_requires_human_confirmation,Lean 4は台帳整合性を証明する。資料が当該センテンスを意味的に十分支持するかは人手レビュー境界。
SENT-2999,PAR-1366,7.10.2,7,docs/7.品質を評価し改善する/7.10.改善ループ.md,23,23,改善内容と採用しなかった選択肢を記録します。,empirical_or_research_claim,yes,研究結果・定量値・提案内容を記述,,,,,0,uncovered,machine_mapped_requires_human_confirmation,Lean 4は台帳整合性を証明する。資料が当該センテンスを意味的に十分支持するかは人手レビュー境界。
SENT-3002,PAR-1368,FILE-INTRO,7,docs/7.品質を評価し改善する/7.2.評価データセット.md,3,3,評価データセットは、RAGの変更前後を同じ条件で比較し、どのfailureが改善または悪化したかを再現するための基準です。,empirical_or_research_claim,yes,研究結果・定量値・提案内容を記述,,,,,0,uncovered,machine_mapped_requires_human_confirmation,Lean 4は台帳整合性を証明する。資料が当該センテンスを意味的に十分支持するかは人手レビュー境界。
SENT-3048,PAR-1389,7.2.3,7,docs/7.品質を評価し改善する/7.2.評価データセット.md,76,76,実データと合成データの結果は分けて表示します。,empirical_or_research_claim,yes,研究結果・定量値・提案内容を記述,,,,,0,uncovered,machine_mapped_requires_human_confirmation,Lean 4は台帳整合性を証明する。資料が当該センテンスを意味的に十分支持するかは人手レビュー境界。
SENT-3099,PAR-1411,7.3.4,7,docs/7.品質を評価し改善する/7.3.Pre-retrieval・Batch評価.md,65,65,欠損件数と、欠損により正解根拠が除外された件数を別々に報告します。,empirical_or_research_claim,yes,研究結果・定量値・提案内容を記述,,,,,0,uncovered,machine_mapped_requires_human_confirmation,Lean 4は台帳整合性を証明する。資料が当該センテンスを意味的に十分支持するかは人手レビュー境界。
SENT-3111,PAR-1417,7.3.5,7,docs/7.品質を評価し改善する/7.3.Pre-retrieval・Batch評価.md,85,85,ゼロベクトル、非数、次元の混在、空文字入力を構築時に検出します。,general_technical_claim,yes,技術の性質・機構を説明する外部検証可能な記述,,,,,0,uncovered,machine_mapped_requires_human_confirmation,Lean 4は台帳整合性を証明する。資料が当該センテンスを意味的に十分支持するかは人手レビュー境界。
SENT-3114,PAR-1418,7.3.5,7,docs/7.品質を評価し改善する/7.3.Pre-retrieval・Batch評価.md,89,89,インデックス構築では、文書、チャンク、ベクトル、メタデータの件数をマニフェストと照合します。,general_technical_claim,yes,技術の性質・機構を説明する外部検証可能な記述,,,,,0,uncovered,machine_mapped_requires_human_confirmation,Lean 4は台帳整合性を証明する。資料が当該センテンスを意味的に十分支持するかは人手レビュー境界。
SENT-3116,PAR-1419,7.3.5,7,docs/7.品質を評価し改善する/7.3.Pre-retrieval・Batch評価.md,92,92,ANNはexact nearest-neighbor searchより探索量を減らす代わりに、真のtop candidateを取りこぼす可能性があります。,general_technical_claim,yes,技術の性質・機構を説明する外部検証可能な記述,,,,,0,uncovered,machine_mapped_requires_human_confirmation,Lean 4は台帳整合性を証明する。資料が当該センテンスを意味的に十分支持するかは人手レビュー境界。
SENT-3121,PAR-1421,7.3.6,7,docs/7.品質を評価し改善する/7.3.Pre-retrieval・Batch評価.md,101,101,上流指標の改善だけでは採用せず、同じquestion_idで最終回答の正しさ、根拠支持、回答保留も改善していることを確認します。,empirical_or_research_claim,yes,研究結果・定量値・提案内容を記述,,,,,0,uncovered,machine_mapped_requires_human_confirmation,Lean 4は台帳整合性を証明する。資料が当該センテンスを意味的に十分支持するかは人手レビュー境界。
SENT-3146,PAR-1432,7.4.1,7,docs/7.品質を評価し改善する/7.4.Retrieval評価.md,22,22,関連か無関係かの二値判定は回収確認に、関連度の段階判定はnDCGに使います。,general_technical_claim,yes,技術の性質・機構を説明する外部検証可能な記述,,,,,0,uncovered,machine_mapped_requires_human_confirmation,Lean 4は台帳整合性を証明する。資料が当該センテンスを意味的に十分支持するかは人手レビュー境界。
SENT-3156,PAR-1437,7.4.2,7,docs/7.品質を評価し改善する/7.4.Retrieval評価.md,39,39,最初の正解順位を見るMRR、段階的な関連度と順位を見るnDCG、上位の正解密度を見るPrecision@kを併用します。,general_technical_claim,yes,技術の性質・機構を説明する外部検証可能な記述,,,,,0,uncovered,machine_mapped_requires_human_confirmation,Lean 4は台帳整合性を証明する。資料が当該センテンスを意味的に十分支持するかは人手レビュー境界。
SENT-3167,PAR-1443,7.4.2,7,docs/7.品質を評価し改善する/7.4.Retrieval評価.md,55,55,同じ関連度を理想順へ並べた値をIDCG@k、DCG@k / IDCG@kをnDCG@kとします。,general_technical_claim,yes,技術の性質・機構を説明する外部検証可能な記述,,,,,0,uncovered,machine_mapped_requires_human_confirmation,Lean 4は台帳整合性を証明する。資料が当該センテンスを意味的に十分支持するかは人手レビュー境界。
SENT-3169,PAR-1444,7.4.2,7,docs/7.品質を評価し改善する/7.4.Retrieval評価.md,57,57,"理想順[2, 1, 1, 0, 0]のIDCG@5は3/1 + 1/log2(3) + 1/2 = 4.1309なので、nDCG@5は0.9409です。",general_technical_claim,yes,技術の性質・機構を説明する外部検証可能な記述,,,,,0,uncovered,machine_mapped_requires_human_confirmation,Lean 4は台帳整合性を証明する。資料が当該センテンスを意味的に十分支持するかは人手レビュー境界。
SENT-3171,PAR-1445,7.4.2,7,docs/7.品質を評価し改善する/7.4.Retrieval評価.md,59,59,正解根拠が0件の質問はIDCGが0になるため、nDCGを0と定義し、回答不能質問の件数と分けて報告します。,empirical_or_research_claim,yes,研究結果・定量値・提案内容を記述,,,,,0,uncovered,machine_mapped_requires_human_confirmation,Lean 4は台帳整合性を証明する。資料が当該センテンスを意味的に十分支持するかは人手レビュー境界。
SENT-3172,PAR-1445,7.4.2,7,docs/7.品質を評価し改善する/7.4.Retrieval評価.md,59,59,同じ根拠を含む重複チャンクは正本の文書IDと原文スパンで一件へまとめ、最上位の順位だけを使います。,general_technical_claim,yes,技術の性質・機構を説明する外部検証可能な記述,,,,,0,uncovered,machine_mapped_requires_human_confirmation,Lean 4は台帳整合性を証明する。資料が当該センテンスを意味的に十分支持するかは人手レビュー境界。
SENT-3175,PAR-1446,7.4.3,7,docs/7.品質を評価し改善する/7.4.Retrieval評価.md,63,63,retrieverの弱点は識別子、言い換え、複数hop、表、長文のquery slice別にRecallとnDCGを集計して診断します。,general_technical_claim,yes,技術の性質・機構を説明する外部検証可能な記述,,,,,0,uncovered,machine_mapped_requires_human_confirmation,Lean 4は台帳整合性を証明する。資料が当該センテンスを意味的に十分支持するかは人手レビュー境界。
SENT-3240,PAR-1475,7.5.2,7,docs/7.品質を評価し改善する/7.5.Post-retrieval・Evidence評価.md,37,37,関連性や推奨度のフィルターは、品質の改善と正解欠落の均衡で判断します。,empirical_or_research_claim,yes,研究結果・定量値・提案内容を記述,,,,,0,uncovered,machine_mapped_requires_human_confirmation,Lean 4は台帳整合性を証明する。資料が当該センテンスを意味的に十分支持するかは人手レビュー境界。
SENT-3293,PAR-1498,7.5.6,7,docs/7.品質を評価し改善する/7.5.Post-retrieval・Evidence評価.md,120,120,同じ事例を回帰試験へ残し、改善作業と再発防止を結び付けます。,empirical_or_research_claim,yes,研究結果・定量値・提案内容を記述,,,,,0,uncovered,machine_mapped_requires_human_confirmation,Lean 4は台帳整合性を証明する。資料が当該センテンスを意味的に十分支持するかは人手レビュー境界。
SENT-3389,PAR-1545,FILE-INTRO,7,docs/7.品質を評価し改善する/7.7.End-to-end評価.md,4,4,各工程の指標と利用者のタスク達成を結び付け、公開判断と本番改善へつなげます。,empirical_or_research_claim,yes,研究結果・定量値・提案内容を記述,,,,,0,uncovered,machine_mapped_requires_human_confirmation,Lean 4は台帳整合性を証明する。資料が当該センテンスを意味的に十分支持するかは人手レビュー境界。
SENT-3407,PAR-1554,7.7.1,7,docs/7.品質を評価し改善する/7.7.End-to-end評価.md,33,33,平均差、質問ごとの改善と悪化、重要スライス、信頼区間を確認します。,empirical_or_research_claim,yes,研究結果・定量値・提案内容を記述,,,,,0,uncovered,machine_mapped_requires_human_confirmation,Lean 4は台帳整合性を証明する。資料が当該センテンスを意味的に十分支持するかは人手レビュー境界。
SENT-3410,PAR-1555,7.7.2,7,docs/7.品質を評価し改善する/7.7.End-to-end評価.md,39,39,総合点だけで改善先を決めず、retrieval、evidence selection、generation、citation、abstentionの内訳をquestion_id単位で確認します。,empirical_or_research_claim,yes,研究結果・定量値・提案内容を記述,,,,,0,uncovered,machine_mapped_requires_human_confirmation,Lean 4は台帳整合性を証明する。資料が当該センテンスを意味的に十分支持するかは人手レビュー境界。
SENT-3460,PAR-1579,7.7.4,7,docs/7.品質を評価し改善する/7.7.End-to-end評価.md,117,117,品質、遅延、費用を同時に比較し、三者のいずれかを改善するために別の要素がどれだけ変わるかを示します。,empirical_or_research_claim,yes,研究結果・定量値・提案内容を記述,,,,,0,uncovered,machine_mapped_requires_human_confirmation,Lean 4は台帳整合性を証明する。資料が当該センテンスを意味的に十分支持するかは人手レビュー境界。
SENT-3472,PAR-1584,7.7.6,7,docs/7.品質を評価し改善する/7.7.End-to-end評価.md,138,138,安全性と遅延の監視指標、割り当て比率の異常、実験中の別変更を監視します。,empirical_or_research_claim,yes,研究結果・定量値・提案内容を記述,,,,,0,uncovered,machine_mapped_requires_human_confirmation,Lean 4は台帳整合性を証明する。資料が当該センテンスを意味的に十分支持するかは人手レビュー境界。
SENT-3477,PAR-1587,FILE-INTRO,7,docs/7.品質を評価し改善する/7.8.Regression・A-B・Canary.md,6,6,平均値だけでなく、質問ごとの改善と悪化、重要スライスの下限を比較します。,empirical_or_research_claim,yes,研究結果・定量値・提案内容を記述,,,,,0,uncovered,machine_mapped_requires_human_confirmation,Lean 4は台帳整合性を証明する。資料が当該センテンスを意味的に十分支持するかは人手レビュー境界。
SENT-3505,PAR-1604,7.8.3,7,docs/7.品質を評価し改善する/7.8.Regression・A-B・Canary.md,50,50,平均が改善しても重大事例が悪化すれば公開を止めます。,empirical_or_research_claim,yes,研究結果・定量値・提案内容を記述,,,,,0,uncovered,machine_mapped_requires_human_confirmation,Lean 4は台帳整合性を証明する。資料が当該センテンスを意味的に十分支持するかは人手レビュー境界。
SENT-3512,PAR-1607,FILE-INTRO,7,docs/7.品質を評価し改善する/7.9.Traceに基づく失敗分析.md,10,10,各候補を除外した理由と構成要素の版も残し、原因に対応する改善作業を登録します。,empirical_or_research_claim,yes,研究結果・定量値・提案内容を記述,,,,,0,uncovered,machine_mapped_requires_human_confirmation,Lean 4は台帳整合性を証明する。資料が当該センテンスを意味的に十分支持するかは人手レビュー境界。
SENT-3526,PAR-1614,7.9.2,7,docs/7.品質を評価し改善する/7.9.Traceに基づく失敗分析.md,34,34,発生頻度、重大度、業務影響で改善作業を並べ、事例の集積から構成要素ごとの改善仮説を立てます。,empirical_or_research_claim,yes,研究結果・定量値・提案内容を記述,,,,,0,uncovered,machine_mapped_requires_human_confirmation,Lean 4は台帳整合性を証明する。資料が当該センテンスを意味的に十分支持するかは人手レビュー境界。
SENT-3533,PAR-1617,INTRO-7,7,docs/7.品質を評価し改善する/序文.md,3,3,最初に期待値から外れた工程を特定し、変更による改善と回帰を測ります。,empirical_or_research_claim,yes,研究結果・定量値・提案内容を記述,,,,,0,uncovered,machine_mapped_requires_human_confirmation,Lean 4は台帳整合性を証明する。資料が当該センテンスを意味的に十分支持するかは人手レビュー境界。
SENT-3534,PAR-1618,INTRO-7,7,docs/7.品質を評価し改善する/序文.md,5,5,この章を読むと決められること：評価データ、工程別指標、公開条件、回帰確認、改善の停止条件を決められます。,empirical_or_research_claim,yes,研究結果・定量値・提案内容を記述,,,,,0,uncovered,machine_mapped_requires_human_confirmation,Lean 4は台帳整合性を証明する。資料が当該センテンスを意味的に十分支持するかは人手レビュー境界。
SENT-3538,PAR-1620,INTRO-7,7,docs/7.品質を評価し改善する/序文.md,9,9,retrieval、evidence、generationを別々に測ると、改善対象と副作用を限定できます。,empirical_or_research_claim,yes,研究結果・定量値・提案内容を記述,,,,,0,uncovered,machine_mapped_requires_human_confirmation,Lean 4は台帳整合性を証明する。資料が当該センテンスを意味的に十分支持するかは人手レビュー境界。
SENT-3544,PAR-1625,8.1.1,8,docs/8.安全に運用する/8.1.セキュリティと権限制御.md,9,9,情報源、チャンク、埋め込み、インデックス、プロンプト、会話記憶、ログ、ツールの認証情報が主な保護対象です。,general_technical_claim,yes,技術の性質・機構を説明する外部検証可能な記述,,,,,0,uncovered,machine_mapped_requires_human_confirmation,Lean 4は台帳整合性を証明する。資料が当該センテンスを意味的に十分支持するかは人手レビュー境界。
SENT-3570,PAR-1636,8.1.2,8,docs/8.安全に運用する/8.1.セキュリティと権限制御.md,48,48,Securing the Agentが報告した主要実験は、3 tenantと300 documentから成るsynthetic environmentに限定されています。,empirical_or_research_claim,yes,研究結果・定量値・提案内容を記述,,,,,0,uncovered,machine_mapped_requires_human_confirmation,Lean 4は台帳整合性を証明する。資料が当該センテンスを意味的に十分支持するかは人手レビュー境界。
SENT-3600,PAR-1650,FILE-INTRO,8,docs/8.安全に運用する/8.2.プライバシーと機密情報.md,4,4,本文を非表示にするだけではなく、埋め込み、引用、ログ、外部サービスへの送信も対象にします。,general_technical_claim,yes,技術の性質・機構を説明する外部検証可能な記述,,,,,0,uncovered,machine_mapped_requires_human_confirmation,Lean 4は台帳整合性を証明する。資料が当該センテンスを意味的に十分支持するかは人手レビュー境界。
SENT-3611,PAR-1656,8.2.1,8,docs/8.安全に運用する/8.2.プライバシーと機密情報.md,23,23,Extracting Training Data from Large Language Modelsは、GPT-2からtraining textを抽出した実験により、retrieval indexとは別にgeneration modelの記憶が漏えい経路になり得ることを示しています。,empirical_or_research_claim,yes,研究結果・定量値・提案内容を記述,,,,,0,uncovered,machine_mapped_requires_human_confirmation,Lean 4は台帳整合性を証明する。資料が当該センテンスを意味的に十分支持するかは人手レビュー境界。
SENT-3612,PAR-1656,8.2.1,8,docs/8.安全に運用する/8.2.プライバシーと機密情報.md,24,24,Extracting Training Data from Large Language Modelsの結果は、GPT-2へのnon-targeted extraction attackを対象としており、現在のRAG system全般の漏えい率を表すものではありません。,empirical_or_research_claim,yes,研究結果・定量値・提案内容を記述,,,,,0,uncovered,machine_mapped_requires_human_confirmation,Lean 4は台帳整合性を証明する。資料が当該センテンスを意味的に十分支持するかは人手レビュー境界。
SENT-3618,PAR-1659,8.2.2,8,docs/8.安全に運用する/8.2.プライバシーと機密情報.md,35,35,回答生成、品質評価、利用分析、モデル改善は別の利用目的として管理します。,empirical_or_research_claim,yes,研究結果・定量値・提案内容を記述,,,,,0,uncovered,machine_mapped_requires_human_confirmation,Lean 4は台帳整合性を証明する。資料が当該センテンスを意味的に十分支持するかは人手レビュー境界。
SENT-3649,PAR-1674,8.2.5,8,docs/8.安全に運用する/8.2.プライバシーと機密情報.md,87,87,Deep Learning with Differential Privacyが与える形式的保証は同研究のtraining algorithmとprivacy accountingに対するものであり、RAGのretrievalからanswerまでを自動的に保証しません。,empirical_or_research_claim,yes,研究結果・定量値・提案内容を記述,,,,,0,uncovered,machine_mapped_requires_human_confirmation,Lean 4は台帳整合性を証明する。資料が当該センテンスを意味的に十分支持するかは人手レビュー境界。
SENT-3658,PAR-1678,8.3.1,8,docs/8.安全に運用する/8.3.Prompt injection・data poisoning対策.md,10,10,利用者が質問欄から命令を上書きしようとする攻撃を、直接プロンプトインジェクションと呼びます。,general_technical_claim,yes,技術の性質・機構を説明する外部検証可能な記述,,,,,0,uncovered,machine_mapped_requires_human_confirmation,Lean 4は台帳整合性を証明する。資料が当該センテンスを意味的に十分支持するかは人手レビュー境界。
SENT-3659,PAR-1678,8.3.1,8,docs/8.安全に運用する/8.3.Prompt injection・data poisoning対策.md,11,11,取得文書やツール結果に命令を埋める攻撃は、間接プロンプトインジェクションです。,general_technical_claim,yes,技術の性質・機構を説明する外部検証可能な記述,,,,,0,uncovered,machine_mapped_requires_human_confirmation,Lean 4は台帳整合性を証明する。資料が当該センテンスを意味的に十分支持するかは人手レビュー境界。
SENT-3664,PAR-1680,8.3.1,8,docs/8.安全に運用する/8.3.Prompt injection・data poisoning対策.md,18,18,Prompt Injection attack against LLM-integrated Applicationsは、調査対象36 serviceに文脈適応型attackを試し、31 serviceで少なくとも一種類が成功したと報告しています。,empirical_or_research_claim,yes,研究結果・定量値・提案内容を記述,,,,,0,uncovered,machine_mapped_requires_human_confirmation,Lean 4は台帳整合性を証明する。資料が当該センテンスを意味的に十分支持するかは人手レビュー境界。
SENT-3699,PAR-1696,8.3.4,8,docs/8.安全に運用する/8.3.Prompt injection・data poisoning対策.md,75,75,prompt injection試験は文字置換、多言語、不可視文字、画像、分割命令、長文埋め込みの変種を別caseとして実行します。,general_technical_claim,yes,技術の性質・機構を説明する外部検証可能な記述,,,,,0,uncovered,machine_mapped_requires_human_confirmation,Lean 4は台帳整合性を証明する。資料が当該センテンスを意味的に十分支持するかは人手レビュー境界。
SENT-3783,PAR-1738,8.5.2,8,docs/8.安全に運用する/8.5.性能と可用性.md,31,31,検索性能は、コーパス規模、フィルターに一致する割合、ベクトル次元、候補件数、距離尺度、近似検索設定の組み合わせで決まります。,general_technical_claim,yes,技術の性質・機構を説明する外部検証可能な記述,,,,,0,uncovered,machine_mapped_requires_human_confirmation,Lean 4は台帳整合性を証明する。資料が当該センテンスを意味的に十分支持するかは人手レビュー境界。
SENT-3796,PAR-1744,8.5.3,8,docs/8.安全に運用する/8.5.性能と可用性.md,52,52,同時実行数、毎秒トークン数、待ち行列の長さ、急増量、利用上限をテナント別に見積もります。,general_technical_claim,yes,技術の性質・機構を説明する外部検証可能な記述,,,,,0,uncovered,machine_mapped_requires_human_confirmation,Lean 4は台帳整合性を証明する。資料が当該センテンスを意味的に十分支持するかは人手レビュー境界。
SENT-3841,PAR-1766,8.6.3,8,docs/8.安全に運用する/8.6.コスト管理.md,38,38,候補件数、複数質問の数、検索する知識ベース数、再順位付け候補数を一つずつ変え、各要因と組合せによる費用増分を対象構成で測定します。,general_technical_claim,yes,技術の性質・機構を説明する外部検証可能な記述,,,,,0,uncovered,machine_mapped_requires_human_confirmation,Lean 4は台帳整合性を証明する。資料が当該センテンスを意味的に十分支持するかは人手レビュー境界。
SENT-3930,PAR-1808,8.8.1,8,docs/8.安全に運用する/8.8.ガバナンス.md,12,12,Towards Trustworthy Retrieval Augmented Generationのsurveyは、同surveyが収集したRAG研究のriskを、retrieval、generation、system運用など複数観点から整理しています。,empirical_or_research_claim,yes,研究結果・定量値・提案内容を記述,,,,,0,uncovered,machine_mapped_requires_human_confirmation,Lean 4は台帳整合性を証明する。資料が当該センテンスを意味的に十分支持するかは人手レビュー境界。
SENT-3934,PAR-1810,8.8.1,8,docs/8.安全に運用する/8.8.ガバナンス.md,18,18,各作業について、実行者、最終責任者、相談先、報告先を表にします。,empirical_or_research_claim,yes,研究結果・定量値・提案内容を記述,,,,,0,uncovered,machine_mapped_requires_human_confirmation,Lean 4は台帳整合性を証明する。資料が当該センテンスを意味的に十分支持するかは人手レビュー境界。
SENT-3965,PAR-1827,8.8.4,8,docs/8.安全に運用する/8.8.ガバナンス.md,72,72,利用者が誤り、不適切な回答、情報源の問題を報告し、訂正状況を確認できる経路を用意します。,empirical_or_research_claim,yes,研究結果・定量値・提案内容を記述,,,,,0,uncovered,machine_mapped_requires_human_confirmation,Lean 4は台帳整合性を証明する。資料が当該センテンスを意味的に十分支持するかは人手レビュー境界。
SENT-4028,PAR-1860,9.1.4,9,docs/9.失敗パターンに応じて高度化する/9.1.高度化は失敗パターンから選ぶ.md,79,79,成功件数だけでなく、改善しなかった事例、新たに悪化した事例、別経路へ誤って送った事例を確認します。,empirical_or_research_claim,yes,研究結果・定量値・提案内容を記述,,,,,0,uncovered,machine_mapped_requires_human_confirmation,Lean 4は台帳整合性を証明する。資料が当該センテンスを意味的に十分支持するかは人手レビュー境界。
SENT-4038,PAR-1865,9.1.5,9,docs/9.失敗パターンに応じて高度化する/9.1.高度化は失敗パターンから選ぶ.md,96,96,減らした失敗、残った失敗、新たな副作用、適用する質問の範囲をリリース報告へ記録します。,empirical_or_research_claim,yes,研究結果・定量値・提案内容を記述,,,,,0,uncovered,machine_mapped_requires_human_confirmation,Lean 4は台帳整合性を証明する。資料が当該センテンスを意味的に十分支持するかは人手レビュー境界。
SENT-4054,PAR-1873,9.10.1,9,docs/9.失敗パターンに応じて高度化する/9.10.Retrieval-aware training・RA-LLM.md,28,28,| REALM型 | 事前学習と推論 | 検索器とモデルの結合が強い |,general_technical_claim,yes,技術の性質・機構を説明する外部検証可能な記述,,,,,0,uncovered,machine_mapped_requires_human_confirmation,Lean 4は台帳整合性を証明する。資料が当該センテンスを意味的に十分支持するかは人手レビュー境界。
SENT-4056,PAR-1874,9.10.1,9,docs/9.失敗パターンに応じて高度化する/9.10.Retrieval-aware training・RA-LLM.md,31,31,結合が強いほど、アプリケーション側だけで検索器や知識を差し替えにくくなります。,general_technical_claim,yes,技術の性質・機構を説明する外部検証可能な記述,,,,,0,uncovered,machine_mapped_requires_human_confirmation,Lean 4は台帳整合性を証明する。資料が当該センテンスを意味的に十分支持するかは人手レビュー境界。
SENT-4061,PAR-1878,9.10.2,9,docs/9.失敗パターンに応じて高度化する/9.10.Retrieval-aware training・RA-LLM.md,44,44,検索器を正解根拠へ近づける、生成モデルへ根拠利用を教える、両者を共同で最適化する、という異なる学習対象があります。,general_technical_claim,yes,技術の性質・機構を説明する外部検証可能な記述,,,,,0,uncovered,machine_mapped_requires_human_confirmation,Lean 4は台帳整合性を証明する。資料が当該センテンスを意味的に十分支持するかは人手レビュー境界。
SENT-4117,PAR-1911,9.11.2,9,docs/9.失敗パターンに応じて高度化する/9.11.高度化の導入判断表.md,23,23,前提を満たさない方式は、研究上の性能にかかわらず導入候補から外します。,empirical_or_research_claim,yes,研究結果・定量値・提案内容を記述,,,,,0,uncovered,machine_mapped_requires_human_confirmation,Lean 4は台帳整合性を証明する。資料が当該センテンスを意味的に十分支持するかは人手レビュー境界。
SENT-4126,PAR-1913,9.11.2,9,docs/9.失敗パターンに応じて高度化する/9.11.高度化の導入判断表.md,35,35,| Multimodal RAG | 図表、画像、layout | ページ画像と正解領域があります | parserとcaption改善 |,empirical_or_research_claim,yes,研究結果・定量値・提案内容を記述,,,,,0,uncovered,machine_mapped_requires_human_confirmation,Lean 4は台帳整合性を証明する。資料が当該センテンスを意味的に十分支持するかは人手レビュー境界。
SENT-4138,PAR-1916,9.11.3,9,docs/9.失敗パターンに応じて高度化する/9.11.高度化の導入判断表.md,52,52,| GraphRAG | 抽出、統合、graph更新 | 関係precision・recall、経路正解、費用 | 平坦またはhybrid検索 |,general_technical_claim,yes,技術の性質・機構を説明する外部検証可能な記述,,,,,0,uncovered,machine_mapped_requires_human_confirmation,Lean 4は台帳整合性を証明する。資料が当該センテンスを意味的に十分支持するかは人手レビュー境界。
SENT-4146,PAR-1919,9.11.3,9,docs/9.失敗パターンに応じて高度化する/9.11.高度化の導入判断表.md,63,63,| 対象スライスのRecall@20 | 0.72 | 0.84 | 0.80以上 | 合格 |,general_technical_claim,yes,技術の性質・機構を説明する外部検証可能な記述,,,,,0,uncovered,machine_mapped_requires_human_confirmation,Lean 4は台帳整合性を証明する。資料が当該センテンスを意味的に十分支持するかは人手レビュー境界。
SENT-4153,PAR-1920,9.11.3,9,docs/9.失敗パターンに応じて高度化する/9.11.高度化の導入判断表.md,71,71,この例ではRecallが改善しても、支持なし主張率とp95遅延が条件を外れるため公開しません。,empirical_or_research_claim,yes,研究結果・定量値・提案内容を記述,,,,,0,uncovered,machine_mapped_requires_human_confirmation,Lean 4は台帳整合性を証明する。資料が当該センテンスを意味的に十分支持するかは人手レビュー境界。
SENT-4159,PAR-1923,9.11.4,9,docs/9.失敗パターンに応じて高度化する/9.11.高度化の導入判断表.md,79,79,高度化の完了条件は部品の実装ではなく、対象failureの改善、回帰なし、trace可能性、運用手順、rollback試験が揃うことです。,empirical_or_research_claim,yes,研究結果・定量値・提案内容を記述,,,,,0,uncovered,machine_mapped_requires_human_confirmation,Lean 4は台帳整合性を証明する。資料が当該センテンスを意味的に十分支持するかは人手レビュー境界。
SENT-4202,PAR-1946,9.2.5,9,docs/9.失敗パターンに応じて高度化する/9.2.Conversational RAG.md,79,79,これにより、検索器向けの明確さと、利用者の意図に沿った回答を両立できます。,general_technical_claim,yes,技術の性質・機構を説明する外部検証可能な記述,,,,,0,uncovered,machine_mapped_requires_human_confirmation,Lean 4は台帳整合性を証明する。資料が当該センテンスを意味的に十分支持するかは人手レビュー境界。
SENT-4333,PAR-2007,9.5.2,9,docs/9.失敗パターンに応じて高度化する/9.5.Long-context RAG.md,28,28,長文モデルを使うと、短いチャンクだけでなく、親の節、文書全体、関連文書群を検索単位または展開単位にできます。,general_technical_claim,yes,技術の性質・機構を説明する外部検証可能な記述,,,,,0,uncovered,machine_mapped_requires_human_confirmation,Lean 4は台帳整合性を証明する。資料が当該センテンスを意味的に十分支持するかは人手レビュー境界。
SENT-4393,PAR-2034,9.6.2,9,docs/9.失敗パターンに応じて高度化する/9.6.Hierarchical RAG・RAPTOR.md,37,37,最小の比較実験では、次を必須パラメーターとして固定します。,empirical_or_research_claim,yes,研究結果・定量値・提案内容を記述,,,,,0,uncovered,machine_mapped_requires_human_confirmation,Lean 4は台帳整合性を証明する。資料が当該センテンスを意味的に十分支持するかは人手レビュー境界。
SENT-4404,PAR-2041,9.6.2,9,docs/9.失敗パターンに応じて高度化する/9.6.Hierarchical RAG・RAPTOR.md,48,48,すべての原文チャンクが木のどこかに含まれること、親から子へたどれること、要約の各主張に支持する原文があることを品質判定にします。,general_technical_claim,yes,技術の性質・機構を説明する外部検証可能な記述,,,,,0,uncovered,machine_mapped_requires_human_confirmation,Lean 4は台帳整合性を証明する。資料が当該センテンスを意味的に十分支持するかは人手レビュー境界。
SENT-4405,PAR-2042,9.6.3,9,docs/9.失敗パターンに応じて高度化する/9.6.Hierarchical RAG・RAPTOR.md,52,52,すべての階層を同時に検索する方法、階層ごとに検索する方法、上から下へたどる方法、下位チャンクから親を展開する方法があります。,general_technical_claim,yes,技術の性質・機構を説明する外部検証可能な記述,,,,,0,uncovered,machine_mapped_requires_human_confirmation,Lean 4は台帳整合性を証明する。資料が当該センテンスを意味的に十分支持するかは人手レビュー境界。
SENT-4426,PAR-2052,9.6.4,9,docs/9.失敗パターンに応じて高度化する/9.6.Hierarchical RAG・RAPTOR.md,85,85,要約中の各主張を、支持する下位チャンクへ結び付けます。,general_technical_claim,yes,技術の性質・機構を説明する外部検証可能な記述,,,,,0,uncovered,machine_mapped_requires_human_confirmation,Lean 4は台帳整合性を証明する。資料が当該センテンスを意味的に十分支持するかは人手レビュー境界。
SENT-4445,PAR-2061,9.7.1,9,docs/9.失敗パターンに応じて高度化する/9.7.GraphRAG.md,28,28,graph retrievalの候補をknowledge graph、document link、citation graph、entity-chunk bipartite graph、document hierarchyへ分け、用途とedge semanticsを登録します。,general_technical_claim,yes,技術の性質・機構を説明する外部検証可能な記述,,,,,0,uncovered,machine_mapped_requires_human_confirmation,Lean 4は台帳整合性を証明する。資料が当該センテンスを意味的に十分支持するかは人手レビュー境界。
SENT-4465,PAR-2071,9.7.3,9,docs/9.失敗パターンに応じて高度化する/9.7.GraphRAG.md,62,62,自然文のベクトル検索で開始チャンクを見つけ、そこからグラフ上の周辺を展開すると、表現の違いを補えます。,general_technical_claim,yes,技術の性質・機構を説明する外部検証可能な記述,,,,,0,uncovered,machine_mapped_requires_human_confirmation,Lean 4は台帳整合性を証明する。資料が当該センテンスを意味的に十分支持するかは人手レビュー境界。
SENT-4475,PAR-2076,9.7.4,9,docs/9.失敗パターンに応じて高度化する/9.7.GraphRAG.md,79,79,ベクトル検索で開始点を探してグラフを展開する方法と、グラフで対象を絞って原文を検索する方法があります。,general_technical_claim,yes,技術の性質・機構を説明する外部検証可能な記述,,,,,0,uncovered,machine_mapped_requires_human_confirmation,Lean 4は台帳整合性を証明する。資料が当該センテンスを意味的に十分支持するかは人手レビュー境界。
SENT-4513,PAR-2095,9.8.3,9,docs/9.失敗パターンに応じて高度化する/9.8.Multimodal RAG.md,48,48,別インデックスでは媒体に合う検索器を選べ、共通空間では媒体をまたぐ検索を行いやすくなります。,general_technical_claim,yes,技術の性質・機構を説明する外部検証可能な記述,,,,,0,uncovered,machine_mapped_requires_human_confirmation,Lean 4は台帳整合性を証明する。資料が当該センテンスを意味的に十分支持するかは人手レビュー境界。
SENT-4520,PAR-2099,9.8.3,9,docs/9.失敗パターンに応じて高度化する/9.8.Multimodal RAG.md,59,59,媒体ごとに候補件数と再順位付け器を変えます。,general_technical_claim,yes,技術の性質・機構を説明する外部検証可能な記述,,,,,0,uncovered,machine_mapped_requires_human_confirmation,Lean 4は台帳整合性を証明する。資料が当該センテンスを意味的に十分支持するかは人手レビュー境界。
SENT-4522,PAR-2100,9.8.3,9,docs/9.失敗パターンに応じて高度化する/9.8.Multimodal RAG.md,62,62,複数ベクトルによるページ検索では、どの画像領域が質問へ反応したかを保持します。,general_technical_claim,yes,技術の性質・機構を説明する外部検証可能な記述,,,,,0,uncovered,machine_mapped_requires_human_confirmation,Lean 4は台帳整合性を証明する。資料が当該センテンスを意味的に十分支持するかは人手レビュー境界。
SENT-4530,PAR-2104,9.8.4,9,docs/9.失敗パターンに応じて高度化する/9.8.Multimodal RAG.md,76,76,媒体横断graphを生成して検索する方式は新規提案として扱い、対象媒体・taskでの独立追試を確認できるまでは一般的な有効性を前提にしません。,empirical_or_research_claim,yes,研究結果・定量値・提案内容を記述,,,,,0,uncovered,machine_mapped_requires_human_confirmation,Lean 4は台帳整合性を証明する。資料が当該センテンスを意味的に十分支持するかは人手レビュー境界。
SENT-4550,PAR-2113,9.8.5,9,docs/9.失敗パターンに応じて高度化する/9.8.Multimodal RAG.md,107,107,視覚情報が品質改善に必要な質問だけをマルチモーダル経路へ送ります。,empirical_or_research_claim,yes,研究結果・定量値・提案内容を記述,,,,,0,uncovered,machine_mapped_requires_human_confirmation,Lean 4は台帳整合性を証明する。資料が当該センテンスを意味的に十分支持するかは人手レビュー境界。
SENT-4588,PAR-2136,9.9.4,9,docs/9.失敗パターンに応じて高度化する/9.9.Agentic RAG.md,73,73,最大手順数、ツール呼び出し数、終了期限、トークン上限、金額上限、許可するツール順序を設定します。,general_technical_claim,yes,技術の性質・機構を説明する外部検証可能な記述,,,,,0,uncovered,machine_mapped_requires_human_confirmation,Lean 4は台帳整合性を証明する。資料が当該センテンスを意味的に十分支持するかは人手レビュー境界。
SENT-4620,PAR-2151,9.9.7,9,docs/9.失敗パターンに応じて高度化する/9.9.Agentic RAG.md,126,126,本書では、査読付き研究と追試が蓄積している一つのエージェントによる検索と推論の反復までを扱います。,empirical_or_research_claim,yes,研究結果・定量値・提案内容を記述,,,,,0,uncovered,machine_mapped_requires_human_confirmation,Lean 4は台帳整合性を証明する。資料が当該センテンスを意味的に十分支持するかは人手レビュー境界。
SENT-4630,PAR-2156,INTRO-9,9,docs/9.失敗パターンに応じて高度化する/序文.md,12,12,> 研究上の位置づけ,empirical_or_research_claim,yes,研究結果・定量値・提案内容を記述,,,,,0,uncovered,machine_mapped_requires_human_confirmation,Lean 4は台帳整合性を証明する。資料が当該センテンスを意味的に十分支持するかは人手レビュー境界。
SENT-4632,PAR-2156,INTRO-9,9,docs/9.失敗パターンに応じて高度化する/序文.md,14,14,> ここからの一覧は、各方式を掲載した研究上の根拠と、本書が一般化しない範囲を示す補足です。,empirical_or_research_claim,yes,研究結果・定量値・提案内容を記述,,,,,0,uncovered,machine_mapped_requires_human_confirmation,Lean 4は台帳整合性を証明する。資料が当該センテンスを意味的に十分支持するかは人手レビュー境界。
SENT-4729,PAR-2241,FILE-INTRO,章構成,docs/章構成.md,109,109,7.2. 評価データセット,empirical_or_research_claim,yes,研究結果・定量値・提案内容を記述,,,,,0,uncovered,machine_mapped_requires_human_confirmation,Lean 4は台帳整合性を証明する。資料が当該センテンスを意味的に十分支持するかは人手レビュー境界。
SENT-4738,PAR-2250,FILE-INTRO,章構成,docs/章構成.md,118,118,G7-D 改善統制,empirical_or_research_claim,yes,研究結果・定量値・提案内容を記述,,,,,0,uncovered,machine_mapped_requires_human_confirmation,Lean 4は台帳整合性を証明する。資料が当該センテンスを意味的に十分支持するかは人手レビュー境界。
SENT-4740,PAR-2252,FILE-INTRO,章構成,docs/章構成.md,120,120,7.10. 改善ループ,empirical_or_research_claim,yes,研究結果・定量値・提案内容を記述,,,,,0,uncovered,machine_mapped_requires_human_confirmation,Lean 4は台帳整合性を証明する。資料が当該センテンスを意味的に十分支持するかは人手レビュー境界。
