check_id,layer,tool,tool_version,parameters,result,observed
CHK-001,型検査,Quint,0.32.0,typecheck,合格,exit 0
CHK-002,決定的シナリオ,Quint TypeScript backend,0.32.0,max-samples=1; seed=0x726167,合格,19 passing
CHK-003,ランダムトレース,Quint TypeScript backend,0.32.0,max-samples=5000; max-steps=12; seed=0x726167,合格,No violation found; trace length max=13
CHK-004,境界付き状態空間検査,Quint + Apalache,0.32.0 + 0.56.1,max-steps=12; invariant=allInvariants,合格,No violation found; 16 verification conditions
CHK-005,センテンス根拠台帳,Python,3.12,check_evidence_coverage.py,合格,required=1067; covered=474; uncovered=593
CHK-006,Lean台帳証明,Lean,4.30.0,lake build; 13 #print axioms,合格,no axioms reported
CHK-007,具体技術シナリオ,Quint TypeScript backend,0.32.0,14 scenarios; seed=0x726167,合格,14 passing
CHK-008,具体技術ランダムトレース,Quint TypeScript backend,0.32.0,max-samples=5000; max-steps=12,合格,No violation found
CHK-009,具体技術境界付き検査,Quint + Apalache,0.32.0 + 0.56.1,max-steps=3; invariant=allInvariants,合格,No violation found; 13 verification conditions
